state,year,month,month_name,period_type,requirement_mu,supplied_mu,deficit_mu,deficit_pct,is_region_total,is_grand_total,source_file
Chandigarh,2016,5,May,monthly,173.0,173.0,0.0,0.0,False,False,psp_energy-2016-05.pdf
Chandigarh,2016,5,May,cumulative_fy,304.0,304.0,0.0,0.0,False,False,psp_energy-2016-05.pdf
Delhi,2016,5,May,monthly,3287.0,3281.0,-6.0,-0.2,False,False,psp_energy-2016-05.pdf
Delhi,2016,5,May,cumulative_fy,5915.0,5906.0,-9.0,-0.2,False,False,psp_energy-2016-05.pdf
Haryana,2016,5,May,monthly,4196.0,4196.0,0.0,0.0,False,False,psp_energy-2016-05.pdf
Haryana,2016,5,May,cumulative_fy,7813.0,7813.0,0.0,0.0,False,False,psp_energy-2016-05.pdf
Himachal Pradesh,2016,5,May,monthly,750.0,748.0,-3.0,-0.4,False,False,psp_energy-2016-05.pdf
Himachal Pradesh,2016,5,May,cumulative_fy,1422.0,1413.0,-9.0,-0.6,False,False,psp_energy-2016-05.pdf
Jammu & Kashmir,2016,5,May,monthly,1540.0,1231.0,-308.0,-20.0,False,False,psp_energy-2016-05.pdf
Jammu & Kashmir,2016,5,May,cumulative_fy,2972.0,2457.0,-515.0,-17.3,False,False,psp_energy-2016-05.pdf
Punjab,2016,5,May,monthly,4734.0,4734.0,0.0,0.0,False,False,psp_energy-2016-05.pdf
Punjab,2016,5,May,cumulative_fy,8115.0,8115.0,0.0,0.0,False,False,psp_energy-2016-05.pdf
Rajasthan,2016,5,May,monthly,5941.0,5932.0,-8.0,-0.1,False,False,psp_energy-2016-05.pdf
Rajasthan,2016,5,May,cumulative_fy,11268.0,11251.0,-17.0,-0.2,False,False,psp_energy-2016-05.pdf
Uttar Pradesh,2016,5,May,monthly,9312.0,9176.0,-137.0,-1.5,False,False,psp_energy-2016-05.pdf
Uttar Pradesh,2016,5,May,cumulative_fy,18510.0,17741.0,-769.0,-4.2,False,False,psp_energy-2016-05.pdf
Uttarakhand,2016,5,May,monthly,1159.0,1151.0,-8.0,-0.7,False,False,psp_energy-2016-05.pdf
Uttarakhand,2016,5,May,cumulative_fy,2240.0,2223.0,-17.0,-0.8,False,False,psp_energy-2016-05.pdf
Northern Region,2016,5,May,monthly,31092.0,30621.0,-470.0,-1.5,True,False,psp_energy-2016-05.pdf
Northern Region,2016,5,May,cumulative_fy,58560.0,57224.0,-1336.0,-2.3,True,False,psp_energy-2016-05.pdf
Chhattisgarh,2016,5,May,monthly,2042.0,2041.0,-2.0,-0.1,False,False,psp_energy-2016-05.pdf
Chhattisgarh,2016,5,May,cumulative_fy,4291.0,4278.0,-13.0,-0.3,False,False,psp_energy-2016-05.pdf
Gujarat,2016,5,May,monthly,9736.0,9736.0,0.0,0.0,False,False,psp_energy-2016-05.pdf
Gujarat,2016,5,May,cumulative_fy,18923.0,18923.0,0.0,0.0,False,False,psp_energy-2016-05.pdf
Madhya Pradesh,2016,5,May,monthly,5239.0,5239.0,0.0,0.0,False,False,psp_energy-2016-05.pdf
Madhya Pradesh,2016,5,May,cumulative_fy,10798.0,10797.0,-1.0,0.0,False,False,psp_energy-2016-05.pdf
Maharashtra,2016,5,May,monthly,12556.0,12539.0,-17.0,-0.1,False,False,psp_energy-2016-05.pdf
Maharashtra,2016,5,May,cumulative_fy,25180.0,25162.0,-18.0,-0.1,False,False,psp_energy-2016-05.pdf
Daman & Diu,2016,5,May,monthly,199.0,199.0,0.0,0.0,False,False,psp_energy-2016-05.pdf
Daman & Diu,2016,5,May,cumulative_fy,398.0,398.0,0.0,0.0,False,False,psp_energy-2016-05.pdf
Dadra & Nagar Haveli,2016,5,May,monthly,517.0,517.0,0.0,0.0,False,False,psp_energy-2016-05.pdf
Dadra & Nagar Haveli,2016,5,May,cumulative_fy,1012.0,1012.0,0.0,0.0,False,False,psp_energy-2016-05.pdf
Goa,2016,5,May,monthly,429.0,427.0,-2.0,-0.6,False,False,psp_energy-2016-05.pdf
Goa,2016,5,May,cumulative_fy,851.0,849.0,-2.0,-0.2,False,False,psp_energy-2016-05.pdf
Western Region,2016,5,May,monthly,30718.0,30696.0,-21.0,-0.1,True,False,psp_energy-2016-05.pdf
Western Region,2016,5,May,cumulative_fy,61455.0,61421.0,-34.0,-0.1,True,False,psp_energy-2016-05.pdf
Andhra Pradesh,2016,5,May,monthly,4445.0,4445.0,0.0,0.0,False,False,psp_energy-2016-05.pdf
Andhra Pradesh,2016,5,May,cumulative_fy,9173.0,9139.0,-34.0,-0.4,False,False,psp_energy-2016-05.pdf
Telangana,2016,5,May,monthly,3853.0,3853.0,0.0,0.0,False,False,psp_energy-2016-05.pdf
Telangana,2016,5,May,cumulative_fy,8348.0,8345.0,-3.0,0.0,False,False,psp_energy-2016-05.pdf
Karnataka,2016,5,May,monthly,5459.0,5459.0,0.0,0.0,False,False,psp_energy-2016-05.pdf
Karnataka,2016,5,May,cumulative_fy,11789.0,11562.0,-227.0,-1.9,False,False,psp_energy-2016-05.pdf
Kerala,2016,5,May,monthly,2181.0,2178.0,-3.0,-0.1,False,False,psp_energy-2016-05.pdf
Kerala,2016,5,May,cumulative_fy,4523.0,4505.0,-18.0,-0.4,False,False,psp_energy-2016-05.pdf
Tamil Nadu,2016,5,May,monthly,9133.0,9133.0,0.0,0.0,False,False,psp_energy-2016-05.pdf
Tamil Nadu,2016,5,May,cumulative_fy,18755.0,18749.0,-6.0,0.0,False,False,psp_energy-2016-05.pdf
Puducherry,2016,5,May,monthly,229.0,229.0,0.0,0.0,False,False,psp_energy-2016-05.pdf
Puducherry,2016,5,May,cumulative_fy,462.0,462.0,0.0,0.0,False,False,psp_energy-2016-05.pdf
Lakshadweep,2016,5,May,monthly,4.0,4.0,0.0,0.0,False,False,psp_energy-2016-05.pdf
Lakshadweep,2016,5,May,cumulative_fy,8.0,8.0,0.0,0.0,False,False,psp_energy-2016-05.pdf
Southern Region,2016,5,May,monthly,25300.0,25297.0,-3.0,0.0,True,False,psp_energy-2016-05.pdf
Southern Region,2016,5,May,cumulative_fy,53051.0,52762.0,-289.0,-0.5,True,False,psp_energy-2016-05.pdf
Bihar,2016,5,May,monthly,2475.0,2459.0,-16.0,-0.6,False,False,psp_energy-2016-05.pdf
Bihar,2016,5,May,cumulative_fy,4724.0,4596.0,-128.0,-2.7,False,False,psp_energy-2016-05.pdf
DVC,2016,5,May,monthly,1466.0,1454.0,-12.0,-0.8,False,False,psp_energy-2016-05.pdf
DVC,2016,5,May,cumulative_fy,3092.0,3069.0,-23.0,-0.7,False,False,psp_energy-2016-05.pdf
Jharkhand,2016,5,May,monthly,708.0,708.0,0.0,0.0,False,False,psp_energy-2016-05.pdf
Jharkhand,2016,5,May,cumulative_fy,1426.0,1420.0,-6.0,-0.4,False,False,psp_energy-2016-05.pdf
Odisha,2016,5,May,monthly,2489.0,2489.0,0.0,0.0,False,False,psp_energy-2016-05.pdf
Odisha,2016,5,May,cumulative_fy,4878.0,4876.0,-2.0,0.0,False,False,psp_energy-2016-05.pdf
West Bengal,2016,5,May,monthly,3977.0,3950.0,-27.0,-0.7,False,False,psp_energy-2016-05.pdf
West Bengal,2016,5,May,cumulative_fy,8571.0,8524.0,-47.0,-0.5,False,False,psp_energy-2016-05.pdf
Sikkim,2016,5,May,monthly,43.0,43.0,0.0,0.0,False,False,psp_energy-2016-05.pdf
Sikkim,2016,5,May,cumulative_fy,80.0,80.0,0.0,0.0,False,False,psp_energy-2016-05.pdf
Andaman & Nicobar,2016,5,May,monthly,20.0,15.0,-5.0,-25.0,False,False,psp_energy-2016-05.pdf
Andaman & Nicobar,2016,5,May,cumulative_fy,40.0,30.0,-10.0,-25.0,False,False,psp_energy-2016-05.pdf
Eastern Region,2016,5,May,monthly,11158.0,11104.0,-54.0,-0.5,True,False,psp_energy-2016-05.pdf
Eastern Region,2016,5,May,cumulative_fy,22771.0,22565.0,-206.0,-0.9,True,False,psp_energy-2016-05.pdf
Arunachal Pradesh,2016,5,May,monthly,54.0,52.0,-2.0,-3.7,False,False,psp_energy-2016-05.pdf
Arunachal Pradesh,2016,5,May,cumulative_fy,108.0,105.0,-3.0,-2.8,False,False,psp_energy-2016-05.pdf
Assam,2016,5,May,monthly,733.0,690.0,-43.0,-5.9,False,False,psp_energy-2016-05.pdf
Assam,2016,5,May,cumulative_fy,1367.0,1269.0,-98.0,-7.2,False,False,psp_energy-2016-05.pdf
Manipur,2016,5,May,monthly,58.0,55.0,-3.0,-5.1,False,False,psp_energy-2016-05.pdf
Manipur,2016,5,May,cumulative_fy,112.0,106.0,-6.0,-5.4,False,False,psp_energy-2016-05.pdf
Meghalaya,2016,5,May,monthly,130.0,130.0,0.0,0.0,False,False,psp_energy-2016-05.pdf
Meghalaya,2016,5,May,cumulative_fy,250.0,250.0,0.0,0.0,False,False,psp_energy-2016-05.pdf
Mizoram,2016,5,May,monthly,39.0,38.0,-1.0,-3.6,False,False,psp_energy-2016-05.pdf
Mizoram,2016,5,May,cumulative_fy,80.0,78.0,-2.0,-2.5,False,False,psp_energy-2016-05.pdf
Nagaland,2016,5,May,monthly,56.0,54.0,-2.0,-2.7,False,False,psp_energy-2016-05.pdf
Nagaland,2016,5,May,cumulative_fy,109.0,106.0,-3.0,-2.8,False,False,psp_energy-2016-05.pdf
Tripura,2016,5,May,monthly,105.0,99.0,-6.0,-5.6,False,False,psp_energy-2016-05.pdf
Tripura,2016,5,May,cumulative_fy,250.0,241.0,-9.0,-3.6,False,False,psp_energy-2016-05.pdf
North-Eastern Region,2016,5,May,monthly,1175.0,1118.0,-57.0,-4.9,True,False,psp_energy-2016-05.pdf
North-Eastern Region,2016,5,May,cumulative_fy,2277.0,2154.0,-123.0,-5.4,True,False,psp_energy-2016-05.pdf
All India,2016,5,May,monthly,99442.0,98836.0,-606.0,-0.6,False,True,psp_energy-2016-05.pdf
All India,2016,5,May,cumulative_fy,198113.0,196126.0,-1987.0,-1.0,False,True,psp_energy-2016-05.pdf
Chandigarh,2016,6,June,monthly,185.0,185.0,0.0,0.0,False,False,psp_energy-2016-06.pdf
Chandigarh,2016,6,June,cumulative_fy,489.0,489.0,0.0,0.0,False,False,psp_energy-2016-06.pdf
Delhi,2016,6,June,monthly,3498.0,3491.0,-7.0,-0.2,False,False,psp_energy-2016-06.pdf
Delhi,2016,6,June,cumulative_fy,9413.0,9397.0,-16.0,-0.2,False,False,psp_energy-2016-06.pdf
Haryana,2016,6,June,monthly,4798.0,4798.0,0.0,0.0,False,False,psp_energy-2016-06.pdf
Haryana,2016,6,June,cumulative_fy,12611.0,12611.0,0.0,0.0,False,False,psp_energy-2016-06.pdf
Himachal Pradesh,2016,6,June,monthly,747.0,743.0,-3.0,-0.5,False,False,psp_energy-2016-06.pdf
Himachal Pradesh,2016,6,June,cumulative_fy,2169.0,2156.0,-13.0,-0.6,False,False,psp_energy-2016-06.pdf
Jammu & Kashmir,2016,6,June,monthly,1431.0,1143.0,-288.0,-20.1,False,False,psp_energy-2016-06.pdf
Jammu & Kashmir,2016,6,June,cumulative_fy,4403.0,3600.0,-803.0,-18.2,False,False,psp_energy-2016-06.pdf
Punjab,2016,6,June,monthly,5997.0,5997.0,0.0,0.0,False,False,psp_energy-2016-06.pdf
Punjab,2016,6,June,cumulative_fy,14112.0,14112.0,0.0,0.0,False,False,psp_energy-2016-06.pdf
Rajasthan,2016,6,June,monthly,5916.0,5910.0,-5.0,-0.1,False,False,psp_energy-2016-06.pdf
Rajasthan,2016,6,June,cumulative_fy,17184.0,17161.0,-23.0,-0.1,False,False,psp_energy-2016-06.pdf
Uttar Pradesh,2016,6,June,monthly,,9593.0,-130.0,-1.3,False,False,psp_energy-2016-06.pdf
Uttar Pradesh,2016,6,June,cumulative_fy,28233.0,27334.0,-899.0,-3.2,False,False,psp_energy-2016-06.pdf
Uttarakhand,2016,6,June,monthly,,1175.0,-8.0,-0.7,False,False,psp_energy-2016-06.pdf
Uttarakhand,2016,6,June,cumulative_fy,3423.0,3398.0,-25.0,-0.7,False,False,psp_energy-2016-06.pdf
Northern Region,2016,6,June,monthly,,,-442.0,-1.3,True,False,psp_energy-2016-06.pdf
Northern Region,2016,6,June,cumulative_fy,92037.0,90259.0,-1778.0,-1.9,True,False,psp_energy-2016-06.pdf
Chhattisgarh,2016,6,June,monthly,1882.0,1865.0,-16.0,-0.9,False,False,psp_energy-2016-06.pdf
Chhattisgarh,2016,6,June,cumulative_fy,6173.0,6143.0,-30.0,-0.5,False,False,psp_energy-2016-06.pdf
Gujarat,2016,6,June,monthly,9369.0,9369.0,0.0,0.0,False,False,psp_energy-2016-06.pdf
Gujarat,2016,6,June,cumulative_fy,28292.0,28292.0,0.0,0.0,False,False,psp_energy-2016-06.pdf
Madhya Pradesh,2016,6,June,monthly,4773.0,4773.0,0.0,0.0,False,False,psp_energy-2016-06.pdf
Madhya Pradesh,2016,6,June,cumulative_fy,15571.0,15570.0,-1.0,0.0,False,False,psp_energy-2016-06.pdf
Maharashtra,2016,6,June,monthly,11470.0,11451.0,-19.0,-0.2,False,False,psp_energy-2016-06.pdf
Maharashtra,2016,6,June,cumulative_fy,36650.0,36613.0,-37.0,-0.1,False,False,psp_energy-2016-06.pdf
Daman & Diu,2016,6,June,monthly,207.0,207.0,0.0,0.0,False,False,psp_energy-2016-06.pdf
Daman & Diu,2016,6,June,cumulative_fy,605.0,605.0,0.0,0.0,False,False,psp_energy-2016-06.pdf
Dadra & Nagar Haveli,2016,6,June,monthly,512.0,512.0,0.0,0.0,False,False,psp_energy-2016-06.pdf
Dadra & Nagar Haveli,2016,6,June,cumulative_fy,1524.0,1524.0,0.0,0.0,False,False,psp_energy-2016-06.pdf
Goa,2016,6,June,monthly,420.0,420.0,0.0,0.0,False,False,psp_energy-2016-06.pdf
Goa,2016,6,June,cumulative_fy,1271.0,1269.0,-2.0,-0.2,False,False,psp_energy-2016-06.pdf
Western Region,2016,6,June,monthly,28633.0,28598.0,-35.0,-0.1,True,False,psp_energy-2016-06.pdf
Western Region,2016,6,June,cumulative_fy,90088.0,90019.0,-69.0,-0.1,True,False,psp_energy-2016-06.pdf
Andhra Pradesh,2016,6,June,monthly,3940.0,3939.0,-1.0,0.0,False,False,psp_energy-2016-06.pdf
Andhra Pradesh,2016,6,June,cumulative_fy,13113.0,13078.0,-35.0,-0.3,False,False,psp_energy-2016-06.pdf
Telangana,2016,6,June,monthly,3609.0,3607.0,-1.0,0.0,False,False,psp_energy-2016-06.pdf
Telangana,2016,6,June,cumulative_fy,11957.0,11952.0,-5.0,0.0,False,False,psp_energy-2016-06.pdf
Karnataka,2016,6,June,monthly,4408.0,4407.0,-1.0,0.0,False,False,psp_energy-2016-06.pdf
Karnataka,2016,6,June,cumulative_fy,16197.0,15969.0,-228.0,-1.4,False,False,psp_energy-2016-06.pdf
Kerala,2016,6,June,monthly,1796.0,1795.0,-1.0,-0.1,False,False,psp_energy-2016-06.pdf
Kerala,2016,6,June,cumulative_fy,6319.0,6300.0,-19.0,-0.3,False,False,psp_energy-2016-06.pdf
Tamil Nadu,2016,6,June,monthly,8729.0,8727.0,-2.0,0.0,False,False,psp_energy-2016-06.pdf
Tamil Nadu,2016,6,June,cumulative_fy,27484.0,27476.0,-8.0,0.0,False,False,psp_energy-2016-06.pdf
Puducherry,2016,6,June,monthly,218.0,217.0,0.0,-0.1,False,False,psp_energy-2016-06.pdf
Puducherry,2016,6,June,cumulative_fy,680.0,679.0,-1.0,-0.1,False,False,psp_energy-2016-06.pdf
Lakshadweep,2016,6,June,monthly,4.0,4.0,0.0,0.0,False,False,psp_energy-2016-06.pdf
Lakshadweep,2016,6,June,cumulative_fy,12.0,12.0,0.0,0.0,False,False,psp_energy-2016-06.pdf
Southern Region,2016,6,June,monthly,22700.0,22693.0,-7.0,0.0,True,False,psp_energy-2016-06.pdf
Southern Region,2016,6,June,cumulative_fy,75751.0,75455.0,-296.0,-0.4,True,False,psp_energy-2016-06.pdf
Bihar,2016,6,June,monthly,2127.0,2112.0,-15.0,-0.7,False,False,psp_energy-2016-06.pdf
Bihar,2016,6,June,cumulative_fy,6851.0,6708.0,-143.0,-2.1,False,False,psp_energy-2016-06.pdf
DVC,2016,6,June,monthly,1331.0,1319.0,-12.0,-0.9,False,False,psp_energy-2016-06.pdf
DVC,2016,6,June,cumulative_fy,4423.0,4388.0,-35.0,-0.8,False,False,psp_energy-2016-06.pdf
Jharkhand,2016,6,June,monthly,616.0,613.0,-2.0,-0.4,False,False,psp_energy-2016-06.pdf
Jharkhand,2016,6,June,cumulative_fy,2042.0,2033.0,-9.0,-0.4,False,False,psp_energy-2016-06.pdf
Odisha,2016,6,June,monthly,2341.0,2341.0,0.0,0.0,False,False,psp_energy-2016-06.pdf
Odisha,2016,6,June,cumulative_fy,7219.0,7217.0,-2.0,0.0,False,False,psp_energy-2016-06.pdf
West Bengal,2016,6,June,monthly,4251.0,4238.0,-14.0,-0.3,False,False,psp_energy-2016-06.pdf
West Bengal,2016,6,June,cumulative_fy,12822.0,12762.0,-60.0,-0.5,False,False,psp_energy-2016-06.pdf
Sikkim,2016,6,June,monthly,36.0,36.0,0.0,0.0,False,False,psp_energy-2016-06.pdf
Sikkim,2016,6,June,cumulative_fy,116.0,116.0,0.0,0.0,False,False,psp_energy-2016-06.pdf
Andaman & Nicobar,2016,6,June,monthly,20.0,15.0,-5.0,-25.0,False,False,psp_energy-2016-06.pdf
Andaman & Nicobar,2016,6,June,cumulative_fy,60.0,45.0,-15.0,-25.0,False,False,psp_energy-2016-06.pdf
Eastern Region,2016,6,June,monthly,10703.0,10659.0,-44.0,-0.4,True,False,psp_energy-2016-06.pdf
Eastern Region,2016,6,June,cumulative_fy,33474.0,33224.0,-250.0,-0.7,True,False,psp_energy-2016-06.pdf
Arunachal Pradesh,2016,6,June,monthly,57.0,55.0,-2.0,-2.8,False,False,psp_energy-2016-06.pdf
Arunachal Pradesh,2016,6,June,cumulative_fy,165.0,160.0,-5.0,-3.0,False,False,psp_energy-2016-06.pdf
Assam,2016,6,June,monthly,854.0,823.0,-31.0,-3.7,False,False,psp_energy-2016-06.pdf
Assam,2016,6,June,cumulative_fy,2221.0,2092.0,-129.0,-5.8,False,False,psp_energy-2016-06.pdf
Manipur,2016,6,June,monthly,59.0,57.0,-2.0,-2.6,False,False,psp_energy-2016-06.pdf
Manipur,2016,6,June,cumulative_fy,171.0,163.0,-8.0,-4.7,False,False,psp_energy-2016-06.pdf
Meghalaya,2016,6,June,monthly,142.0,142.0,0.0,0.0,False,False,psp_energy-2016-06.pdf
Meghalaya,2016,6,June,cumulative_fy,392.0,392.0,0.0,0.0,False,False,psp_energy-2016-06.pdf
Mizoram,2016,6,June,monthly,39.0,38.0,-1.0,-2.2,False,False,psp_energy-2016-06.pdf
Mizoram,2016,6,June,cumulative_fy,119.0,116.0,-3.0,-2.5,False,False,psp_energy-2016-06.pdf
Nagaland,2016,6,June,monthly,59.0,58.0,-1.0,-1.9,False,False,psp_energy-2016-06.pdf
Nagaland,2016,6,June,cumulative_fy,168.0,164.0,-4.0,-2.4,False,False,psp_energy-2016-06.pdf
Tripura,2016,6,June,monthly,,,-2.0,-1.4,False,False,psp_energy-2016-06.pdf
Tripura,2016,6,June,cumulative_fy,372.0,361.0,-11.0,-3.0,False,False,psp_energy-2016-06.pdf
North-Eastern Region,2016,6,June,monthly,,,-38.0,-2.9,True,False,psp_energy-2016-06.pdf
North-Eastern Region,2016,6,June,cumulative_fy,3607.0,3446.0,-161.0,-4.5,True,False,psp_energy-2016-06.pdf
All India,2016,6,June,monthly,96843.0,96277.0,-566.0,-0.6,False,True,psp_energy-2016-06.pdf
All India,2016,6,June,cumulative_fy,294956.0,292403.0,-2553.0,-0.9,False,True,psp_energy-2016-06.pdf
Chandigarh,2017,2,February,monthly,93.0,93.0,0.0,0.0,False,False,psp_energy-2017-02.pdf
Chandigarh,2017,2,February,cumulative_fy,1541.0,1541.0,0.0,0.0,False,False,psp_energy-2017-02.pdf
Delhi,2017,2,February,monthly,1711.0,1710.0,-1.0,0.0,False,False,psp_energy-2017-02.pdf
Delhi,2017,2,February,cumulative_fy,28863.0,28832.0,-31.0,-0.1,False,False,psp_energy-2017-02.pdf
Haryana,2017,2,February,monthly,3253.0,3253.0,0.0,0.0,False,False,psp_energy-2017-02.pdf
Haryana,2017,2,February,cumulative_fy,45324.0,45324.0,0.0,0.0,False,False,psp_energy-2017-02.pdf
Himachal Pradesh,2017,2,February,monthly,695.0,693.0,-2.0,-0.3,False,False,psp_energy-2017-02.pdf
Himachal Pradesh,2017,2,February,cumulative_fy,8081.0,8031.0,-50.0,-0.6,False,False,psp_energy-2017-02.pdf
Jammu & Kashmir,2017,2,February,monthly,1469.0,1188.0,-281.0,-19.1,False,False,psp_energy-2017-02.pdf
Jammu & Kashmir,2017,2,February,cumulative_fy,15929.0,12887.0,-3042.0,-19.1,False,False,psp_energy-2017-02.pdf
Punjab,2017,2,February,monthly,2985.0,2985.0,0.0,0.0,False,False,psp_energy-2017-02.pdf
Punjab,2017,2,February,cumulative_fy,49729.0,49729.0,0.0,0.0,False,False,psp_energy-2017-02.pdf
Rajasthan,2017,2,February,monthly,5696.0,5669.0,-26.0,-0.5,False,False,psp_energy-2017-02.pdf
Rajasthan,2017,2,February,cumulative_fy,62289.0,61868.0,-421.0,-0.7,False,False,psp_energy-2017-02.pdf
Uttar Pradesh,2017,2,February,monthly,7850.0,7788.0,-62.0,-0.8,False,False,psp_energy-2017-02.pdf
Uttar Pradesh,2017,2,February,cumulative_fy,98683.0,96880.0,-1803.0,-1.8,False,False,psp_energy-2017-02.pdf
Uttarakhand,2017,2,February,monthly,985.0,979.0,-6.0,-0.6,False,False,psp_energy-2017-02.pdf
Uttarakhand,2017,2,February,cumulative_fy,12013.0,11937.0,-76.0,-0.6,False,False,psp_energy-2017-02.pdf
Northern Region,2017,2,February,monthly,24736.0,24358.0,-378.0,-1.5,True,False,psp_energy-2017-02.pdf
Northern Region,2017,2,February,cumulative_fy,322453.0,317033.0,-5420.0,-1.7,True,False,psp_energy-2017-02.pdf
Chhattisgarh,2017,2,February,monthly,1924.0,1924.0,0.0,0.0,False,False,psp_energy-2017-02.pdf
Chhattisgarh,2017,2,February,cumulative_fy,21436.0,21383.0,-53.0,-0.2,False,False,psp_energy-2017-02.pdf
Gujarat,2017,2,February,monthly,8055.0,8055.0,0.0,0.0,False,False,psp_energy-2017-02.pdf
Gujarat,2017,2,February,cumulative_fy,94366.0,94365.0,-1.0,0.0,False,False,psp_energy-2017-02.pdf
Madhya Pradesh,2017,2,February,monthly,5482.0,5482.0,0.0,0.0,False,False,psp_energy-2017-02.pdf
Madhya Pradesh,2017,2,February,cumulative_fy,60395.0,60394.0,-1.0,0.0,False,False,psp_energy-2017-02.pdf
Maharashtra,2017,2,February,monthly,10972.0,10968.0,-3.0,0.0,False,False,psp_energy-2017-02.pdf
Maharashtra,2017,2,February,cumulative_fy,126521.0,126462.0,-59.0,0.0,False,False,psp_energy-2017-02.pdf
Daman & Diu,2017,2,February,monthly,188.0,188.0,0.0,0.0,False,False,psp_energy-2017-02.pdf
Daman & Diu,2017,2,February,cumulative_fy,2184.0,2184.0,0.0,0.0,False,False,psp_energy-2017-02.pdf
Dadra & Nagar Haveli,2017,2,February,monthly,469.0,469.0,0.0,0.0,False,False,psp_energy-2017-02.pdf
Dadra & Nagar Haveli,2017,2,February,cumulative_fy,5514.0,5514.0,0.0,0.0,False,False,psp_energy-2017-02.pdf
Goa,2017,2,February,monthly,309.0,309.0,0.0,0.0,False,False,psp_energy-2017-02.pdf
Goa,2017,2,February,cumulative_fy,3972.0,3970.0,-2.0,-0.1,False,False,psp_energy-2017-02.pdf
Western Region,2017,2,February,monthly,27399.0,27395.0,-3.0,0.0,True,False,psp_energy-2017-02.pdf
Western Region,2017,2,February,cumulative_fy,314387.0,314275.0,-112.0,0.0,True,False,psp_energy-2017-02.pdf
Andhra Pradesh,2017,2,February,monthly,4410.0,4410.0,0.0,0.0,False,False,psp_energy-2017-02.pdf
Andhra Pradesh,2017,2,February,cumulative_fy,49242.0,49201.0,-41.0,-0.1,False,False,psp_energy-2017-02.pdf
Telangana,2017,2,February,monthly,4728.0,4728.0,0.0,0.0,False,False,psp_energy-2017-02.pdf
Telangana,2017,2,February,cumulative_fy,47577.0,47567.0,-10.0,0.0,False,False,psp_energy-2017-02.pdf
Karnataka,2017,2,February,monthly,5713.0,5713.0,0.0,0.0,False,False,psp_energy-2017-02.pdf
Karnataka,2017,2,February,cumulative_fy,60319.0,59964.0,-355.0,-0.6,False,False,psp_energy-2017-02.pdf
Kerala,2017,2,February,monthly,1921.0,1920.0,-1.0,-0.1,False,False,psp_energy-2017-02.pdf
Kerala,2017,2,February,cumulative_fy,22069.0,22035.0,-34.0,-0.2,False,False,psp_energy-2017-02.pdf
Tamil Nadu,2017,2,February,monthly,7735.0,7735.0,0.0,0.0,False,False,psp_energy-2017-02.pdf
Tamil Nadu,2017,2,February,cumulative_fy,95275.0,95256.0,-19.0,0.0,False,False,psp_energy-2017-02.pdf
Puducherry,2017,2,February,monthly,182.0,182.0,0.0,-0.1,False,False,psp_energy-2017-02.pdf
Puducherry,2017,2,February,cumulative_fy,2323.0,2320.0,-3.0,-0.1,False,False,psp_energy-2017-02.pdf
Lakshadweep,2017,2,February,monthly,4.0,4.0,0.0,0.0,False,False,psp_energy-2017-02.pdf
Lakshadweep,2017,2,February,cumulative_fy,44.0,44.0,0.0,0.0,False,False,psp_energy-2017-02.pdf
Southern Region,2017,2,February,monthly,24689.0,24688.0,-1.0,0.0,True,False,psp_energy-2017-02.pdf
Southern Region,2017,2,February,cumulative_fy,276808.0,276344.0,-464.0,-0.2,True,False,psp_energy-2017-02.pdf
Bihar,2017,2,February,monthly,1790.0,1741.0,-49.0,-2.7,False,False,psp_energy-2017-02.pdf
Bihar,2017,2,February,cumulative_fy,23652.0,23147.0,-505.0,-2.1,False,False,psp_energy-2017-02.pdf
DVC,2017,2,February,monthly,1573.0,1573.0,0.0,0.0,False,False,psp_energy-2017-02.pdf
DVC,2017,2,February,cumulative_fy,17102.0,16968.0,-134.0,-0.8,False,False,psp_energy-2017-02.pdf
Jharkhand,2017,2,February,monthly,612.0,612.0,0.0,0.0,False,False,psp_energy-2017-02.pdf
Jharkhand,2017,2,February,cumulative_fy,7275.0,7225.0,-50.0,-0.7,False,False,psp_energy-2017-02.pdf
Odisha,2017,2,February,monthly,1985.0,1985.0,0.0,0.0,False,False,psp_energy-2017-02.pdf
Odisha,2017,2,February,cumulative_fy,24409.0,24407.0,-2.0,0.0,False,False,psp_energy-2017-02.pdf
West Bengal,2017,2,February,monthly,2762.0,2756.0,-6.0,-0.2,False,False,psp_energy-2017-02.pdf
West Bengal,2017,2,February,cumulative_fy,43725.0,43591.0,-134.0,-0.3,False,False,psp_energy-2017-02.pdf
Sikkim,2017,2,February,monthly,41.0,41.0,0.0,0.0,False,False,psp_energy-2017-02.pdf
Sikkim,2017,2,February,cumulative_fy,430.0,430.0,0.0,0.0,False,False,psp_energy-2017-02.pdf
Andaman & Nicobar,2017,2,February,monthly,20.0,15.0,-5.0,-25.0,False,False,psp_energy-2017-02.pdf
Andaman & Nicobar,2017,2,February,cumulative_fy,220.0,165.0,-55.0,-25.0,False,False,psp_energy-2017-02.pdf
Eastern Region,2017,2,February,monthly,8762.0,8707.0,-55.0,-0.6,True,False,psp_energy-2017-02.pdf
Eastern Region,2017,2,February,cumulative_fy,116595.0,115770.0,-825.0,-0.7,True,False,psp_energy-2017-02.pdf
Arunachal Pradesh,2017,2,February,monthly,62.0,61.0,-1.0,-1.4,False,False,psp_energy-2017-02.pdf
Arunachal Pradesh,2017,2,February,cumulative_fy,664.0,650.0,-14.0,-2.1,False,False,psp_energy-2017-02.pdf
Assam,2017,2,February,monthly,600.0,586.0,-14.0,-2.4,False,False,psp_energy-2017-02.pdf
Assam,2017,2,February,cumulative_fy,8362.0,8063.0,-299.0,-3.6,False,False,psp_energy-2017-02.pdf
Manipur,2017,2,February,monthly,64.0,63.0,-1.0,-1.4,False,False,psp_energy-2017-02.pdf
Manipur,2017,2,February,cumulative_fy,697.0,674.0,-23.0,-3.3,False,False,psp_energy-2017-02.pdf
Meghalaya,2017,2,February,monthly,142.0,142.0,0.0,0.0,False,False,psp_energy-2017-02.pdf
Meghalaya,2017,2,February,cumulative_fy,1548.0,1548.0,0.0,0.0,False,False,psp_energy-2017-02.pdf
Mizoram,2017,2,February,monthly,44.0,43.0,-1.0,-1.5,False,False,psp_energy-2017-02.pdf
Mizoram,2017,2,February,cumulative_fy,468.0,456.0,-12.0,-2.6,False,False,psp_energy-2017-02.pdf
Nagaland,2017,2,February,monthly,58.0,57.0,-1.0,-1.4,False,False,psp_energy-2017-02.pdf
Nagaland,2017,2,February,cumulative_fy,696.0,684.0,-12.0,-1.7,False,False,psp_energy-2017-02.pdf
Tripura,2017,2,February,monthly,169.0,168.0,-1.0,-0.4,False,False,psp_energy-2017-02.pdf
Tripura,2017,2,February,cumulative_fy,1496.0,1476.0,-20.0,-1.3,False,False,psp_energy-2017-02.pdf
North-Eastern Region,2017,2,February,monthly,1137.0,1119.0,-18.0,-1.6,True,False,psp_energy-2017-02.pdf
North-Eastern Region,2017,2,February,cumulative_fy,13927.0,13541.0,-386.0,-2.8,True,False,psp_energy-2017-02.pdf
All India,2017,2,February,monthly,86723.0,86267.0,-455.0,-0.5,False,True,psp_energy-2017-02.pdf
All India,2017,2,February,cumulative_fy,1044169.0,1036962.0,-7207.0,-0.7,False,True,psp_energy-2017-02.pdf
Chandigarh,2017,4,April,monthly,133.0,133.0,0.0,0.0,False,False,psp_energy-2017-04.pdf
Delhi,2017,4,April,monthly,2610.0,2608.0,2.0,0.1,False,False,psp_energy-2017-04.pdf
Haryana,2017,4,April,monthly,3651.0,3651.0,0.0,0.0,False,False,psp_energy-2017-04.pdf
Himachal Pradesh,2017,4,April,monthly,769.0,765.0,4.0,0.5,False,False,psp_energy-2017-04.pdf
Jammu & Kashmir,2017,4,April,monthly,1507.0,1204.0,303.0,20.1,False,False,psp_energy-2017-04.pdf
Punjab,2017,4,April,monthly,3536.0,3536.0,0.0,0.0,False,False,psp_energy-2017-04.pdf
Rajasthan,2017,4,April,monthly,5256.0,5244.0,12.0,0.2,False,False,psp_energy-2017-04.pdf
Uttar Pradesh,2017,4,April,monthly,9764.0,9665.0,100.0,1.0,False,False,psp_energy-2017-04.pdf
Uttarakhand,2017,4,April,monthly,1081.0,1080.0,1.0,0.1,False,False,psp_energy-2017-04.pdf
Northern Region,2017,4,April,monthly,28308.0,27886.0,421.0,1.5,True,False,psp_energy-2017-04.pdf
Chhattisgarh,2017,4,April,monthly,2510.0,2510.0,0.0,0.0,False,False,psp_energy-2017-04.pdf
Gujarat,2017,4,April,monthly,9940.0,9940.0,0.0,0.0,False,False,psp_energy-2017-04.pdf
Madhya Pradesh,2017,4,April,monthly,5333.0,5333.0,0.0,0.0,False,False,psp_energy-2017-04.pdf
Maharashtra,2017,4,April,monthly,14155.0,14137.0,18.0,0.1,False,False,psp_energy-2017-04.pdf
Daman & Diu,2017,4,April,monthly,206.0,206.0,0.0,0.0,False,False,psp_energy-2017-04.pdf
DNH,2017,4,April,monthly,506.0,506.0,0.0,0.0,False,False,psp_energy-2017-04.pdf
Goa,2017,4,April,monthly,368.0,368.0,0.0,0.0,False,False,psp_energy-2017-04.pdf
Western Region,2017,4,April,monthly,33018.0,33000.0,18.0,0.1,True,False,psp_energy-2017-04.pdf
Andhra Pradesh,2017,4,April,monthly,5043.0,5040.0,3.0,0.1,False,False,psp_energy-2017-04.pdf
Telangana,2017,4,April,monthly,4992.0,4990.0,2.0,0.0,False,False,psp_energy-2017-04.pdf
Karnataka,2017,4,April,monthly,6229.0,6226.0,3.0,0.1,False,False,psp_energy-2017-04.pdf
Kerala,2017,4,April,monthly,2274.0,2272.0,2.0,0.1,False,False,psp_energy-2017-04.pdf
Tamil Nadu,2017,4,April,monthly,9444.0,9439.0,5.0,0.1,False,False,psp_energy-2017-04.pdf
Puducherry,2017,4,April,monthly,236.0,236.0,0.0,0.1,False,False,psp_energy-2017-04.pdf
Lakshadweep,2017,4,April,monthly,4.0,4.0,0.0,0.0,False,False,psp_energy-2017-04.pdf
Southern Region,2017,4,April,monthly,28217.0,28203.0,15.0,0.1,True,False,psp_energy-2017-04.pdf
Bihar,2017,4,April,monthly,2118.0,2042.0,76.0,3.6,False,False,psp_energy-2017-04.pdf
DVC,2017,4,April,monthly,1749.0,1748.0,1.0,0.1,False,False,psp_energy-2017-04.pdf
Jharkhand,2017,4,April,monthly,679.0,675.0,4.0,0.6,False,False,psp_energy-2017-04.pdf
Odisha,2017,4,April,monthly,2500.0,2499.0,1.0,0.0,False,False,psp_energy-2017-04.pdf
West Bengal,2017,4,April,monthly,4706.0,4678.0,27.0,0.6,False,False,psp_energy-2017-04.pdf
Sikkim,2017,4,April,monthly,37.0,37.0,0.0,0.0,False,False,psp_energy-2017-04.pdf
Andaman & Nicobar,2017,4,April,monthly,20.0,15.0,5.0,25.0,False,False,psp_energy-2017-04.pdf
Eastern Region,2017,4,April,monthly,11788.0,11678.0,110.0,0.9,True,False,psp_energy-2017-04.pdf
Arunachal Pradesh,2017,4,April,monthly,62.0,61.0,1.0,1.4,False,False,psp_energy-2017-04.pdf
Assam,2017,4,April,monthly,647.0,607.0,41.0,6.3,False,False,psp_energy-2017-04.pdf
Manipur,2017,4,April,monthly,60.0,58.0,1.0,2.4,False,False,psp_energy-2017-04.pdf
Meghalaya,2017,4,April,monthly,124.0,123.0,0.0,0.0,False,False,psp_energy-2017-04.pdf
Mizoram,2017,4,April,monthly,42.0,41.0,1.0,1.8,False,False,psp_energy-2017-04.pdf
Nagaland,2017,4,April,monthly,60.0,59.0,1.0,1.5,False,False,psp_energy-2017-04.pdf
Tripura,2017,4,April,monthly,225.0,220.0,5.0,2.4,False,False,psp_energy-2017-04.pdf
North-Eastern Region,2017,4,April,monthly,1221.0,1171.0,50.0,4.1,True,False,psp_energy-2017-04.pdf
All India,2017,4,April,monthly,102552.0,101938.0,614.0,0.6,False,True,psp_energy-2017-04.pdf
Chandigarh,2017,5,May,monthly,174.0,174.0,0.0,0.0,False,False,psp_energy-2017-05.pdf
Chandigarh,2017,5,May,cumulative_fy,308.0,308.0,0.0,0.0,False,False,psp_energy-2017-05.pdf
Delhi,2017,5,May,monthly,3375.0,3373.0,3.0,0.1,False,False,psp_energy-2017-05.pdf
Delhi,2017,5,May,cumulative_fy,5985.0,5981.0,4.0,0.1,False,False,psp_energy-2017-05.pdf
Haryana,2017,5,May,monthly,4649.0,4649.0,0.0,0.0,False,False,psp_energy-2017-05.pdf
Haryana,2017,5,May,cumulative_fy,8301.0,8301.0,0.0,0.0,False,False,psp_energy-2017-05.pdf
Himachal Pradesh,2017,5,May,monthly,803.0,799.0,4.0,0.5,False,False,psp_energy-2017-05.pdf
Himachal Pradesh,2017,5,May,cumulative_fy,1572.0,1564.0,8.0,0.5,False,False,psp_energy-2017-05.pdf
Jammu & Kashmir,2017,5,May,monthly,1597.0,1274.0,323.0,20.2,False,False,psp_energy-2017-05.pdf
Jammu & Kashmir,2017,5,May,cumulative_fy,3104.0,2478.0,626.0,20.2,False,False,psp_energy-2017-05.pdf
Punjab,2017,5,May,monthly,5004.0,5004.0,0.0,0.0,False,False,psp_energy-2017-05.pdf
Punjab,2017,5,May,cumulative_fy,8541.0,8541.0,0.0,0.0,False,False,psp_energy-2017-05.pdf
Rajasthan,2017,5,May,monthly,6015.0,5927.0,88.0,1.5,False,False,psp_energy-2017-05.pdf
Rajasthan,2017,5,May,cumulative_fy,11271.0,11172.0,99.0,0.9,False,False,psp_energy-2017-05.pdf
Uttar Pradesh,2017,5,May,monthly,11055.0,10935.0,120.0,1.1,False,False,psp_energy-2017-05.pdf
Uttar Pradesh,2017,5,May,cumulative_fy,20819.0,20600.0,219.0,1.1,False,False,psp_energy-2017-05.pdf
Uttarakhand,2017,5,May,monthly,1226.0,1221.0,5.0,0.4,False,False,psp_energy-2017-05.pdf
Uttarakhand,2017,5,May,cumulative_fy,2307.0,2301.0,6.0,0.3,False,False,psp_energy-2017-05.pdf
Northern Region,2017,5,May,monthly,33900.0,33357.0,542.0,1.6,True,False,psp_energy-2017-05.pdf
Northern Region,2017,5,May,cumulative_fy,62207.0,61244.0,963.0,1.5,True,False,psp_energy-2017-05.pdf
Chhattisgarh,2017,5,May,monthly,2271.0,2271.0,0.0,0.0,False,False,psp_energy-2017-05.pdf
Chhattisgarh,2017,5,May,cumulative_fy,4782.0,4782.0,0.0,0.0,False,False,psp_energy-2017-05.pdf
Gujarat,2017,5,May,monthly,9853.0,9853.0,0.0,0.0,False,False,psp_energy-2017-05.pdf
Gujarat,2017,5,May,cumulative_fy,19793.0,19793.0,0.0,0.0,False,False,psp_energy-2017-05.pdf
Madhya Pradesh,2017,5,May,monthly,5544.0,5544.0,0.0,0.0,False,False,psp_energy-2017-05.pdf
Madhya Pradesh,2017,5,May,cumulative_fy,10876.0,10876.0,0.0,0.0,False,False,psp_energy-2017-05.pdf
Maharashtra,2017,5,May,monthly,14145.0,14112.0,33.0,0.2,False,False,psp_energy-2017-05.pdf
Maharashtra,2017,5,May,cumulative_fy,28300.0,28249.0,51.0,0.2,False,False,psp_energy-2017-05.pdf
Daman & Diu,2017,5,May,monthly,217.0,217.0,0.0,0.0,False,False,psp_energy-2017-05.pdf
Daman & Diu,2017,5,May,cumulative_fy,424.0,424.0,0.0,0.0,False,False,psp_energy-2017-05.pdf
Dadra & Nagar Haveli,2017,5,May,monthly,518.0,518.0,0.0,0.0,False,False,psp_energy-2017-05.pdf
Dadra & Nagar Haveli,2017,5,May,cumulative_fy,1024.0,1024.0,0.0,0.0,False,False,psp_energy-2017-05.pdf
Goa,2017,5,May,monthly,356.0,356.0,0.0,0.0,False,False,psp_energy-2017-05.pdf
Goa,2017,5,May,cumulative_fy,724.0,724.0,0.0,0.0,False,False,psp_energy-2017-05.pdf
Western Region,2017,5,May,monthly,32905.0,32872.0,33.0,0.1,True,False,psp_energy-2017-05.pdf
Western Region,2017,5,May,cumulative_fy,65923.0,65872.0,51.0,0.1,True,False,psp_energy-2017-05.pdf
Andhra Pradesh,2017,5,May,monthly,4984.0,4979.0,5.0,0.1,False,False,psp_energy-2017-05.pdf
Andhra Pradesh,2017,5,May,cumulative_fy,10026.0,10019.0,7.0,0.1,False,False,psp_energy-2017-05.pdf
Telangana,2017,5,May,monthly,4422.0,4421.0,2.0,0.0,False,False,psp_energy-2017-05.pdf
Telangana,2017,5,May,cumulative_fy,9414.0,9410.0,4.0,0.0,False,False,psp_energy-2017-05.pdf
Karnataka,2017,5,May,monthly,5455.0,5453.0,2.0,0.0,False,False,psp_energy-2017-05.pdf
Karnataka,2017,5,May,cumulative_fy,11684.0,11679.0,5.0,0.0,False,False,psp_energy-2017-05.pdf
Kerala,2017,5,May,monthly,2232.0,2228.0,3.0,0.1,False,False,psp_energy-2017-05.pdf
Kerala,2017,5,May,cumulative_fy,4505.0,4500.0,5.0,0.1,False,False,psp_energy-2017-05.pdf
Tamil Nadu,2017,5,May,monthly,9599.0,9596.0,3.0,0.0,False,False,psp_energy-2017-05.pdf
Tamil Nadu,2017,5,May,cumulative_fy,19043.0,19035.0,8.0,0.0,False,False,psp_energy-2017-05.pdf
Puducherry,2017,5,May,monthly,244.0,244.0,0.0,0.1,False,False,psp_energy-2017-05.pdf
Puducherry,2017,5,May,cumulative_fy,480.0,480.0,0.0,0.0,False,False,psp_energy-2017-05.pdf
Lakshadweep,2017,5,May,monthly,4.0,4.0,0.0,0.0,False,False,psp_energy-2017-05.pdf
Lakshadweep,2017,5,May,cumulative_fy,8.0,8.0,0.0,0.0,False,False,psp_energy-2017-05.pdf
Southern Region,2017,5,May,monthly,26936.0,26920.0,16.0,0.1,True,False,psp_energy-2017-05.pdf
Southern Region,2017,5,May,cumulative_fy,55154.0,55123.0,31.0,0.1,True,False,psp_energy-2017-05.pdf
Bihar,2017,5,May,monthly,2325.0,2219.0,107.0,4.6,False,False,psp_energy-2017-05.pdf
Bihar,2017,5,May,cumulative_fy,4443.0,4260.0,183.0,4.1,False,False,psp_energy-2017-05.pdf
DVC,2017,5,May,monthly,1770.0,1762.0,7.0,0.4,False,False,psp_energy-2017-05.pdf
DVC,2017,5,May,cumulative_fy,3519.0,3510.0,9.0,0.3,False,False,psp_energy-2017-05.pdf
Jharkhand,2017,5,May,monthly,658.0,656.0,2.0,0.4,False,False,psp_energy-2017-05.pdf
Jharkhand,2017,5,May,cumulative_fy,1337.0,1330.0,7.0,0.5,False,False,psp_energy-2017-05.pdf
Odisha,2017,5,May,monthly,2556.0,2555.0,1.0,0.0,False,False,psp_energy-2017-05.pdf
Odisha,2017,5,May,cumulative_fy,5056.0,5054.0,2.0,0.0,False,False,psp_energy-2017-05.pdf
West Bengal,2017,5,May,monthly,4827.0,4799.0,28.0,0.6,False,False,psp_energy-2017-05.pdf
West Bengal,2017,5,May,cumulative_fy,9533.0,9477.0,56.0,0.6,False,False,psp_energy-2017-05.pdf
Sikkim,2017,5,May,monthly,37.0,37.0,0.0,0.0,False,False,psp_energy-2017-05.pdf
Sikkim,2017,5,May,cumulative_fy,74.0,74.0,0.0,0.0,False,False,psp_energy-2017-05.pdf
Andaman & Nicobar,2017,5,May,monthly,20.0,15.0,5.0,25.0,False,False,psp_energy-2017-05.pdf
Andaman & Nicobar,2017,5,May,cumulative_fy,40.0,30.0,10.0,25.0,False,False,psp_energy-2017-05.pdf
Eastern Region,2017,5,May,monthly,12174.0,12029.0,145.0,1.2,True,False,psp_energy-2017-05.pdf
Eastern Region,2017,5,May,cumulative_fy,23962.0,23707.0,255.0,1.1,True,False,psp_energy-2017-05.pdf
Arunachal Pradesh,2017,5,May,monthly,64.0,63.0,1.0,1.9,False,False,psp_energy-2017-05.pdf
Arunachal Pradesh,2017,5,May,cumulative_fy,126.0,124.0,2.0,1.6,False,False,psp_energy-2017-05.pdf
Assam,2017,5,May,monthly,756.0,714.0,42.0,5.6,False,False,psp_energy-2017-05.pdf
Assam,2017,5,May,cumulative_fy,1404.0,1321.0,83.0,5.9,False,False,psp_energy-2017-05.pdf
Manipur,2017,5,May,monthly,63.0,62.0,1.0,1.9,False,False,psp_energy-2017-05.pdf
Manipur,2017,5,May,cumulative_fy,123.0,121.0,2.0,1.6,False,False,psp_energy-2017-05.pdf
Meghalaya,2017,5,May,monthly,129.0,129.0,0.0,0.0,False,False,psp_energy-2017-05.pdf
Meghalaya,2017,5,May,cumulative_fy,253.0,253.0,0.0,0.0,False,False,psp_energy-2017-05.pdf
Mizoram,2017,5,May,monthly,44.0,43.0,1.0,2.0,False,False,psp_energy-2017-05.pdf
Mizoram,2017,5,May,cumulative_fy,86.0,85.0,1.0,1.2,False,False,psp_energy-2017-05.pdf
Nagaland,2017,5,May,monthly,68.0,67.0,1.0,1.6,False,False,psp_energy-2017-05.pdf
Nagaland,2017,5,May,cumulative_fy,128.0,126.0,2.0,1.6,False,False,psp_energy-2017-05.pdf
Tripura,2017,5,May,monthly,264.0,260.0,4.0,1.5,False,False,psp_energy-2017-05.pdf
Tripura,2017,5,May,cumulative_fy,490.0,480.0,10.0,2.0,False,False,psp_energy-2017-05.pdf
North-Eastern Region,2017,5,May,monthly,1389.0,1339.0,50.0,3.6,True,False,psp_energy-2017-05.pdf
North-Eastern Region,2017,5,May,cumulative_fy,2610.0,2510.0,100.0,3.8,True,False,psp_energy-2017-05.pdf
All India,2017,5,May,monthly,107304.0,106517.0,787.0,0.7,False,True,psp_energy-2017-05.pdf
All India,2017,5,May,cumulative_fy,209856.0,208455.0,1401.0,0.7,False,True,psp_energy-2017-05.pdf
Chandigarh,2017,6,June,monthly,179.0,170.0,9.0,5.0,False,False,psp_energy-2017-06.pdf
Chandigarh,2017,6,June,cumulative_fy,486.0,478.0,9.0,1.8,False,False,psp_energy-2017-06.pdf
Delhi,2017,6,June,monthly,3359.0,3356.0,3.0,0.1,False,False,psp_energy-2017-06.pdf
Delhi,2017,6,June,cumulative_fy,9344.0,9336.0,8.0,0.1,False,False,psp_energy-2017-06.pdf
Haryana,2017,6,June,monthly,4574.0,4574.0,0.0,0.0,False,False,psp_energy-2017-06.pdf
Haryana,2017,6,June,cumulative_fy,12874.0,12874.0,0.0,0.0,False,False,psp_energy-2017-06.pdf
Himachal Pradesh,2017,6,June,monthly,754.0,753.0,1.0,0.2,False,False,psp_energy-2017-06.pdf
Himachal Pradesh,2017,6,June,cumulative_fy,2326.0,2317.0,9.0,0.4,False,False,psp_energy-2017-06.pdf
Jammu & Kashmir,2017,6,June,monthly,1493.0,1191.0,302.0,20.2,False,False,psp_energy-2017-06.pdf
Jammu & Kashmir,2017,6,June,cumulative_fy,4597.0,3669.0,928.0,20.2,False,False,psp_energy-2017-06.pdf
Punjab,2017,6,June,monthly,5446.0,5446.0,0.0,0.0,False,False,psp_energy-2017-06.pdf
Punjab,2017,6,June,cumulative_fy,13986.0,13986.0,0.0,0.0,False,False,psp_energy-2017-06.pdf
Rajasthan,2017,6,June,monthly,5565.0,5558.0,7.0,0.1,False,False,psp_energy-2017-06.pdf
Rajasthan,2017,6,June,cumulative_fy,16836.0,16729.0,107.0,0.6,False,False,psp_energy-2017-06.pdf
Uttar Pradesh,2017,6,June,monthly,11111.0,10963.0,148.0,1.3,False,False,psp_energy-2017-06.pdf
Uttar Pradesh,2017,6,June,cumulative_fy,31930.0,31563.0,368.0,1.2,False,False,psp_energy-2017-06.pdf
Uttarakhand,2017,6,June,monthly,1193.0,1192.0,0.0,0.0,False,False,psp_energy-2017-06.pdf
Uttarakhand,2017,6,June,cumulative_fy,3500.0,3493.0,7.0,0.2,False,False,psp_energy-2017-06.pdf
Northern Region,2017,6,June,monthly,33672.0,33202.0,470.0,1.4,True,False,psp_energy-2017-06.pdf
Northern Region,2017,6,June,cumulative_fy,95880.0,94446.0,1434.0,1.5,True,False,psp_energy-2017-06.pdf
Chhattisgarh,2017,6,June,monthly,1966.0,1966.0,0.0,0.0,False,False,psp_energy-2017-06.pdf
Chhattisgarh,2017,6,June,cumulative_fy,6748.0,6748.0,0.0,0.0,False,False,psp_energy-2017-06.pdf
Gujarat,2017,6,June,monthly,9400.0,9400.0,0.0,0.0,False,False,psp_energy-2017-06.pdf
Gujarat,2017,6,June,cumulative_fy,29192.0,29192.0,0.0,0.0,False,False,psp_energy-2017-06.pdf
Madhya Pradesh,2017,6,June,monthly,4734.0,4734.0,0.0,0.0,False,False,psp_energy-2017-06.pdf
Madhya Pradesh,2017,6,June,cumulative_fy,15610.0,15610.0,0.0,0.0,False,False,psp_energy-2017-06.pdf
Maharashtra,2017,6,June,monthly,11714.0,11714.0,0.0,0.0,False,False,psp_energy-2017-06.pdf
Maharashtra,2017,6,June,cumulative_fy,40014.0,39963.0,51.0,0.1,False,False,psp_energy-2017-06.pdf
Daman & Diu,2017,6,June,monthly,206.0,206.0,0.0,0.0,False,False,psp_energy-2017-06.pdf
Daman & Diu,2017,6,June,cumulative_fy,630.0,630.0,0.0,0.0,False,False,psp_energy-2017-06.pdf
Dadra & Nagar Haveli,2017,6,June,monthly,501.0,501.0,0.0,0.0,False,False,psp_energy-2017-06.pdf
Dadra & Nagar Haveli,2017,6,June,cumulative_fy,1526.0,1526.0,0.0,0.0,False,False,psp_energy-2017-06.pdf
Goa,2017,6,June,monthly,318.0,318.0,0.0,0.0,False,False,psp_energy-2017-06.pdf
Goa,2017,6,June,cumulative_fy,1042.0,1042.0,0.0,0.0,False,False,psp_energy-2017-06.pdf
Western Region,2017,6,June,monthly,28839.0,28839.0,0.0,0.0,True,False,psp_energy-2017-06.pdf
Western Region,2017,6,June,cumulative_fy,94762.0,94710.0,52.0,0.1,True,False,psp_energy-2017-06.pdf
Andhra Pradesh,2017,6,June,monthly,4364.0,4364.0,0.0,0.0,False,False,psp_energy-2017-06.pdf
Andhra Pradesh,2017,6,June,cumulative_fy,14391.0,14383.0,8.0,0.1,False,False,psp_energy-2017-06.pdf
Telangana,2017,6,June,monthly,3893.0,3892.0,0.0,0.0,False,False,psp_energy-2017-06.pdf
Telangana,2017,6,June,cumulative_fy,13307.0,13303.0,4.0,0.0,False,False,psp_energy-2017-06.pdf
Karnataka,2017,6,June,monthly,4958.0,4957.0,0.0,0.0,False,False,psp_energy-2017-06.pdf
Karnataka,2017,6,June,cumulative_fy,16642.0,16636.0,6.0,0.0,False,False,psp_energy-2017-06.pdf
Kerala,2017,6,June,monthly,1930.0,1929.0,1.0,0.1,False,False,psp_energy-2017-06.pdf
Kerala,2017,6,June,cumulative_fy,6436.0,6429.0,6.0,0.1,False,False,psp_energy-2017-06.pdf
Tamil Nadu,2017,6,June,monthly,8999.0,8998.0,1.0,0.0,False,False,psp_energy-2017-06.pdf
Tamil Nadu,2017,6,June,cumulative_fy,28042.0,28033.0,9.0,0.0,False,False,psp_energy-2017-06.pdf
Puducherry,2017,6,June,monthly,233.0,233.0,0.0,0.0,False,False,psp_energy-2017-06.pdf
Puducherry,2017,6,June,cumulative_fy,714.0,713.0,0.0,0.1,False,False,psp_energy-2017-06.pdf
Lakshadweep,2017,6,June,monthly,4.0,4.0,0.0,0.0,False,False,psp_energy-2017-06.pdf
Lakshadweep,2017,6,June,cumulative_fy,12.0,12.0,0.0,0.0,False,False,psp_energy-2017-06.pdf
Southern Region,2017,6,June,monthly,24377.0,24374.0,3.0,0.0,True,False,psp_energy-2017-06.pdf
Southern Region,2017,6,June,cumulative_fy,79531.0,79497.0,34.0,0.0,True,False,psp_energy-2017-06.pdf
Bihar,2017,6,June,monthly,2427.0,2366.0,61.0,2.5,False,False,psp_energy-2017-06.pdf
Bihar,2017,6,June,cumulative_fy,6870.0,6626.0,244.0,3.6,False,False,psp_energy-2017-06.pdf
DVC,2017,6,June,monthly,1755.0,1753.0,3.0,0.2,False,False,psp_energy-2017-06.pdf
DVC,2017,6,June,cumulative_fy,5274.0,5263.0,11.0,0.2,False,False,psp_energy-2017-06.pdf
Jharkhand,2017,6,June,monthly,631.0,631.0,0.0,0.0,False,False,psp_energy-2017-06.pdf
Jharkhand,2017,6,June,cumulative_fy,1968.0,1962.0,6.0,0.3,False,False,psp_energy-2017-06.pdf
Odisha,2017,6,June,monthly,2289.0,2289.0,0.0,0.0,False,False,psp_energy-2017-06.pdf
Odisha,2017,6,June,cumulative_fy,7344.0,7343.0,2.0,0.0,False,False,psp_energy-2017-06.pdf
West Bengal,2017,6,June,monthly,4767.0,4753.0,15.0,0.3,False,False,psp_energy-2017-06.pdf
West Bengal,2017,6,June,cumulative_fy,14300.0,14230.0,70.0,0.5,False,False,psp_energy-2017-06.pdf
Sikkim,2017,6,June,monthly,35.0,35.0,0.0,0.0,False,False,psp_energy-2017-06.pdf
Sikkim,2017,6,June,cumulative_fy,109.0,109.0,0.0,0.0,False,False,psp_energy-2017-06.pdf
Andaman & Nicobar,2017,6,June,monthly,29.0,27.0,2.0,7.0,False,False,psp_energy-2017-06.pdf
Andaman & Nicobar,2017,6,June,cumulative_fy,69.0,57.0,12.0,17.3,False,False,psp_energy-2017-06.pdf
Eastern Region,2017,6,June,monthly,11904.0,11825.0,79.0,0.7,True,False,psp_energy-2017-06.pdf
Eastern Region,2017,6,June,cumulative_fy,35866.0,35532.0,334.0,0.9,True,False,psp_energy-2017-06.pdf
Arunachal Pradesh,2017,6,June,monthly,60.0,59.0,1.0,1.9,False,False,psp_energy-2017-06.pdf
Arunachal Pradesh,2017,6,June,cumulative_fy,186.0,183.0,3.0,1.7,False,False,psp_energy-2017-06.pdf
Assam,2017,6,June,monthly,832.0,799.0,34.0,4.1,False,False,psp_energy-2017-06.pdf
Assam,2017,6,June,cumulative_fy,2236.0,2119.0,117.0,5.2,False,False,psp_energy-2017-06.pdf
Manipur,2017,6,June,monthly,61.0,60.0,1.0,2.1,False,False,psp_energy-2017-06.pdf
Manipur,2017,6,June,cumulative_fy,185.0,181.0,4.0,2.1,False,False,psp_energy-2017-06.pdf
Meghalaya,2017,6,June,monthly,124.0,124.0,0.0,0.0,False,False,psp_energy-2017-06.pdf
Meghalaya,2017,6,June,cumulative_fy,377.0,377.0,0.0,0.0,False,False,psp_energy-2017-06.pdf
Mizoram,2017,6,June,monthly,38.0,37.0,1.0,2.8,False,False,psp_energy-2017-06.pdf
Mizoram,2017,6,June,cumulative_fy,124.0,121.0,3.0,2.2,False,False,psp_energy-2017-06.pdf
Nagaland,2017,6,June,monthly,70.0,68.0,1.0,1.6,False,False,psp_energy-2017-06.pdf
Nagaland,2017,6,June,cumulative_fy,198.0,195.0,3.0,1.6,False,False,psp_energy-2017-06.pdf
Tripura,2017,6,June,monthly,252.0,249.0,3.0,1.2,False,False,psp_energy-2017-06.pdf
Tripura,2017,6,June,cumulative_fy,742.0,730.0,12.0,1.7,False,False,psp_energy-2017-06.pdf
North-Eastern Region,2017,6,June,monthly,1438.0,1396.0,42.0,2.9,True,False,psp_energy-2017-06.pdf
North-Eastern Region,2017,6,June,cumulative_fy,4048.0,3906.0,142.0,3.5,True,False,psp_energy-2017-06.pdf
All India,2017,6,June,monthly,100230.0,99636.0,594.0,0.6,False,True,psp_energy-2017-06.pdf
All India,2017,6,June,cumulative_fy,310087.0,308091.0,1995.0,0.6,False,True,psp_energy-2017-06.pdf
Chandigarh,2017,7,July,monthly,189.0,189.0,0.0,0.0,False,False,psp_energy-2017-07.pdf
Chandigarh,2017,7,July,cumulative_fy,675.0,667.0,9.0,1.3,False,False,psp_energy-2017-07.pdf
Delhi,2017,7,July,monthly,3474.0,3472.0,2.0,0.1,False,False,psp_energy-2017-07.pdf
Delhi,2017,7,July,cumulative_fy,12818.0,12808.0,10.0,0.1,False,False,psp_energy-2017-07.pdf
Haryana,2017,7,July,monthly,5700.0,5700.0,0.0,0.0,False,False,psp_energy-2017-07.pdf
Haryana,2017,7,July,cumulative_fy,18574.0,18574.0,0.0,0.0,False,False,psp_energy-2017-07.pdf
Himachal Pradesh,2017,7,July,monthly,800.0,789.0,11.0,1.4,False,False,psp_energy-2017-07.pdf
Himachal Pradesh,2017,7,July,cumulative_fy,3126.0,3106.0,19.0,0.6,False,False,psp_energy-2017-07.pdf
Jammu & Kashmir,2017,7,July,monthly,1518.0,1214.0,304.0,20.1,False,False,psp_energy-2017-07.pdf
Jammu & Kashmir,2017,7,July,cumulative_fy,6115.0,4883.0,1232.0,20.1,False,False,psp_energy-2017-07.pdf
Punjab,2017,7,July,monthly,7320.0,7320.0,0.0,0.0,False,False,psp_energy-2017-07.pdf
Punjab,2017,7,July,cumulative_fy,21306.0,21306.0,0.0,0.0,False,False,psp_energy-2017-07.pdf
Rajasthan,2017,7,July,monthly,5250.0,5226.0,25.0,0.5,False,False,psp_energy-2017-07.pdf
Rajasthan,2017,7,July,cumulative_fy,22087.0,21955.0,131.0,0.6,False,False,psp_energy-2017-07.pdf
Uttar Pradesh,2017,7,July,monthly,10749.0,10587.0,162.0,1.5,False,False,psp_energy-2017-07.pdf
Uttar Pradesh,2017,7,July,cumulative_fy,42679.0,42149.0,530.0,1.2,False,False,psp_energy-2017-07.pdf
Uttarakhand,2017,7,July,monthly,1167.0,1157.0,10.0,0.8,False,False,psp_energy-2017-07.pdf
Uttarakhand,2017,7,July,cumulative_fy,4667.0,4650.0,17.0,0.4,False,False,psp_energy-2017-07.pdf
Northern Region,2017,7,July,monthly,36168.0,35653.0,514.0,1.4,True,False,psp_energy-2017-07.pdf
Northern Region,2017,7,July,cumulative_fy,132047.0,130099.0,1948.0,1.5,True,False,psp_energy-2017-07.pdf
Chhattisgarh,2017,7,July,monthly,2140.0,2121.0,18.0,0.9,False,False,psp_energy-2017-07.pdf
Chhattisgarh,2017,7,July,cumulative_fy,8888.0,8869.0,19.0,0.2,False,False,psp_energy-2017-07.pdf
Gujarat,2017,7,July,monthly,7160.0,7160.0,0.0,0.0,False,False,psp_energy-2017-07.pdf
Gujarat,2017,7,July,cumulative_fy,36352.0,36352.0,0.0,0.0,False,False,psp_energy-2017-07.pdf
Madhya Pradesh,2017,7,July,monthly,4713.0,4713.0,0.0,0.0,False,False,psp_energy-2017-07.pdf
Madhya Pradesh,2017,7,July,cumulative_fy,20323.0,20323.0,0.0,0.0,False,False,psp_energy-2017-07.pdf
Maharashtra,2017,7,July,monthly,11532.0,11532.0,0.0,0.0,False,False,psp_energy-2017-07.pdf
Maharashtra,2017,7,July,cumulative_fy,51546.0,51495.0,51.0,0.1,False,False,psp_energy-2017-07.pdf
Daman & Diu,2017,7,July,monthly,207.0,207.0,0.0,0.0,False,False,psp_energy-2017-07.pdf
Daman & Diu,2017,7,July,cumulative_fy,836.0,836.0,0.0,0.0,False,False,psp_energy-2017-07.pdf
Dadra & Nagar Haveli,2017,7,July,monthly,502.0,502.0,0.0,0.0,False,False,psp_energy-2017-07.pdf
Dadra & Nagar Haveli,2017,7,July,cumulative_fy,2027.0,2027.0,0.0,0.0,False,False,psp_energy-2017-07.pdf
Goa,2017,7,July,monthly,328.0,328.0,0.0,0.0,False,False,psp_energy-2017-07.pdf
Goa,2017,7,July,cumulative_fy,1370.0,1370.0,0.0,0.0,False,False,psp_energy-2017-07.pdf
Western Region,2017,7,July,monthly,26580.0,26562.0,18.0,0.1,True,False,psp_energy-2017-07.pdf
Western Region,2017,7,July,cumulative_fy,121342.0,121272.0,70.0,0.1,True,False,psp_energy-2017-07.pdf
Andhra Pradesh,2017,7,July,monthly,4690.0,4689.0,1.0,0.0,False,False,psp_energy-2017-07.pdf
Andhra Pradesh,2017,7,July,cumulative_fy,19080.0,19071.0,9.0,0.0,False,False,psp_energy-2017-07.pdf
Telangana,2017,7,July,monthly,4932.0,4931.0,1.0,0.0,False,False,psp_energy-2017-07.pdf
Telangana,2017,7,July,cumulative_fy,18239.0,18233.0,5.0,0.0,False,False,psp_energy-2017-07.pdf
Karnataka,2017,7,July,monthly,5411.0,5410.0,1.0,0.0,False,False,psp_energy-2017-07.pdf
Karnataka,2017,7,July,cumulative_fy,22053.0,22046.0,7.0,0.0,False,False,psp_energy-2017-07.pdf
Kerala,2017,7,July,monthly,1987.0,1982.0,5.0,0.3,False,False,psp_energy-2017-07.pdf
Kerala,2017,7,July,cumulative_fy,8422.0,8411.0,11.0,0.1,False,False,psp_energy-2017-07.pdf
Tamil Nadu,2017,7,July,monthly,9504.0,9502.0,2.0,0.0,False,False,psp_energy-2017-07.pdf
Tamil Nadu,2017,7,July,cumulative_fy,37547.0,37536.0,11.0,0.0,False,False,psp_energy-2017-07.pdf
Puducherry,2017,7,July,monthly,232.0,232.0,0.0,0.2,False,False,psp_energy-2017-07.pdf
Puducherry,2017,7,July,cumulative_fy,945.0,945.0,1.0,0.1,False,False,psp_energy-2017-07.pdf
Lakshadweep,2017,7,July,monthly,4.0,4.0,0.0,0.0,False,False,psp_energy-2017-07.pdf
Lakshadweep,2017,7,July,cumulative_fy,16.0,16.0,0.0,0.0,False,False,psp_energy-2017-07.pdf
Southern Region,2017,7,July,monthly,26755.0,26744.0,11.0,0.0,True,False,psp_energy-2017-07.pdf
Southern Region,2017,7,July,cumulative_fy,106286.0,106242.0,45.0,0.0,True,False,psp_energy-2017-07.pdf
Bihar,2017,7,July,monthly,2285.0,2259.0,26.0,1.2,False,False,psp_energy-2017-07.pdf
Bihar,2017,7,July,cumulative_fy,9155.0,8884.0,271.0,3.0,False,False,psp_energy-2017-07.pdf
DVC,2017,7,July,monthly,1768.0,1752.0,16.0,0.9,False,False,psp_energy-2017-07.pdf
DVC,2017,7,July,cumulative_fy,7042.0,7015.0,27.0,0.4,False,False,psp_energy-2017-07.pdf
Jharkhand,2017,7,July,monthly,598.0,598.0,0.0,0.0,False,False,psp_energy-2017-07.pdf
Jharkhand,2017,7,July,cumulative_fy,2567.0,2560.0,6.0,0.3,False,False,psp_energy-2017-07.pdf
Odisha,2017,7,July,monthly,2427.0,2427.0,0.0,0.0,False,False,psp_energy-2017-07.pdf
Odisha,2017,7,July,cumulative_fy,9772.0,9770.0,2.0,0.0,False,False,psp_energy-2017-07.pdf
West Bengal,2017,7,July,monthly,4629.0,4616.0,13.0,0.3,False,False,psp_energy-2017-07.pdf
West Bengal,2017,7,July,cumulative_fy,18929.0,18846.0,83.0,0.4,False,False,psp_energy-2017-07.pdf
Sikkim,2017,7,July,monthly,35.0,35.0,0.0,0.0,False,False,psp_energy-2017-07.pdf
Sikkim,2017,7,July,cumulative_fy,143.0,143.0,0.0,0.0,False,False,psp_energy-2017-07.pdf
Andaman & Nicobar,2017,7,July,monthly,29.0,27.0,2.0,7.0,False,False,psp_energy-2017-07.pdf
Andaman & Nicobar,2017,7,July,cumulative_fy,98.0,84.0,14.0,14.2,False,False,psp_energy-2017-07.pdf
Eastern Region,2017,7,July,monthly,11742.0,11686.0,56.0,0.5,True,False,psp_energy-2017-07.pdf
Eastern Region,2017,7,July,cumulative_fy,47608.0,47218.0,390.0,0.8,True,False,psp_energy-2017-07.pdf
Arunachal Pradesh,2017,7,July,monthly,60.0,59.0,1.0,1.9,False,False,psp_energy-2017-07.pdf
Arunachal Pradesh,2017,7,July,cumulative_fy,246.0,242.0,4.0,1.7,False,False,psp_energy-2017-07.pdf
Assam,2017,7,July,monthly,902.0,862.0,39.0,4.3,False,False,psp_energy-2017-07.pdf
Assam,2017,7,July,cumulative_fy,3138.0,2982.0,156.0,5.0,False,False,psp_energy-2017-07.pdf
Manipur,2017,7,July,monthly,63.0,62.0,1.0,2.2,False,False,psp_energy-2017-07.pdf
Manipur,2017,7,July,cumulative_fy,248.0,243.0,5.0,2.1,False,False,psp_energy-2017-07.pdf
Meghalaya,2017,7,July,monthly,111.0,111.0,0.0,0.0,False,False,psp_energy-2017-07.pdf
Meghalaya,2017,7,July,cumulative_fy,489.0,488.0,0.0,0.0,False,False,psp_energy-2017-07.pdf
Mizoram,2017,7,July,monthly,37.0,36.0,1.0,2.7,False,False,psp_energy-2017-07.pdf
Mizoram,2017,7,July,cumulative_fy,161.0,158.0,4.0,2.3,False,False,psp_energy-2017-07.pdf
Nagaland,2017,7,July,monthly,73.0,72.0,1.0,1.6,False,False,psp_energy-2017-07.pdf
Nagaland,2017,7,July,cumulative_fy,271.0,267.0,4.0,1.6,False,False,psp_energy-2017-07.pdf
Tripura,2017,7,July,monthly,269.0,268.0,2.0,0.6,False,False,psp_energy-2017-07.pdf
Tripura,2017,7,July,cumulative_fy,1011.0,997.0,14.0,1.4,False,False,psp_energy-2017-07.pdf
North-Eastern Region,2017,7,July,monthly,1517.0,1471.0,46.0,3.0,True,False,psp_energy-2017-07.pdf
North-Eastern Region,2017,7,July,cumulative_fy,5564.0,5377.0,188.0,3.4,True,False,psp_energy-2017-07.pdf
All India,2017,7,July,monthly,102762.0,102117.0,645.0,0.6,False,True,psp_energy-2017-07.pdf
All India,2017,7,July,cumulative_fy,412849.0,410208.0,2640.0,0.6,False,True,psp_energy-2017-07.pdf
Chandigarh,2017,8,August,monthly,170.0,170.0,0.0,0.0,False,False,psp_energy-2017-08.pdf
Chandigarh,2017,8,August,cumulative_fy,845.0,836.0,9.0,1.0,False,False,psp_energy-2017-08.pdf
Delhi,2017,8,August,monthly,3500.0,3498.0,2.0,0.1,False,False,psp_energy-2017-08.pdf
Delhi,2017,8,August,cumulative_fy,16318.0,16305.0,12.0,0.1,False,False,psp_energy-2017-08.pdf
Haryana,2017,8,August,monthly,5442.0,5442.0,0.0,0.0,False,False,psp_energy-2017-08.pdf
Haryana,2017,8,August,cumulative_fy,24016.0,24016.0,0.0,0.0,False,False,psp_energy-2017-08.pdf
Himachal Pradesh,2017,8,August,monthly,799.0,791.0,8.0,1.0,False,False,psp_energy-2017-08.pdf
Himachal Pradesh,2017,8,August,cumulative_fy,3925.0,3897.0,27.0,0.7,False,False,psp_energy-2017-08.pdf
Jammu & Kashmir,2017,8,August,monthly,1490.0,1190.0,300.0,20.1,False,False,psp_energy-2017-08.pdf
Jammu & Kashmir,2017,8,August,cumulative_fy,7605.0,6073.0,1532.0,20.1,False,False,psp_energy-2017-08.pdf
Punjab,2017,8,August,monthly,6825.0,6825.0,0.0,0.0,False,False,psp_energy-2017-08.pdf
Punjab,2017,8,August,cumulative_fy,28131.0,28131.0,0.0,0.0,False,False,psp_energy-2017-08.pdf
Rajasthan,2017,8,August,monthly,5945.0,5924.0,22.0,0.4,False,False,psp_energy-2017-08.pdf
Rajasthan,2017,8,August,cumulative_fy,28032.0,27879.0,153.0,0.5,False,False,psp_energy-2017-08.pdf
Uttar Pradesh,2017,8,August,monthly,11448.0,11227.0,221.0,1.9,False,False,psp_energy-2017-08.pdf
Uttar Pradesh,2017,8,August,cumulative_fy,54127.0,53377.0,750.0,1.4,False,False,psp_energy-2017-08.pdf
Uttarakhand,2017,8,August,monthly,1174.0,1170.0,4.0,0.3,False,False,psp_energy-2017-08.pdf
Uttarakhand,2017,8,August,cumulative_fy,5841.0,5820.0,21.0,0.4,False,False,psp_energy-2017-08.pdf
Northern Region,2017,8,August,monthly,36792.0,36236.0,556.0,1.5,True,False,psp_energy-2017-08.pdf
Northern Region,2017,8,August,cumulative_fy,168839.0,166335.0,2504.0,1.5,True,False,psp_energy-2017-08.pdf
Chhattisgarh,2017,8,August,monthly,2447.0,2432.0,15.0,0.6,False,False,psp_energy-2017-08.pdf
Chhattisgarh,2017,8,August,cumulative_fy,11334.0,11301.0,33.0,0.3,False,False,psp_energy-2017-08.pdf
Gujarat,2017,8,August,monthly,8291.0,8291.0,0.0,0.0,False,False,psp_energy-2017-08.pdf
Gujarat,2017,8,August,cumulative_fy,44643.0,44643.0,0.0,0.0,False,False,psp_energy-2017-08.pdf
Madhya Pradesh,2017,8,August,monthly,5191.0,5191.0,0.0,0.0,False,False,psp_energy-2017-08.pdf
Madhya Pradesh,2017,8,August,cumulative_fy,25514.0,25514.0,0.0,0.0,False,False,psp_energy-2017-08.pdf
Maharashtra,2017,8,August,monthly,12123.0,12123.0,0.0,0.0,False,False,psp_energy-2017-08.pdf
Maharashtra,2017,8,August,cumulative_fy,63669.0,63618.0,51.0,0.1,False,False,psp_energy-2017-08.pdf
Daman & Diu,2017,8,August,monthly,214.0,214.0,0.0,0.0,False,False,psp_energy-2017-08.pdf
Daman & Diu,2017,8,August,cumulative_fy,1051.0,1051.0,0.0,0.0,False,False,psp_energy-2017-08.pdf
Dadra & Nagar Haveli,2017,8,August,monthly,517.0,517.0,0.0,0.0,False,False,psp_energy-2017-08.pdf
Dadra & Nagar Haveli,2017,8,August,cumulative_fy,2544.0,2544.0,0.0,0.0,False,False,psp_energy-2017-08.pdf
Goa,2017,8,August,monthly,344.0,344.0,0.0,0.0,False,False,psp_energy-2017-08.pdf
Goa,2017,8,August,cumulative_fy,1713.0,1713.0,0.0,0.0,False,False,psp_energy-2017-08.pdf
Western Region,2017,8,August,monthly,29127.0,29112.0,15.0,0.1,True,False,psp_energy-2017-08.pdf
Western Region,2017,8,August,cumulative_fy,150470.0,150384.0,85.0,0.1,True,False,psp_energy-2017-08.pdf
Andhra Pradesh,2017,8,August,monthly,4622.0,4620.0,2.0,0.0,False,False,psp_energy-2017-08.pdf
Andhra Pradesh,2017,8,August,cumulative_fy,23702.0,23691.0,11.0,0.0,False,False,psp_energy-2017-08.pdf
Telangana,2017,8,August,monthly,5228.0,5226.0,2.0,0.0,False,False,psp_energy-2017-08.pdf
Telangana,2017,8,August,cumulative_fy,23466.0,23459.0,7.0,0.0,False,False,psp_energy-2017-08.pdf
Karnataka,2017,8,August,monthly,5339.0,5333.0,6.0,0.1,False,False,psp_energy-2017-08.pdf
Karnataka,2017,8,August,cumulative_fy,27392.0,27379.0,13.0,0.0,False,False,psp_energy-2017-08.pdf
Kerala,2017,8,August,monthly,2060.0,2051.0,9.0,0.4,False,False,psp_energy-2017-08.pdf
Kerala,2017,8,August,cumulative_fy,10482.0,10462.0,20.0,0.2,False,False,psp_energy-2017-08.pdf
Tamil Nadu,2017,8,August,monthly,8628.0,8625.0,3.0,0.0,False,False,psp_energy-2017-08.pdf
Tamil Nadu,2017,8,August,cumulative_fy,46175.0,46161.0,14.0,0.0,False,False,psp_energy-2017-08.pdf
Puducherry,2017,8,August,monthly,224.0,223.0,1.0,0.6,False,False,psp_energy-2017-08.pdf
Puducherry,2017,8,August,cumulative_fy,1169.0,1167.0,2.0,0.2,False,False,psp_energy-2017-08.pdf
Lakshadweep,2017,8,August,monthly,4.0,4.0,0.0,0.0,False,False,psp_energy-2017-08.pdf
Lakshadweep,2017,8,August,cumulative_fy,20.0,20.0,0.0,0.0,False,False,psp_energy-2017-08.pdf
Southern Region,2017,8,August,monthly,26100.0,26077.0,23.0,0.1,True,False,psp_energy-2017-08.pdf
Southern Region,2017,8,August,cumulative_fy,132386.0,132319.0,68.0,0.1,True,False,psp_energy-2017-08.pdf
Bihar,2017,8,August,monthly,2429.0,2392.0,37.0,1.5,False,False,psp_energy-2017-08.pdf
Bihar,2017,8,August,cumulative_fy,11584.0,11276.0,308.0,2.7,False,False,psp_energy-2017-08.pdf
DVC,2017,8,August,monthly,1837.0,1789.0,48.0,2.6,False,False,psp_energy-2017-08.pdf
DVC,2017,8,August,cumulative_fy,8879.0,8804.0,75.0,0.8,False,False,psp_energy-2017-08.pdf
Jharkhand,2017,8,August,monthly,614.0,613.0,2.0,0.2,False,False,psp_energy-2017-08.pdf
Jharkhand,2017,8,August,cumulative_fy,3181.0,3173.0,8.0,0.3,False,False,psp_energy-2017-08.pdf
Odisha,2017,8,August,monthly,2455.0,2455.0,1.0,0.0,False,False,psp_energy-2017-08.pdf
Odisha,2017,8,August,cumulative_fy,12227.0,12224.0,3.0,0.0,False,False,psp_energy-2017-08.pdf
West Bengal,2017,8,August,monthly,4693.0,4672.0,21.0,0.5,False,False,psp_energy-2017-08.pdf
West Bengal,2017,8,August,cumulative_fy,23622.0,23517.0,105.0,0.4,False,False,psp_energy-2017-08.pdf
Sikkim,2017,8,August,monthly,34.0,34.0,0.0,0.0,False,False,psp_energy-2017-08.pdf
Sikkim,2017,8,August,cumulative_fy,178.0,177.0,0.0,0.0,False,False,psp_energy-2017-08.pdf
Andaman & Nicobar,2017,8,August,monthly,29.0,27.0,2.0,7.0,False,False,psp_energy-2017-08.pdf
Andaman & Nicobar,2017,8,August,cumulative_fy,127.0,111.0,16.0,12.5,False,False,psp_energy-2017-08.pdf
Eastern Region,2017,8,August,monthly,12063.0,11954.0,109.0,0.9,True,False,psp_energy-2017-08.pdf
Eastern Region,2017,8,August,cumulative_fy,59672.0,59173.0,499.0,0.8,True,False,psp_energy-2017-08.pdf
Arunachal Pradesh,2017,8,August,monthly,70.0,69.0,1.0,1.8,False,False,psp_energy-2017-08.pdf
Arunachal Pradesh,2017,8,August,cumulative_fy,316.0,311.0,6.0,1.8,False,False,psp_energy-2017-08.pdf
Assam,2017,8,August,monthly,930.0,890.0,40.0,4.3,False,False,psp_energy-2017-08.pdf
Assam,2017,8,August,cumulative_fy,4068.0,3872.0,196.0,4.8,False,False,psp_energy-2017-08.pdf
Manipur,2017,8,August,monthly,70.0,69.0,2.0,2.2,False,False,psp_energy-2017-08.pdf
Manipur,2017,8,August,cumulative_fy,318.0,312.0,7.0,2.1,False,False,psp_energy-2017-08.pdf
Meghalaya,2017,8,August,monthly,117.0,117.0,0.0,0.0,False,False,psp_energy-2017-08.pdf
Meghalaya,2017,8,August,cumulative_fy,606.0,606.0,0.0,0.0,False,False,psp_energy-2017-08.pdf
Mizoram,2017,8,August,monthly,38.0,37.0,1.0,2.8,False,False,psp_energy-2017-08.pdf
Mizoram,2017,8,August,cumulative_fy,199.0,194.0,5.0,2.4,False,False,psp_energy-2017-08.pdf
Nagaland,2017,8,August,monthly,73.0,72.0,1.0,1.9,False,False,psp_energy-2017-08.pdf
Nagaland,2017,8,August,cumulative_fy,344.0,339.0,6.0,1.6,False,False,psp_energy-2017-08.pdf
Tripura,2017,8,August,monthly,275.0,272.0,3.0,1.0,False,False,psp_energy-2017-08.pdf
Tripura,2017,8,August,cumulative_fy,1287.0,1270.0,17.0,1.3,False,False,psp_energy-2017-08.pdf
North-Eastern Region,2017,8,August,monthly,1574.0,1526.0,48.0,3.0,True,False,psp_energy-2017-08.pdf
North-Eastern Region,2017,8,August,cumulative_fy,7138.0,6903.0,235.0,3.3,True,False,psp_energy-2017-08.pdf
All India,2017,8,August,monthly,105656.0,104905.0,751.0,0.7,False,True,psp_energy-2017-08.pdf
All India,2017,8,August,cumulative_fy,518505.0,515113.0,3392.0,0.7,False,True,psp_energy-2017-08.pdf
Chandigarh,2017,9,September,monthly,150.0,150.0,0.0,0.0,False,False,psp_energy-2017-09.pdf
Chandigarh,2017,9,September,cumulative_fy,995.0,986.0,9.0,0.9,False,False,psp_energy-2017-09.pdf
Delhi,2017,9,September,monthly,3130.0,3128.0,2.0,0.1,False,False,psp_energy-2017-09.pdf
Delhi,2017,9,September,cumulative_fy,19448.0,19434.0,14.0,0.1,False,False,psp_energy-2017-09.pdf
Haryana,2017,9,September,monthly,4652.0,4652.0,0.0,0.0,False,False,psp_energy-2017-09.pdf
Haryana,2017,9,September,cumulative_fy,28668.0,28668.0,0.0,0.0,False,False,psp_energy-2017-09.pdf
Himachal Pradesh,2017,9,September,monthly,789.0,785.0,4.0,0.5,False,False,psp_energy-2017-09.pdf
Himachal Pradesh,2017,9,September,cumulative_fy,4714.0,4683.0,31.0,0.7,False,False,psp_energy-2017-09.pdf
Jammu & Kashmir,2017,9,September,monthly,1504.0,1202.0,302.0,20.1,False,False,psp_energy-2017-09.pdf
Jammu & Kashmir,2017,9,September,cumulative_fy,9109.0,7275.0,1834.0,20.1,False,False,psp_energy-2017-09.pdf
Punjab,2017,9,September,monthly,5832.0,5832.0,0.0,0.0,False,False,psp_energy-2017-09.pdf
Punjab,2017,9,September,cumulative_fy,33962.0,33962.0,0.0,0.0,False,False,psp_energy-2017-09.pdf
Rajasthan,2017,9,September,monthly,6029.0,5963.0,66.0,1.1,False,False,psp_energy-2017-09.pdf
Rajasthan,2017,9,September,cumulative_fy,34061.0,33842.0,219.0,0.6,False,False,psp_energy-2017-09.pdf
Uttar Pradesh,2017,9,September,monthly,11230.0,10976.0,254.0,2.3,False,False,psp_energy-2017-09.pdf
Uttar Pradesh,2017,9,September,cumulative_fy,65357.0,64352.0,1005.0,1.5,False,False,psp_energy-2017-09.pdf
Uttarakhand,2017,9,September,monthly,1138.0,1136.0,2.0,0.2,False,False,psp_energy-2017-09.pdf
Uttarakhand,2017,9,September,cumulative_fy,6979.0,6956.0,22.0,0.3,False,False,psp_energy-2017-09.pdf
Northern Region,2017,9,September,monthly,34454.0,33824.0,630.0,1.8,True,False,psp_energy-2017-09.pdf
Northern Region,2017,9,September,cumulative_fy,203293.0,200158.0,3135.0,1.5,True,False,psp_energy-2017-09.pdf
Chhattisgarh,2017,9,September,monthly,2389.0,2355.0,34.0,1.4,False,False,psp_energy-2017-09.pdf
Chhattisgarh,2017,9,September,cumulative_fy,13723.0,13656.0,68.0,0.5,False,False,psp_energy-2017-09.pdf
Gujarat,2017,9,September,monthly,9170.0,9170.0,0.0,0.0,False,False,psp_energy-2017-09.pdf
Gujarat,2017,9,September,cumulative_fy,53813.0,53813.0,0.0,0.0,False,False,psp_energy-2017-09.pdf
Madhya Pradesh,2017,9,September,monthly,5237.0,5237.0,0.0,0.0,False,False,psp_energy-2017-09.pdf
Madhya Pradesh,2017,9,September,cumulative_fy,30752.0,30751.0,0.0,0.0,False,False,psp_energy-2017-09.pdf
Maharashtra,2017,9,September,monthly,11501.0,11423.0,78.0,0.7,False,False,psp_energy-2017-09.pdf
Maharashtra,2017,9,September,cumulative_fy,75170.0,75041.0,129.0,0.2,False,False,psp_energy-2017-09.pdf
Daman & Diu,2017,9,September,monthly,207.0,207.0,0.0,0.0,False,False,psp_energy-2017-09.pdf
Daman & Diu,2017,9,September,cumulative_fy,1258.0,1258.0,0.0,0.0,False,False,psp_energy-2017-09.pdf
Dadra & Nagar Haveli,2017,9,September,monthly,506.0,506.0,0.0,0.0,False,False,psp_energy-2017-09.pdf
Dadra & Nagar Haveli,2017,9,September,cumulative_fy,3050.0,3050.0,0.0,0.0,False,False,psp_energy-2017-09.pdf
Goa,2017,9,September,monthly,334.0,334.0,0.0,0.0,False,False,psp_energy-2017-09.pdf
Goa,2017,9,September,cumulative_fy,2048.0,2048.0,0.0,0.0,False,False,psp_energy-2017-09.pdf
Western Region,2017,9,September,monthly,29344.0,29232.0,112.0,0.4,True,False,psp_energy-2017-09.pdf
Western Region,2017,9,September,cumulative_fy,179813.0,179616.0,197.0,0.1,True,False,psp_energy-2017-09.pdf
Andhra Pradesh,2017,9,September,monthly,4543.0,4534.0,10.0,0.2,False,False,psp_energy-2017-09.pdf
Andhra Pradesh,2017,9,September,cumulative_fy,28246.0,28225.0,20.0,0.1,False,False,psp_energy-2017-09.pdf
Telangana,2017,9,September,monthly,5244.0,5239.0,5.0,0.1,False,False,psp_energy-2017-09.pdf
Telangana,2017,9,September,cumulative_fy,28711.0,28699.0,12.0,0.0,False,False,psp_energy-2017-09.pdf
Karnataka,2017,9,September,monthly,4526.0,4520.0,7.0,0.1,False,False,psp_energy-2017-09.pdf
Karnataka,2017,9,September,cumulative_fy,31918.0,31898.0,20.0,0.1,False,False,psp_energy-2017-09.pdf
Kerala,2017,9,September,monthly,1961.0,1951.0,9.0,0.5,False,False,psp_energy-2017-09.pdf
Kerala,2017,9,September,cumulative_fy,12443.0,12413.0,30.0,0.2,False,False,psp_energy-2017-09.pdf
Tamil Nadu,2017,9,September,monthly,8233.0,8222.0,10.0,0.1,False,False,psp_energy-2017-09.pdf
Tamil Nadu,2017,9,September,cumulative_fy,54407.0,54383.0,24.0,0.0,False,False,psp_energy-2017-09.pdf
Puducherry,2017,9,September,monthly,219.0,218.0,1.0,0.5,False,False,psp_energy-2017-09.pdf
Puducherry,2017,9,September,cumulative_fy,1388.0,1385.0,3.0,0.2,False,False,psp_energy-2017-09.pdf
Lakshadweep,2017,9,September,monthly,4.0,4.0,0.0,0.0,False,False,psp_energy-2017-09.pdf
Lakshadweep,2017,9,September,cumulative_fy,24.0,24.0,0.0,0.0,False,False,psp_energy-2017-09.pdf
Southern Region,2017,9,September,monthly,24727.0,24685.0,42.0,0.2,True,False,psp_energy-2017-09.pdf
Southern Region,2017,9,September,cumulative_fy,157113.0,157004.0,110.0,0.1,True,False,psp_energy-2017-09.pdf
Bihar,2017,9,September,monthly,2548.0,2518.0,30.0,1.2,False,False,psp_energy-2017-09.pdf
Bihar,2017,9,September,cumulative_fy,14132.0,13794.0,338.0,2.4,False,False,psp_energy-2017-09.pdf
DVC,2017,9,September,monthly,1806.0,1795.0,11.0,0.6,False,False,psp_energy-2017-09.pdf
DVC,2017,9,September,cumulative_fy,10685.0,10599.0,87.0,0.8,False,False,psp_energy-2017-09.pdf
Jharkhand,2017,9,September,monthly,635.0,626.0,9.0,1.4,False,False,psp_energy-2017-09.pdf
Jharkhand,2017,9,September,cumulative_fy,3816.0,3799.0,17.0,0.4,False,False,psp_energy-2017-09.pdf
Odisha,2017,9,September,monthly,2613.0,2610.0,3.0,0.1,False,False,psp_energy-2017-09.pdf
Odisha,2017,9,September,cumulative_fy,14840.0,14835.0,5.0,0.0,False,False,psp_energy-2017-09.pdf
West Bengal,2017,9,September,monthly,4778.0,4762.0,17.0,0.3,False,False,psp_energy-2017-09.pdf
West Bengal,2017,9,September,cumulative_fy,28400.0,28279.0,121.0,0.4,False,False,psp_energy-2017-09.pdf
Sikkim,2017,9,September,monthly,34.0,34.0,0.0,0.1,False,False,psp_energy-2017-09.pdf
Sikkim,2017,9,September,cumulative_fy,212.0,212.0,0.0,0.0,False,False,psp_energy-2017-09.pdf
Andaman & Nicobar,2017,9,September,monthly,29.0,27.0,2.0,7.0,False,False,psp_energy-2017-09.pdf
Andaman & Nicobar,2017,9,September,cumulative_fy,155.0,138.0,18.0,11.4,False,False,psp_energy-2017-09.pdf
Eastern Region,2017,9,September,monthly,12414.0,12345.0,69.0,0.6,True,False,psp_energy-2017-09.pdf
Eastern Region,2017,9,September,cumulative_fy,72086.0,71517.0,568.0,0.8,True,False,psp_energy-2017-09.pdf
Arunachal Pradesh,2017,9,September,monthly,65.0,64.0,1.0,1.9,False,False,psp_energy-2017-09.pdf
Arunachal Pradesh,2017,9,September,cumulative_fy,382.0,375.0,7.0,1.8,False,False,psp_energy-2017-09.pdf
Assam,2017,9,September,monthly,899.0,855.0,44.0,4.9,False,False,psp_energy-2017-09.pdf
Assam,2017,9,September,cumulative_fy,4967.0,4727.0,240.0,4.8,False,False,psp_energy-2017-09.pdf
Manipur,2017,9,September,monthly,66.0,65.0,1.0,2.0,False,False,psp_energy-2017-09.pdf
Manipur,2017,9,September,cumulative_fy,385.0,377.0,8.0,2.1,False,False,psp_energy-2017-09.pdf
Meghalaya,2017,9,September,monthly,115.0,115.0,0.0,0.0,False,False,psp_energy-2017-09.pdf
Meghalaya,2017,9,September,cumulative_fy,721.0,721.0,0.0,0.0,False,False,psp_energy-2017-09.pdf
Mizoram,2017,9,September,monthly,38.0,37.0,1.0,2.6,False,False,psp_energy-2017-09.pdf
Mizoram,2017,9,September,cumulative_fy,237.0,231.0,6.0,2.4,False,False,psp_energy-2017-09.pdf
Nagaland,2017,9,September,monthly,72.0,70.0,1.0,1.6,False,False,psp_energy-2017-09.pdf
Nagaland,2017,9,September,cumulative_fy,416.0,409.0,7.0,1.6,False,False,psp_energy-2017-09.pdf
Tripura,2017,9,September,monthly,271.0,268.0,2.0,0.8,False,False,psp_energy-2017-09.pdf
Tripura,2017,9,September,cumulative_fy,1557.0,1538.0,19.0,1.2,False,False,psp_energy-2017-09.pdf
North-Eastern Region,2017,9,September,monthly,1526.0,1475.0,51.0,3.3,True,False,psp_energy-2017-09.pdf
North-Eastern Region,2017,9,September,cumulative_fy,8664.0,8378.0,287.0,3.3,True,False,psp_energy-2017-09.pdf
All India,2017,9,September,monthly,102465.0,101560.0,905.0,0.9,False,True,psp_energy-2017-09.pdf
All India,2017,9,September,cumulative_fy,620970.0,616673.0,4297.0,0.7,False,True,psp_energy-2017-09.pdf
Chandigarh,2017,10,October,monthly,121.0,121.0,0.0,0.0,False,False,psp_energy-2017-10.pdf
Chandigarh,2017,10,October,cumulative_fy,1116.0,1107.0,9.0,0.8,False,False,psp_energy-2017-10.pdf
Delhi,2017,10,October,monthly,2641.0,2640.0,1.0,0.0,False,False,psp_energy-2017-10.pdf
Delhi,2017,10,October,cumulative_fy,22089.0,22073.0,15.0,0.1,False,False,psp_energy-2017-10.pdf
Haryana,2017,10,October,monthly,4285.0,4285.0,0.0,0.0,False,False,psp_energy-2017-10.pdf
Haryana,2017,10,October,cumulative_fy,32953.0,32953.0,0.0,0.0,False,False,psp_energy-2017-10.pdf
Himachal Pradesh,2017,10,October,monthly,744.0,741.0,3.0,0.4,False,False,psp_energy-2017-10.pdf
Himachal Pradesh,2017,10,October,cumulative_fy,5458.0,5424.0,34.0,0.6,False,False,psp_energy-2017-10.pdf
Jammu & Kashmir,2017,10,October,monthly,1532.0,1225.0,307.0,20.0,False,False,psp_energy-2017-10.pdf
Jammu & Kashmir,2017,10,October,cumulative_fy,10641.0,8500.0,2141.0,20.1,False,False,psp_energy-2017-10.pdf
Punjab,2017,10,October,monthly,4443.0,4443.0,0.0,0.0,False,False,psp_energy-2017-10.pdf
Punjab,2017,10,October,cumulative_fy,38406.0,38406.0,0.0,0.0,False,False,psp_energy-2017-10.pdf
Rajasthan,2017,10,October,monthly,6302.0,6163.0,139.0,2.2,False,False,psp_energy-2017-10.pdf
Rajasthan,2017,10,October,cumulative_fy,40363.0,40005.0,358.0,0.9,False,False,psp_energy-2017-10.pdf
Uttar Pradesh,2017,10,October,monthly,10660.0,10419.0,241.0,2.3,False,False,psp_energy-2017-10.pdf
Uttar Pradesh,2017,10,October,cumulative_fy,76018.0,74771.0,1246.0,1.6,False,False,psp_energy-2017-10.pdf
Uttarakhand,2017,10,October,monthly,1058.0,1058.0,0.0,0.0,False,False,psp_energy-2017-10.pdf
Uttarakhand,2017,10,October,cumulative_fy,8037.0,8014.0,22.0,0.3,False,False,psp_energy-2017-10.pdf
Northern Region,2017,10,October,monthly,31786.0,31096.0,691.0,2.2,True,False,psp_energy-2017-10.pdf
Northern Region,2017,10,October,cumulative_fy,235080.0,231254.0,3825.0,1.6,True,False,psp_energy-2017-10.pdf
Chhattisgarh,2017,10,October,monthly,2239.0,2236.0,3.0,0.1,False,False,psp_energy-2017-10.pdf
Chhattisgarh,2017,10,October,cumulative_fy,15962.0,15891.0,71.0,0.4,False,False,psp_energy-2017-10.pdf
Gujarat,2017,10,October,monthly,10031.0,10031.0,0.0,0.0,False,False,psp_energy-2017-10.pdf
Gujarat,2017,10,October,cumulative_fy,63844.0,63844.0,0.0,0.0,False,False,psp_energy-2017-10.pdf
Madhya Pradesh,2017,10,October,monthly,6309.0,6309.0,0.0,0.0,False,False,psp_energy-2017-10.pdf
Madhya Pradesh,2017,10,October,cumulative_fy,37060.0,37060.0,0.0,0.0,False,False,psp_energy-2017-10.pdf
Maharashtra,2017,10,October,monthly,12072.0,11975.0,97.0,0.8,False,False,psp_energy-2017-10.pdf
Maharashtra,2017,10,October,cumulative_fy,87242.0,87016.0,226.0,0.3,False,False,psp_energy-2017-10.pdf
Daman & Diu,2017,10,October,monthly,214.0,214.0,0.0,0.0,False,False,psp_energy-2017-10.pdf
Daman & Diu,2017,10,October,cumulative_fy,1471.0,1471.0,0.0,0.0,False,False,psp_energy-2017-10.pdf
Dadra & Nagar Haveli,2017,10,October,monthly,511.0,511.0,0.0,0.0,False,False,psp_energy-2017-10.pdf
Dadra & Nagar Haveli,2017,10,October,cumulative_fy,3561.0,3561.0,0.0,0.0,False,False,psp_energy-2017-10.pdf
Goa,2017,10,October,monthly,353.0,353.0,0.0,0.0,False,False,psp_energy-2017-10.pdf
Goa,2017,10,October,cumulative_fy,2401.0,2401.0,0.0,0.0,False,False,psp_energy-2017-10.pdf
Western Region,2017,10,October,monthly,31728.0,31628.0,100.0,0.3,True,False,psp_energy-2017-10.pdf
Western Region,2017,10,October,cumulative_fy,211541.0,211244.0,297.0,0.1,True,False,psp_energy-2017-10.pdf
Andhra Pradesh,2017,10,October,monthly,4609.0,4603.0,7.0,0.1,False,False,psp_energy-2017-10.pdf
Andhra Pradesh,2017,10,October,cumulative_fy,32855.0,32828.0,27.0,0.1,False,False,psp_energy-2017-10.pdf
Telangana,2017,10,October,monthly,4630.0,4624.0,6.0,0.1,False,False,psp_energy-2017-10.pdf
Telangana,2017,10,October,cumulative_fy,33341.0,33322.0,18.0,0.1,False,False,psp_energy-2017-10.pdf
Karnataka,2017,10,October,monthly,4463.0,4455.0,8.0,0.2,False,False,psp_energy-2017-10.pdf
Karnataka,2017,10,October,cumulative_fy,36381.0,36353.0,28.0,0.1,False,False,psp_energy-2017-10.pdf
Kerala,2017,10,October,monthly,2052.0,2043.0,9.0,0.4,False,False,psp_energy-2017-10.pdf
Kerala,2017,10,October,cumulative_fy,14495.0,14457.0,39.0,0.3,False,False,psp_energy-2017-10.pdf
Tamil Nadu,2017,10,October,monthly,8339.0,8327.0,12.0,0.1,False,False,psp_energy-2017-10.pdf
Tamil Nadu,2017,10,October,cumulative_fy,62746.0,62710.0,37.0,0.1,False,False,psp_energy-2017-10.pdf
Puducherry,2017,10,October,monthly,221.0,220.0,0.0,0.2,False,False,psp_energy-2017-10.pdf
Puducherry,2017,10,October,cumulative_fy,1609.0,1605.0,4.0,0.2,False,False,psp_energy-2017-10.pdf
Lakshadweep,2017,10,October,monthly,4.0,4.0,0.0,0.0,False,False,psp_energy-2017-10.pdf
Lakshadweep,2017,10,October,cumulative_fy,27.0,27.0,0.0,0.0,False,False,psp_energy-2017-10.pdf
Southern Region,2017,10,October,monthly,24314.0,24271.0,42.0,0.2,True,False,psp_energy-2017-10.pdf
Southern Region,2017,10,October,cumulative_fy,181427.0,181275.0,152.0,0.1,True,False,psp_energy-2017-10.pdf
Bihar,2017,10,October,monthly,2485.0,2467.0,18.0,0.7,False,False,psp_energy-2017-10.pdf
Bihar,2017,10,October,cumulative_fy,16617.0,16261.0,356.0,2.1,False,False,psp_energy-2017-10.pdf
DVC,2017,10,October,monthly,1827.0,1795.0,32.0,1.8,False,False,psp_energy-2017-10.pdf
DVC,2017,10,October,cumulative_fy,12512.0,12393.0,119.0,0.9,False,False,psp_energy-2017-10.pdf
Jharkhand,2017,10,October,monthly,641.0,630.0,11.0,1.6,False,False,psp_energy-2017-10.pdf
Jharkhand,2017,10,October,cumulative_fy,4457.0,4429.0,27.0,0.6,False,False,psp_energy-2017-10.pdf
Odisha,2017,10,October,monthly,2697.0,2694.0,3.0,0.1,False,False,psp_energy-2017-10.pdf
Odisha,2017,10,October,cumulative_fy,17537.0,17529.0,8.0,0.0,False,False,psp_energy-2017-10.pdf
West Bengal,2017,10,October,monthly,4323.0,4306.0,18.0,0.4,False,False,psp_energy-2017-10.pdf
West Bengal,2017,10,October,cumulative_fy,32724.0,32584.0,139.0,0.4,False,False,psp_energy-2017-10.pdf
Sikkim,2017,10,October,monthly,39.0,39.0,0.0,0.1,False,False,psp_energy-2017-10.pdf
Sikkim,2017,10,October,cumulative_fy,251.0,251.0,0.0,0.0,False,False,psp_energy-2017-10.pdf
Andaman & Nicobar,2017,10,October,monthly,29.0,27.0,2.0,7.0,False,False,psp_energy-2017-10.pdf
Andaman & Nicobar,2017,10,October,cumulative_fy,184.0,165.0,20.0,10.6,False,False,psp_energy-2017-10.pdf
Eastern Region,2017,10,October,monthly,12012.0,11931.0,81.0,0.7,True,False,psp_energy-2017-10.pdf
Eastern Region,2017,10,October,cumulative_fy,84097.0,83448.0,649.0,0.8,True,False,psp_energy-2017-10.pdf
Arunachal Pradesh,2017,10,October,monthly,71.0,69.0,1.0,1.9,False,False,psp_energy-2017-10.pdf
Arunachal Pradesh,2017,10,October,cumulative_fy,452.0,444.0,8.0,1.8,False,False,psp_energy-2017-10.pdf
Assam,2017,10,October,monthly,857.0,827.0,29.0,3.4,False,False,psp_energy-2017-10.pdf
Assam,2017,10,October,cumulative_fy,5823.0,5554.0,269.0,4.6,False,False,psp_energy-2017-10.pdf
Manipur,2017,10,October,monthly,71.0,70.0,1.0,2.0,False,False,psp_energy-2017-10.pdf
Manipur,2017,10,October,cumulative_fy,456.0,446.0,10.0,2.1,False,False,psp_energy-2017-10.pdf
Meghalaya,2017,10,October,monthly,121.0,121.0,0.0,0.0,False,False,psp_energy-2017-10.pdf
Meghalaya,2017,10,October,cumulative_fy,842.0,841.0,0.0,0.0,False,False,psp_energy-2017-10.pdf
Mizoram,2017,10,October,monthly,39.0,38.0,1.0,2.9,False,False,psp_energy-2017-10.pdf
Mizoram,2017,10,October,cumulative_fy,276.0,269.0,7.0,2.5,False,False,psp_energy-2017-10.pdf
Nagaland,2017,10,October,monthly,68.0,66.0,1.0,1.8,False,False,psp_energy-2017-10.pdf
Nagaland,2017,10,October,cumulative_fy,483.0,475.0,8.0,1.6,False,False,psp_energy-2017-10.pdf
Tripura,2017,10,October,monthly,261.0,259.0,2.0,0.7,False,False,psp_energy-2017-10.pdf
Tripura,2017,10,October,cumulative_fy,1819.0,1798.0,21.0,1.2,False,False,psp_energy-2017-10.pdf
North-Eastern Region,2017,10,October,monthly,1487.0,1451.0,36.0,2.4,True,False,psp_energy-2017-10.pdf
North-Eastern Region,2017,10,October,cumulative_fy,10151.0,9828.0,323.0,3.2,True,False,psp_energy-2017-10.pdf
All India,2017,10,October,monthly,101327.0,100376.0,950.0,0.9,False,True,psp_energy-2017-10.pdf
All India,2017,10,October,cumulative_fy,722296.0,717050.0,5247.0,0.7,False,True,psp_energy-2017-10.pdf
Chandigarh,2017,11,November,monthly,94.0,94.0,0.0,0.0,False,False,psp_energy-2017-11.pdf
Chandigarh,2017,11,November,cumulative_fy,1210.0,1201.0,9.0,0.7,False,False,psp_energy-2017-11.pdf
Delhi,2017,11,November,monthly,1897.0,1896.0,1.0,0.0,False,False,psp_energy-2017-11.pdf
Delhi,2017,11,November,cumulative_fy,23986.0,23970.0,16.0,0.1,False,False,psp_energy-2017-11.pdf
Haryana,2017,11,November,monthly,3301.0,3301.0,0.0,0.0,False,False,psp_energy-2017-11.pdf
Haryana,2017,11,November,cumulative_fy,36254.0,36254.0,0.0,0.0,False,False,psp_energy-2017-11.pdf
Himachal Pradesh,2017,11,November,monthly,756.0,754.0,2.0,0.3,False,False,psp_energy-2017-11.pdf
Himachal Pradesh,2017,11,November,cumulative_fy,6214.0,6178.0,36.0,0.6,False,False,psp_energy-2017-11.pdf
Jammu & Kashmir,2017,11,November,monthly,1501.0,1203.0,298.0,19.8,False,False,psp_energy-2017-11.pdf
Jammu & Kashmir,2017,11,November,cumulative_fy,12142.0,9703.0,2439.0,20.1,False,False,psp_energy-2017-11.pdf
Punjab,2017,11,November,monthly,2988.0,2988.0,0.0,0.0,False,False,psp_energy-2017-11.pdf
Punjab,2017,11,November,cumulative_fy,41394.0,41394.0,0.0,0.0,False,False,psp_energy-2017-11.pdf
Rajasthan,2017,11,November,monthly,6159.0,6112.0,46.0,0.8,False,False,psp_energy-2017-11.pdf
Rajasthan,2017,11,November,cumulative_fy,46522.0,46118.0,404.0,0.9,False,False,psp_energy-2017-11.pdf
Uttar Pradesh,2017,11,November,monthly,8381.0,8275.0,106.0,1.3,False,False,psp_energy-2017-11.pdf
Uttar Pradesh,2017,11,November,cumulative_fy,84399.0,83046.0,1352.0,1.6,False,False,psp_energy-2017-11.pdf
Uttarakhand,2017,11,November,monthly,1016.0,1013.0,2.0,0.2,False,False,psp_energy-2017-11.pdf
Uttarakhand,2017,11,November,cumulative_fy,9052.0,9028.0,25.0,0.3,False,False,psp_energy-2017-11.pdf
Northern Region,2017,11,November,monthly,26093.0,25637.0,456.0,1.7,True,False,psp_energy-2017-11.pdf
Northern Region,2017,11,November,cumulative_fy,261172.0,256891.0,4281.0,1.6,True,False,psp_energy-2017-11.pdf
Chhattisgarh,2017,11,November,monthly,1826.0,1818.0,9.0,0.5,False,False,psp_energy-2017-11.pdf
Chhattisgarh,2017,11,November,cumulative_fy,17788.0,17709.0,79.0,0.4,False,False,psp_energy-2017-11.pdf
Gujarat,2017,11,November,monthly,9394.0,9394.0,0.0,0.0,False,False,psp_energy-2017-11.pdf
Gujarat,2017,11,November,cumulative_fy,73238.0,73238.0,0.0,0.0,False,False,psp_energy-2017-11.pdf
Madhya Pradesh,2017,11,November,monthly,7731.0,7731.0,0.0,0.0,False,False,psp_energy-2017-11.pdf
Madhya Pradesh,2017,11,November,cumulative_fy,44791.0,44791.0,0.0,0.0,False,False,psp_energy-2017-11.pdf
Maharashtra,2017,11,November,monthly,12424.0,12424.0,1.0,0.0,False,False,psp_energy-2017-11.pdf
Maharashtra,2017,11,November,cumulative_fy,99667.0,99440.0,227.0,0.2,False,False,psp_energy-2017-11.pdf
Daman & Diu,2017,11,November,monthly,213.0,213.0,0.0,0.0,False,False,psp_energy-2017-11.pdf
Daman & Diu,2017,11,November,cumulative_fy,1685.0,1685.0,0.0,0.0,False,False,psp_energy-2017-11.pdf
Dadra & Nagar Haveli,2017,11,November,monthly,512.0,512.0,0.0,0.0,False,False,psp_energy-2017-11.pdf
Dadra & Nagar Haveli,2017,11,November,cumulative_fy,4073.0,4073.0,0.0,0.0,False,False,psp_energy-2017-11.pdf
Goa,2017,11,November,monthly,343.0,343.0,0.0,0.0,False,False,psp_energy-2017-11.pdf
Goa,2017,11,November,cumulative_fy,2744.0,2744.0,0.0,0.0,False,False,psp_energy-2017-11.pdf
Western Region,2017,11,November,monthly,32444.0,32435.0,9.0,0.0,True,False,psp_energy-2017-11.pdf
Western Region,2017,11,November,cumulative_fy,243985.0,243679.0,306.0,0.1,True,False,psp_energy-2017-11.pdf
Andhra Pradesh,2017,11,November,monthly,4931.0,4924.0,7.0,0.1,False,False,psp_energy-2017-11.pdf
Andhra Pradesh,2017,11,November,cumulative_fy,37786.0,37752.0,34.0,0.1,False,False,psp_energy-2017-11.pdf
Telangana,2017,11,November,monthly,4528.0,4522.0,6.0,0.1,False,False,psp_energy-2017-11.pdf
Telangana,2017,11,November,cumulative_fy,37869.0,37844.0,25.0,0.1,False,False,psp_energy-2017-11.pdf
Karnataka,2017,11,November,monthly,5784.0,5723.0,61.0,1.1,False,False,psp_energy-2017-11.pdf
Karnataka,2017,11,November,cumulative_fy,42165.0,42076.0,89.0,0.2,False,False,psp_energy-2017-11.pdf
Kerala,2017,11,November,monthly,2014.0,2007.0,7.0,0.3,False,False,psp_energy-2017-11.pdf
Kerala,2017,11,November,cumulative_fy,16509.0,16464.0,45.0,0.3,False,False,psp_energy-2017-11.pdf
Tamil Nadu,2017,11,November,monthly,8012.0,7999.0,12.0,0.2,False,False,psp_energy-2017-11.pdf
Tamil Nadu,2017,11,November,cumulative_fy,70758.0,70709.0,49.0,0.1,False,False,psp_energy-2017-11.pdf
Puducherry,2017,11,November,monthly,201.0,200.0,0.0,0.2,False,False,psp_energy-2017-11.pdf
Puducherry,2017,11,November,cumulative_fy,1810.0,1806.0,4.0,0.2,False,False,psp_energy-2017-11.pdf
Lakshadweep,2017,11,November,monthly,4.0,4.0,0.0,0.0,False,False,psp_energy-2017-11.pdf
Lakshadweep,2017,11,November,cumulative_fy,31.0,31.0,0.0,0.0,False,False,psp_energy-2017-11.pdf
Southern Region,2017,11,November,monthly,25469.0,25376.0,93.0,0.4,True,False,psp_energy-2017-11.pdf
Southern Region,2017,11,November,cumulative_fy,206896.0,206651.0,245.0,0.1,True,False,psp_energy-2017-11.pdf
Bihar,2017,11,November,monthly,1889.0,1883.0,7.0,0.3,False,False,psp_energy-2017-11.pdf
Bihar,2017,11,November,cumulative_fy,18506.0,18144.0,362.0,2.0,False,False,psp_energy-2017-11.pdf
DVC,2017,11,November,monthly,1760.0,1723.0,37.0,2.1,False,False,psp_energy-2017-11.pdf
DVC,2017,11,November,cumulative_fy,14272.0,14116.0,155.0,1.1,False,False,psp_energy-2017-11.pdf
Jharkhand,2017,11,November,monthly,665.0,633.0,32.0,4.8,False,False,psp_energy-2017-11.pdf
Jharkhand,2017,11,November,cumulative_fy,5121.0,5062.0,59.0,1.2,False,False,psp_energy-2017-11.pdf
Odisha,2017,11,November,monthly,2125.0,2101.0,24.0,1.1,False,False,psp_energy-2017-11.pdf
Odisha,2017,11,November,cumulative_fy,19662.0,19630.0,32.0,0.2,False,False,psp_energy-2017-11.pdf
West Bengal,2017,11,November,monthly,3408.0,3402.0,5.0,0.2,False,False,psp_energy-2017-11.pdf
West Bengal,2017,11,November,cumulative_fy,36131.0,35987.0,145.0,0.4,False,False,psp_energy-2017-11.pdf
Sikkim,2017,11,November,monthly,48.0,48.0,0.0,0.1,False,False,psp_energy-2017-11.pdf
Sikkim,2017,11,November,cumulative_fy,299.0,299.0,0.0,0.1,False,False,psp_energy-2017-11.pdf
Andaman & Nicobar,2017,11,November,monthly,29.0,27.0,2.0,7.0,False,False,psp_energy-2017-11.pdf
Andaman & Nicobar,2017,11,November,cumulative_fy,213.0,192.0,22.0,10.1,False,False,psp_energy-2017-11.pdf
Eastern Region,2017,11,November,monthly,9895.0,9790.0,105.0,1.1,True,False,psp_energy-2017-11.pdf
Eastern Region,2017,11,November,cumulative_fy,93992.0,93238.0,754.0,0.8,True,False,psp_energy-2017-11.pdf
Arunachal Pradesh,2017,11,November,monthly,71.0,70.0,1.0,1.5,False,False,psp_energy-2017-11.pdf
Arunachal Pradesh,2017,11,November,cumulative_fy,523.0,514.0,9.0,1.8,False,False,psp_energy-2017-11.pdf
Assam,2017,11,November,monthly,695.0,679.0,16.0,2.3,False,False,psp_energy-2017-11.pdf
Assam,2017,11,November,cumulative_fy,6518.0,6233.0,285.0,4.4,False,False,psp_energy-2017-11.pdf
Manipur,2017,11,November,monthly,73.0,72.0,1.0,1.5,False,False,psp_energy-2017-11.pdf
Manipur,2017,11,November,cumulative_fy,529.0,518.0,11.0,2.0,False,False,psp_energy-2017-11.pdf
Meghalaya,2017,11,November,monthly,136.0,136.0,0.0,0.0,False,False,psp_energy-2017-11.pdf
Meghalaya,2017,11,November,cumulative_fy,978.0,978.0,0.0,0.0,False,False,psp_energy-2017-11.pdf
Mizoram,2017,11,November,monthly,34.0,33.0,1.0,2.7,False,False,psp_energy-2017-11.pdf
Mizoram,2017,11,November,cumulative_fy,310.0,302.0,8.0,2.5,False,False,psp_energy-2017-11.pdf
Nagaland,2017,11,November,monthly,57.0,56.0,1.0,1.8,False,False,psp_energy-2017-11.pdf
Nagaland,2017,11,November,cumulative_fy,541.0,532.0,9.0,1.7,False,False,psp_energy-2017-11.pdf
Tripura,2017,11,November,monthly,224.0,223.0,1.0,0.5,False,False,psp_energy-2017-11.pdf
Tripura,2017,11,November,cumulative_fy,2043.0,2020.0,22.0,1.1,False,False,psp_energy-2017-11.pdf
North-Eastern Region,2017,11,November,monthly,1290.0,1269.0,21.0,1.6,True,False,psp_energy-2017-11.pdf
North-Eastern Region,2017,11,November,cumulative_fy,11441.0,11097.0,344.0,3.0,True,False,psp_energy-2017-11.pdf
All India,2017,11,November,monthly,95190.0,94506.0,684.0,0.7,False,True,psp_energy-2017-11.pdf
All India,2017,11,November,cumulative_fy,817487.0,811556.0,5931.0,0.7,False,True,psp_energy-2017-11.pdf
Chandigarh,2017,12,December,monthly,103.0,103.0,0.0,0.0,False,False,psp_energy-2017-12.pdf
Chandigarh,2017,12,December,cumulative_fy,1313.0,1304.0,9.0,0.7,False,False,psp_energy-2017-12.pdf
Delhi,2017,12,December,monthly,1968.0,1968.0,1.0,0.0,False,False,psp_energy-2017-12.pdf
Delhi,2017,12,December,cumulative_fy,25954.0,25937.0,16.0,0.1,False,False,psp_energy-2017-12.pdf
Haryana,2017,12,December,monthly,3641.0,3641.0,0.0,0.0,False,False,psp_energy-2017-12.pdf
Haryana,2017,12,December,cumulative_fy,39895.0,39895.0,0.0,0.0,False,False,psp_energy-2017-12.pdf
Himachal Pradesh,2017,12,December,monthly,836.0,832.0,3.0,0.4,False,False,psp_energy-2017-12.pdf
Himachal Pradesh,2017,12,December,cumulative_fy,7050.0,7010.0,39.0,0.6,False,False,psp_energy-2017-12.pdf
Jammu & Kashmir,2017,12,December,monthly,1665.0,1331.0,335.0,20.1,False,False,psp_energy-2017-12.pdf
Jammu & Kashmir,2017,12,December,cumulative_fy,13807.0,11034.0,2773.0,20.1,False,False,psp_energy-2017-12.pdf
Punjab,2017,12,December,monthly,3239.0,3239.0,0.0,0.0,False,False,psp_energy-2017-12.pdf
Punjab,2017,12,December,cumulative_fy,44633.0,44633.0,0.0,0.0,False,False,psp_energy-2017-12.pdf
Rajasthan,2017,12,December,monthly,6226.0,6198.0,29.0,0.5,False,False,psp_energy-2017-12.pdf
Rajasthan,2017,12,December,cumulative_fy,52749.0,52316.0,433.0,0.8,False,False,psp_energy-2017-12.pdf
Uttar Pradesh,2017,12,December,monthly,8794.0,8705.0,89.0,1.0,False,False,psp_energy-2017-12.pdf
Uttar Pradesh,2017,12,December,cumulative_fy,93193.0,91752.0,1441.0,1.5,False,False,psp_energy-2017-12.pdf
Uttarakhand,2017,12,December,monthly,1108.0,1106.0,2.0,0.2,False,False,psp_energy-2017-12.pdf
Uttarakhand,2017,12,December,cumulative_fy,10160.0,10134.0,27.0,0.3,False,False,psp_energy-2017-12.pdf
Northern Region,2017,12,December,monthly,27581.0,27123.0,458.0,1.7,True,False,psp_energy-2017-12.pdf
Northern Region,2017,12,December,cumulative_fy,288754.0,284014.0,4739.0,1.6,True,False,psp_energy-2017-12.pdf
Chhattisgarh,2017,12,December,monthly,1929.0,1928.0,1.0,,False,False,psp_energy-2017-12.pdf
Chhattisgarh,2017,12,December,cumulative_fy,,19637.0,80.0,0.4,False,False,psp_energy-2017-12.pdf
Gujarat,2017,12,December,monthly,9210.0,9198.0,12.0,,False,False,psp_energy-2017-12.pdf
Gujarat,2017,12,December,cumulative_fy,,82436.0,12.0,0.0,False,False,psp_energy-2017-12.pdf
Madhya Pradesh,2017,12,December,monthly,7081.0,7081.0,0.0,,False,False,psp_energy-2017-12.pdf
Madhya Pradesh,2017,12,December,cumulative_fy,,51872.0,0.0,0.0,False,False,psp_energy-2017-12.pdf
Maharashtra,2017,12,December,monthly,12267.0,12264.0,3.0,,False,False,psp_energy-2017-12.pdf
Maharashtra,2017,12,December,cumulative_fy,,111704.0,230.0,0.2,False,False,psp_energy-2017-12.pdf
Daman & Diu,2017,12,December,monthly,214.0,214.0,0.0,,False,False,psp_energy-2017-12.pdf
Daman & Diu,2017,12,December,cumulative_fy,,1898.0,0.0,0.0,False,False,psp_energy-2017-12.pdf
Dadra & Nagar Haveli,2017,12,December,monthly,533.0,533.0,0.0,,False,False,psp_energy-2017-12.pdf
Dadra & Nagar Haveli,2017,12,December,cumulative_fy,,4607.0,0.0,0.0,False,False,psp_energy-2017-12.pdf
Goa,2017,12,December,monthly,339.0,339.0,0.0,,False,False,psp_energy-2017-12.pdf
Goa,2017,12,December,cumulative_fy,,3083.0,0.0,0.0,False,False,psp_energy-2017-12.pdf
Western Region,2017,12,December,monthly,31573.0,31558.0,16.0,,True,False,psp_energy-2017-12.pdf
Western Region,2017,12,December,cumulative_fy,,275236.0,322.0,0.1,True,False,psp_energy-2017-12.pdf
Andhra Pradesh,2017,12,December,monthly,4990.0,4986.0,5.0,0.1,False,False,psp_energy-2017-12.pdf
Andhra Pradesh,2017,12,December,cumulative_fy,42776.0,42738.0,38.0,0.1,False,False,psp_energy-2017-12.pdf
Telangana,2017,12,December,monthly,4976.0,4972.0,4.0,0.1,False,False,psp_energy-2017-12.pdf
Telangana,2017,12,December,cumulative_fy,42845.0,42816.0,29.0,0.1,False,False,psp_energy-2017-12.pdf
Karnataka,2017,12,December,monthly,6165.0,6160.0,6.0,0.1,False,False,psp_energy-2017-12.pdf
Karnataka,2017,12,December,cumulative_fy,48330.0,48236.0,94.0,0.2,False,False,psp_energy-2017-12.pdf
Kerala,2017,12,December,monthly,2049.0,2044.0,4.0,0.2,False,False,psp_energy-2017-12.pdf
Kerala,2017,12,December,cumulative_fy,18558.0,18508.0,50.0,0.3,False,False,psp_energy-2017-12.pdf
Tamil Nadu,2017,12,December,monthly,8423.0,8414.0,9.0,0.1,False,False,psp_energy-2017-12.pdf
Tamil Nadu,2017,12,December,cumulative_fy,79181.0,79123.0,58.0,0.1,False,False,psp_energy-2017-12.pdf
Puducherry,2017,12,December,monthly,210.0,210.0,0.0,0.1,False,False,psp_energy-2017-12.pdf
Puducherry,2017,12,December,cumulative_fy,2020.0,2015.0,4.0,0.2,False,False,psp_energy-2017-12.pdf
Lakshadweep,2017,12,December,monthly,4.0,4.0,0.0,0.0,False,False,psp_energy-2017-12.pdf
Lakshadweep,2017,12,December,cumulative_fy,35.0,35.0,0.0,0.0,False,False,psp_energy-2017-12.pdf
Southern Region,2017,12,December,monthly,26813.0,26785.0,28.0,0.1,True,False,psp_energy-2017-12.pdf
Southern Region,2017,12,December,cumulative_fy,233709.0,233435.0,273.0,0.1,True,False,psp_energy-2017-12.pdf
Bihar,2017,12,December,monthly,1978.0,1965.0,14.0,0.7,False,False,psp_energy-2017-12.pdf
Bihar,2017,12,December,cumulative_fy,20484.0,20108.0,376.0,1.8,False,False,psp_energy-2017-12.pdf
DVC,2017,12,December,monthly,1856.0,1851.0,5.0,0.3,False,False,psp_energy-2017-12.pdf
DVC,2017,12,December,cumulative_fy,16128.0,15967.0,161.0,1.0,False,False,psp_energy-2017-12.pdf
Jharkhand,2017,12,December,monthly,683.0,658.0,25.0,3.6,False,False,psp_energy-2017-12.pdf
Jharkhand,2017,12,December,cumulative_fy,5804.0,5720.0,84.0,1.5,False,False,psp_energy-2017-12.pdf
Odisha,2017,12,December,monthly,2161.0,2160.0,2.0,0.1,False,False,psp_energy-2017-12.pdf
Odisha,2017,12,December,cumulative_fy,21824.0,21790.0,34.0,0.2,False,False,psp_energy-2017-12.pdf
West Bengal,2017,12,December,monthly,2965.0,2957.0,8.0,0.3,False,False,psp_energy-2017-12.pdf
West Bengal,2017,12,December,cumulative_fy,39096.0,38944.0,152.0,0.4,False,False,psp_energy-2017-12.pdf
Sikkim,2017,12,December,monthly,49.0,49.0,0.0,0.1,False,False,psp_energy-2017-12.pdf
Sikkim,2017,12,December,cumulative_fy,348.0,348.0,0.0,0.1,False,False,psp_energy-2017-12.pdf
Andaman & Nicobar,2017,12,December,monthly,29.0,27.0,2.0,7.0,False,False,psp_energy-2017-12.pdf
Andaman & Nicobar,2017,12,December,cumulative_fy,242.0,218.0,23.0,9.7,False,False,psp_energy-2017-12.pdf
Eastern Region,2017,12,December,monthly,9692.0,9639.0,53.0,0.6,True,False,psp_energy-2017-12.pdf
Eastern Region,2017,12,December,cumulative_fy,103684.0,102877.0,808.0,0.8,True,False,psp_energy-2017-12.pdf
Arunachal Pradesh,2017,12,December,monthly,72.0,72.0,0.0,0.0,False,False,psp_energy-2017-12.pdf
Arunachal Pradesh,2017,12,December,cumulative_fy,595.0,586.0,9.0,1.6,False,False,psp_energy-2017-12.pdf
Assam,2017,12,December,monthly,687.0,685.0,1.0,0.2,False,False,psp_energy-2017-12.pdf
Assam,2017,12,December,cumulative_fy,7205.0,6919.0,286.0,4.0,False,False,psp_energy-2017-12.pdf
Manipur,2017,12,December,monthly,96.0,82.0,14.0,14.2,False,False,psp_energy-2017-12.pdf
Manipur,2017,12,December,cumulative_fy,625.0,600.0,24.0,3.9,False,False,psp_energy-2017-12.pdf
Meghalaya,2017,12,December,monthly,149.0,148.0,1.0,0.8,False,False,psp_energy-2017-12.pdf
Meghalaya,2017,12,December,cumulative_fy,1127.0,1126.0,2.0,0.1,False,False,psp_energy-2017-12.pdf
Mizoram,2017,12,December,monthly,48.0,48.0,0.0,0.0,False,False,psp_energy-2017-12.pdf
Mizoram,2017,12,December,cumulative_fy,358.0,350.0,8.0,2.2,False,False,psp_energy-2017-12.pdf
Nagaland,2017,12,December,monthly,66.0,64.0,1.0,1.6,False,False,psp_energy-2017-12.pdf
Nagaland,2017,12,December,cumulative_fy,606.0,596.0,10.0,1.7,False,False,psp_energy-2017-12.pdf
Tripura,2017,12,December,monthly,167.0,159.0,8.0,5.0,False,False,psp_energy-2017-12.pdf
Tripura,2017,12,December,cumulative_fy,2209.0,2179.0,30.0,1.4,False,False,psp_energy-2017-12.pdf
North-Eastern Region,2017,12,December,monthly,1284.0,1259.0,26.0,2.0,True,False,psp_energy-2017-12.pdf
North-Eastern Region,2017,12,December,cumulative_fy,12726.0,12356.0,370.0,2.9,True,False,psp_energy-2017-12.pdf
All India,2017,12,December,monthly,96944.0,96363.0,581.0,0.6,False,True,psp_energy-2017-12.pdf
All India,2017,12,December,cumulative_fy,914431.0,907919.0,6512.0,0.7,False,True,psp_energy-2017-12.pdf
Chandigarh,2018,1,January,monthly,111.0,111.0,0.0,0.0,False,False,psp_energy-2018-01.pdf
Chandigarh,2018,1,January,cumulative_fy,1423.0,1415.0,9.0,0.6,False,False,psp_energy-2018-01.pdf
Delhi,2018,1,January,monthly,2063.0,2062.0,1.0,0.0,False,False,psp_energy-2018-01.pdf
Delhi,2018,1,January,cumulative_fy,28017.0,28000.0,17.0,0.1,False,False,psp_energy-2018-01.pdf
Haryana,2018,1,January,monthly,3515.0,3515.0,0.0,0.0,False,False,psp_energy-2018-01.pdf
Haryana,2018,1,January,cumulative_fy,43411.0,43411.0,0.0,0.0,False,False,psp_energy-2018-01.pdf
Himachal Pradesh,2018,1,January,monthly,833.0,829.0,4.0,0.5,False,False,psp_energy-2018-01.pdf
Himachal Pradesh,2018,1,January,cumulative_fy,7883.0,7839.0,44.0,0.6,False,False,psp_energy-2018-01.pdf
Jammu & Kashmir,2018,1,January,monthly,1798.0,1443.0,355.0,19.7,False,False,psp_energy-2018-01.pdf
Jammu & Kashmir,2018,1,January,cumulative_fy,15605.0,12476.0,3128.0,20.0,False,False,psp_energy-2018-01.pdf
Punjab,2018,1,January,monthly,3328.0,3328.0,0.0,0.0,False,False,psp_energy-2018-01.pdf
Punjab,2018,1,January,cumulative_fy,47962.0,47962.0,0.0,0.0,False,False,psp_energy-2018-01.pdf
Rajasthan,2018,1,January,monthly,6607.0,6545.0,62.0,0.9,False,False,psp_energy-2018-01.pdf
Rajasthan,2018,1,January,cumulative_fy,59355.0,58861.0,495.0,0.8,False,False,psp_energy-2018-01.pdf
Uttar Pradesh,2018,1,January,monthly,9423.0,9333.0,90.0,1.0,False,False,psp_energy-2018-01.pdf
Uttar Pradesh,2018,1,January,cumulative_fy,102616.0,101085.0,1531.0,1.5,False,False,psp_energy-2018-01.pdf
Uttarakhand,2018,1,January,monthly,1195.0,1194.0,2.0,0.1,False,False,psp_energy-2018-01.pdf
Uttarakhand,2018,1,January,cumulative_fy,11356.0,11327.0,29.0,0.3,False,False,psp_energy-2018-01.pdf
Northern Region,2018,1,January,monthly,28874.0,28361.0,513.0,1.8,True,False,psp_energy-2018-01.pdf
Northern Region,2018,1,January,cumulative_fy,317628.0,312376.0,5252.0,1.7,True,False,psp_energy-2018-01.pdf
Chhattisgarh,2018,1,January,monthly,2063.0,2060.0,3.0,0.1,False,False,psp_energy-2018-01.pdf
Chhattisgarh,2018,1,January,cumulative_fy,21781.0,21697.0,83.0,0.4,False,False,psp_energy-2018-01.pdf
Gujarat,2018,1,January,monthly,9165.0,9165.0,0.0,0.0,False,False,psp_energy-2018-01.pdf
Gujarat,2018,1,January,cumulative_fy,91613.0,91601.0,12.0,0.0,False,False,psp_energy-2018-01.pdf
Madhya Pradesh,2018,1,January,monthly,6820.0,6820.0,0.0,0.0,False,False,psp_energy-2018-01.pdf
Madhya Pradesh,2018,1,January,cumulative_fy,58692.0,58692.0,0.0,0.0,False,False,psp_energy-2018-01.pdf
Maharashtra,2018,1,January,monthly,12430.0,12430.0,0.0,0.0,False,False,psp_energy-2018-01.pdf
Maharashtra,2018,1,January,cumulative_fy,124364.0,124134.0,230.0,0.2,False,False,psp_energy-2018-01.pdf
Daman & Diu,2018,1,January,monthly,215.0,215.0,0.0,0.0,False,False,psp_energy-2018-01.pdf
Daman & Diu,2018,1,January,cumulative_fy,2113.0,2113.0,0.0,0.0,False,False,psp_energy-2018-01.pdf
Dadra & Nagar Haveli,2018,1,January,monthly,535.0,535.0,0.0,0.0,False,False,psp_energy-2018-01.pdf
Dadra & Nagar Haveli,2018,1,January,cumulative_fy,5142.0,5142.0,0.0,0.0,False,False,psp_energy-2018-01.pdf
Goa,2018,1,January,monthly,340.0,340.0,0.0,0.0,False,False,psp_energy-2018-01.pdf
Goa,2018,1,January,cumulative_fy,3423.0,3423.0,0.0,0.0,False,False,psp_energy-2018-01.pdf
Western Region,2018,1,January,monthly,31569.0,31566.0,3.0,0.0,True,False,psp_energy-2018-01.pdf
Western Region,2018,1,January,cumulative_fy,307128.0,306803.0,325.0,0.1,True,False,psp_energy-2018-01.pdf
Andhra Pradesh,2018,1,January,monthly,5156.0,5151.0,5.0,0.1,False,False,psp_energy-2018-01.pdf
Andhra Pradesh,2018,1,January,cumulative_fy,47932.0,47889.0,43.0,0.1,False,False,psp_energy-2018-01.pdf
Telangana,2018,1,January,monthly,5455.0,5451.0,5.0,0.1,False,False,psp_energy-2018-01.pdf
Telangana,2018,1,January,cumulative_fy,48300.0,48266.0,34.0,0.1,False,False,psp_energy-2018-01.pdf
Karnataka,2018,1,January,monthly,6471.0,6464.0,7.0,0.1,False,False,psp_energy-2018-01.pdf
Karnataka,2018,1,January,cumulative_fy,54801.0,54700.0,101.0,0.2,False,False,psp_energy-2018-01.pdf
Kerala,2018,1,January,monthly,2080.0,2078.0,2.0,0.1,False,False,psp_energy-2018-01.pdf
Kerala,2018,1,January,cumulative_fy,20638.0,20586.0,52.0,0.3,False,False,psp_energy-2018-01.pdf
Tamil Nadu,2018,1,January,monthly,8659.0,8650.0,9.0,0.1,False,False,psp_energy-2018-01.pdf
Tamil Nadu,2018,1,January,cumulative_fy,87840.0,87773.0,67.0,0.1,False,False,psp_energy-2018-01.pdf
Puducherry,2018,1,January,monthly,207.0,207.0,0.0,0.1,False,False,psp_energy-2018-01.pdf
Puducherry,2018,1,January,cumulative_fy,2227.0,2222.0,5.0,0.2,False,False,psp_energy-2018-01.pdf
Lakshadweep,2018,1,January,monthly,4.0,4.0,0.0,0.0,False,False,psp_energy-2018-01.pdf
Lakshadweep,2018,1,January,cumulative_fy,39.0,39.0,0.0,0.0,False,False,psp_energy-2018-01.pdf
Southern Region,2018,1,January,monthly,28028.0,28000.0,28.0,0.1,True,False,psp_energy-2018-01.pdf
Southern Region,2018,1,January,cumulative_fy,261737.0,261435.0,302.0,0.1,True,False,psp_energy-2018-01.pdf
Bihar,2018,1,January,monthly,2288.0,2265.0,23.0,1.0,False,False,psp_energy-2018-01.pdf
Bihar,2018,1,January,cumulative_fy,22772.0,22373.0,399.0,1.8,False,False,psp_energy-2018-01.pdf
DVC,2018,1,January,monthly,1916.0,1911.0,5.0,0.3,False,False,psp_energy-2018-01.pdf
DVC,2018,1,January,cumulative_fy,18044.0,17878.0,166.0,0.9,False,False,psp_energy-2018-01.pdf
Jharkhand,2018,1,January,monthly,707.0,683.0,25.0,3.5,False,False,psp_energy-2018-01.pdf
Jharkhand,2018,1,January,cumulative_fy,6512.0,6403.0,109.0,1.7,False,False,psp_energy-2018-01.pdf
Odisha,2018,1,January,monthly,2291.0,2289.0,2.0,0.1,False,False,psp_energy-2018-01.pdf
Odisha,2018,1,January,cumulative_fy,24115.0,24079.0,36.0,0.1,False,False,psp_energy-2018-01.pdf
West Bengal,2018,1,January,monthly,3517.0,3507.0,10.0,0.3,False,False,psp_energy-2018-01.pdf
West Bengal,2018,1,January,cumulative_fy,42613.0,42450.0,163.0,0.4,False,False,psp_energy-2018-01.pdf
Sikkim,2018,1,January,monthly,50.0,49.0,0.0,0.1,False,False,psp_energy-2018-01.pdf
Sikkim,2018,1,January,cumulative_fy,397.0,397.0,0.0,0.1,False,False,psp_energy-2018-01.pdf
Andaman & Nicobar,2018,1,January,monthly,29.0,27.0,2.0,7.0,False,False,psp_energy-2018-01.pdf
Andaman & Nicobar,2018,1,January,cumulative_fy,271.0,245.0,25.0,9.4,False,False,psp_energy-2018-01.pdf
Eastern Region,2018,1,January,monthly,10769.0,10704.0,65.0,0.6,True,False,psp_energy-2018-01.pdf
Eastern Region,2018,1,January,cumulative_fy,114453.0,113580.0,873.0,0.8,True,False,psp_energy-2018-01.pdf
Arunachal Pradesh,2018,1,January,monthly,72.0,72.0,0.0,0.0,False,False,psp_energy-2018-01.pdf
Arunachal Pradesh,2018,1,January,cumulative_fy,668.0,658.0,9.0,1.4,False,False,psp_energy-2018-01.pdf
Assam,2018,1,January,monthly,685.0,684.0,1.0,0.2,False,False,psp_energy-2018-01.pdf
Assam,2018,1,January,cumulative_fy,7890.0,7603.0,287.0,3.6,False,False,psp_energy-2018-01.pdf
Manipur,2018,1,January,monthly,96.0,87.0,9.0,9.7,False,False,psp_energy-2018-01.pdf
Manipur,2018,1,January,cumulative_fy,721.0,688.0,34.0,4.7,False,False,psp_energy-2018-01.pdf
Meghalaya,2018,1,January,monthly,187.0,186.0,1.0,0.5,False,False,psp_energy-2018-01.pdf
Meghalaya,2018,1,January,cumulative_fy,1315.0,1312.0,3.0,0.2,False,False,psp_energy-2018-01.pdf
Mizoram,2018,1,January,monthly,53.0,53.0,0.0,0.0,False,False,psp_energy-2018-01.pdf
Mizoram,2018,1,January,cumulative_fy,410.0,403.0,8.0,1.9,False,False,psp_energy-2018-01.pdf
Nagaland,2018,1,January,monthly,64.0,63.0,1.0,1.2,False,False,psp_energy-2018-01.pdf
Nagaland,2018,1,January,cumulative_fy,670.0,659.0,11.0,1.6,False,False,psp_energy-2018-01.pdf
Tripura,2018,1,January,monthly,174.0,166.0,8.0,4.8,False,False,psp_energy-2018-01.pdf
Tripura,2018,1,January,cumulative_fy,2384.0,2345.0,39.0,1.6,False,False,psp_energy-2018-01.pdf
North-Eastern Region,2018,1,January,monthly,1332.0,1311.0,21.0,1.6,True,False,psp_energy-2018-01.pdf
North-Eastern Region,2018,1,January,cumulative_fy,14057.0,13667.0,390.0,2.8,True,False,psp_energy-2018-01.pdf
All India,2018,1,January,monthly,100572.0,99942.0,630.0,0.6,False,True,psp_energy-2018-01.pdf
All India,2018,1,January,cumulative_fy,1015003.0,1007861.0,7142.0,0.7,False,True,psp_energy-2018-01.pdf
Chandigarh,2018,2,February,monthly,90.0,90.0,0.0,0.0,False,False,psp_energy-2018-02.pdf
Chandigarh,2018,2,February,cumulative_fy,1514.0,1505.0,9.0,0.6,False,False,psp_energy-2018-02.pdf
Delhi,2018,2,February,monthly,1755.0,1754.0,1.0,0.1,False,False,psp_energy-2018-02.pdf
Delhi,2018,2,February,cumulative_fy,29773.0,29754.0,19.0,0.1,False,False,psp_energy-2018-02.pdf
Haryana,2018,2,February,monthly,3378.0,3378.0,0.0,0.0,False,False,psp_energy-2018-02.pdf
Haryana,2018,2,February,cumulative_fy,46788.0,46788.0,0.0,0.0,False,False,psp_energy-2018-02.pdf
Himachal Pradesh,2018,2,February,monthly,743.0,739.0,4.0,0.6,False,False,psp_energy-2018-02.pdf
Himachal Pradesh,2018,2,February,cumulative_fy,8626.0,8578.0,48.0,0.6,False,False,psp_energy-2018-02.pdf
Jammu & Kashmir,2018,2,February,monthly,1531.0,1231.0,300.0,19.6,False,False,psp_energy-2018-02.pdf
Jammu & Kashmir,2018,2,February,cumulative_fy,17136.0,13708.0,3428.0,20.0,False,False,psp_energy-2018-02.pdf
Punjab,2018,2,February,monthly,3099.0,3099.0,0.0,0.0,False,False,psp_energy-2018-02.pdf
Punjab,2018,2,February,cumulative_fy,51060.0,51060.0,0.0,0.0,False,False,psp_energy-2018-02.pdf
Rajasthan,2018,2,February,monthly,5889.0,5808.0,81.0,1.4,False,False,psp_energy-2018-02.pdf
Rajasthan,2018,2,February,cumulative_fy,65244.0,64668.0,575.0,0.9,False,False,psp_energy-2018-02.pdf
Uttar Pradesh,2018,2,February,monthly,8172.0,8091.0,81.0,1.0,False,False,psp_energy-2018-02.pdf
Uttar Pradesh,2018,2,February,cumulative_fy,110788.0,109176.0,1612.0,1.5,False,False,psp_energy-2018-02.pdf
Uttarakhand,2018,2,February,monthly,1025.0,1023.0,1.0,0.1,False,False,psp_energy-2018-02.pdf
Uttarakhand,2018,2,February,cumulative_fy,12380.0,12351.0,30.0,0.2,False,False,psp_energy-2018-02.pdf
Northern Region,2018,2,February,monthly,25681.0,25213.0,468.0,1.8,True,False,psp_energy-2018-02.pdf
Northern Region,2018,2,February,cumulative_fy,343309.0,337588.0,5721.0,1.7,True,False,psp_energy-2018-02.pdf
Chhattisgarh,2018,2,February,monthly,1816.0,1816.0,1.0,0.0,False,False,psp_energy-2018-02.pdf
Chhattisgarh,2018,2,February,cumulative_fy,23597.0,23513.0,84.0,0.4,False,False,psp_energy-2018-02.pdf
Gujarat,2018,2,February,monthly,8473.0,8473.0,0.0,0.0,False,False,psp_energy-2018-02.pdf
Gujarat,2018,2,February,cumulative_fy,100086.0,100074.0,12.0,0.0,False,False,psp_energy-2018-02.pdf
Madhya Pradesh,2018,2,February,monthly,5497.0,5497.0,0.0,0.0,False,False,psp_energy-2018-02.pdf
Madhya Pradesh,2018,2,February,cumulative_fy,64190.0,64189.0,0.0,0.0,False,False,psp_energy-2018-02.pdf
Maharashtra,2018,2,February,monthly,11561.0,11561.0,0.0,0.0,False,False,psp_energy-2018-02.pdf
Maharashtra,2018,2,February,cumulative_fy,135925.0,135695.0,230.0,0.2,False,False,psp_energy-2018-02.pdf
Daman & Diu,2018,2,February,monthly,199.0,199.0,0.0,0.0,False,False,psp_energy-2018-02.pdf
Daman & Diu,2018,2,February,cumulative_fy,2312.0,2312.0,0.0,0.0,False,False,psp_energy-2018-02.pdf
Dadra & Nagar Haveli,2018,2,February,monthly,492.0,492.0,0.0,0.0,False,False,psp_energy-2018-02.pdf
Dadra & Nagar Haveli,2018,2,February,cumulative_fy,5634.0,5634.0,0.0,0.0,False,False,psp_energy-2018-02.pdf
Goa,2018,2,February,monthly,318.0,318.0,0.0,0.0,False,False,psp_energy-2018-02.pdf
Goa,2018,2,February,cumulative_fy,3741.0,3741.0,0.0,0.0,False,False,psp_energy-2018-02.pdf
Western Region,2018,2,February,monthly,28356.0,28356.0,1.0,0.0,True,False,psp_energy-2018-02.pdf
Western Region,2018,2,February,cumulative_fy,335484.0,335159.0,326.0,0.1,True,False,psp_energy-2018-02.pdf
Andhra Pradesh,2018,2,February,monthly,4823.0,4819.0,4.0,0.1,False,False,psp_energy-2018-02.pdf
Andhra Pradesh,2018,2,February,cumulative_fy,52755.0,52707.0,48.0,0.1,False,False,psp_energy-2018-02.pdf
Telangana,2018,2,February,monthly,5334.0,5330.0,4.0,0.1,False,False,psp_energy-2018-02.pdf
Telangana,2018,2,February,cumulative_fy,53634.0,53597.0,38.0,0.1,False,False,psp_energy-2018-02.pdf
Karnataka,2018,2,February,monthly,6007.0,6002.0,5.0,0.1,False,False,psp_energy-2018-02.pdf
Karnataka,2018,2,February,cumulative_fy,60808.0,60702.0,107.0,0.2,False,False,psp_energy-2018-02.pdf
Kerala,2018,2,February,monthly,1986.0,1979.0,6.0,0.3,False,False,psp_energy-2018-02.pdf
Kerala,2018,2,February,cumulative_fy,22623.0,22565.0,58.0,0.3,False,False,psp_energy-2018-02.pdf
Tamil Nadu,2018,2,February,monthly,8332.0,8324.0,8.0,0.1,False,False,psp_energy-2018-02.pdf
Tamil Nadu,2018,2,February,cumulative_fy,96172.0,96096.0,75.0,0.1,False,False,psp_energy-2018-02.pdf
Puducherry,2018,2,February,monthly,202.0,202.0,0.0,0.1,False,False,psp_energy-2018-02.pdf
Puducherry,2018,2,February,cumulative_fy,2429.0,2424.0,5.0,0.2,False,False,psp_energy-2018-02.pdf
Lakshadweep,2018,2,February,monthly,4.0,4.0,0.0,0.0,False,False,psp_energy-2018-02.pdf
Lakshadweep,2018,2,February,cumulative_fy,43.0,43.0,0.0,0.0,False,False,psp_energy-2018-02.pdf
Southern Region,2018,2,February,monthly,26685.0,26656.0,29.0,0.1,True,False,psp_energy-2018-02.pdf
Southern Region,2018,2,February,cumulative_fy,288422.0,288091.0,330.0,0.1,True,False,psp_energy-2018-02.pdf
Bihar,2018,2,February,monthly,1945.0,1933.0,13.0,0.7,False,False,psp_energy-2018-02.pdf
Bihar,2018,2,February,cumulative_fy,24718.0,24306.0,412.0,1.7,False,False,psp_energy-2018-02.pdf
DVC,2018,2,February,monthly,1689.0,1685.0,4.0,0.2,False,False,psp_energy-2018-02.pdf
DVC,2018,2,February,cumulative_fy,19732.0,19563.0,170.0,0.9,False,False,psp_energy-2018-02.pdf
Jharkhand,2018,2,February,monthly,693.0,666.0,26.0,3.8,False,False,psp_energy-2018-02.pdf
Jharkhand,2018,2,February,cumulative_fy,7204.0,7069.0,135.0,1.9,False,False,psp_energy-2018-02.pdf
Odisha,2018,2,February,monthly,2149.0,2121.0,28.0,1.3,False,False,psp_energy-2018-02.pdf
Odisha,2018,2,February,cumulative_fy,26264.0,26200.0,64.0,0.2,False,False,psp_energy-2018-02.pdf
West Bengal,2018,2,February,monthly,3525.0,3512.0,12.0,0.3,False,False,psp_energy-2018-02.pdf
West Bengal,2018,2,February,cumulative_fy,46138.0,45963.0,175.0,0.4,False,False,psp_energy-2018-02.pdf
Sikkim,2018,2,February,monthly,45.0,45.0,0.0,0.1,False,False,psp_energy-2018-02.pdf
Sikkim,2018,2,February,cumulative_fy,442.0,442.0,0.0,0.1,False,False,psp_energy-2018-02.pdf
Andaman & Nicobar,2018,2,February,monthly,29.0,27.0,2.0,7.0,False,False,psp_energy-2018-02.pdf
Andaman & Nicobar,2018,2,February,cumulative_fy,300.0,272.0,27.0,9.1,False,False,psp_energy-2018-02.pdf
Eastern Region,2018,2,February,monthly,10045.0,9962.0,83.0,0.8,True,False,psp_energy-2018-02.pdf
Eastern Region,2018,2,February,cumulative_fy,124498.0,123542.0,956.0,0.8,True,False,psp_energy-2018-02.pdf
Arunachal Pradesh,2018,2,February,monthly,69.0,69.0,0.0,0.0,False,False,psp_energy-2018-02.pdf
Arunachal Pradesh,2018,2,February,cumulative_fy,736.0,727.0,9.0,1.3,False,False,psp_energy-2018-02.pdf
Assam,2018,2,February,monthly,624.0,623.0,1.0,0.2,False,False,psp_energy-2018-02.pdf
Assam,2018,2,February,cumulative_fy,8514.0,8225.0,288.0,3.4,False,False,psp_energy-2018-02.pdf
Manipur,2018,2,February,monthly,85.0,73.0,11.0,13.5,False,False,psp_energy-2018-02.pdf
Manipur,2018,2,February,cumulative_fy,806.0,761.0,45.0,5.6,False,False,psp_energy-2018-02.pdf
Meghalaya,2018,2,February,monthly,140.0,139.0,1.0,0.5,False,False,psp_energy-2018-02.pdf
Meghalaya,2018,2,February,cumulative_fy,1455.0,1452.0,3.0,0.2,False,False,psp_energy-2018-02.pdf
Mizoram,2018,2,February,monthly,46.0,46.0,0.0,0.0,False,False,psp_energy-2018-02.pdf
Mizoram,2018,2,February,cumulative_fy,457.0,449.0,8.0,1.7,False,False,psp_energy-2018-02.pdf
Nagaland,2018,2,February,monthly,58.0,57.0,1.0,1.0,False,False,psp_energy-2018-02.pdf
Nagaland,2018,2,February,cumulative_fy,728.0,716.0,11.0,1.6,False,False,psp_energy-2018-02.pdf
Tripura,2018,2,February,monthly,114.0,106.0,8.0,7.3,False,False,psp_energy-2018-02.pdf
Tripura,2018,2,February,cumulative_fy,2498.0,2451.0,47.0,1.9,False,False,psp_energy-2018-02.pdf
North-Eastern Region,2018,2,February,monthly,1136.0,1114.0,22.0,1.9,True,False,psp_energy-2018-02.pdf
North-Eastern Region,2018,2,February,cumulative_fy,15193.0,14781.0,412.0,2.7,True,False,psp_energy-2018-02.pdf
All India,2018,2,February,monthly,91903.0,91300.0,603.0,0.7,False,True,psp_energy-2018-02.pdf
All India,2018,2,February,cumulative_fy,1106906.0,1099161.0,7745.0,0.7,False,True,psp_energy-2018-02.pdf
Chandigarh,2018,3,March,monthly,96.0,96.0,0.0,0.0,False,False,psp_energy-2018-03.pdf
Chandigarh,2018,3,March,cumulative_fy,1610.0,1601.0,9.0,0.5,False,False,psp_energy-2018-03.pdf
Delhi,2018,3,March,monthly,2053.0,2053.0,1.0,0.0,False,False,psp_energy-2018-03.pdf
Delhi,2018,3,March,cumulative_fy,31826.0,31806.0,19.0,0.1,False,False,psp_energy-2018-03.pdf
Haryana,2018,3,March,monthly,3987.0,3987.0,0.0,0.0,False,False,psp_energy-2018-03.pdf
Haryana,2018,3,March,cumulative_fy,50775.0,50775.0,0.0,0.0,False,False,psp_energy-2018-03.pdf
Himachal Pradesh,2018,3,March,monthly,773.0,768.0,5.0,0.6,False,False,psp_energy-2018-03.pdf
Himachal Pradesh,2018,3,March,cumulative_fy,9399.0,9346.0,53.0,0.6,False,False,psp_energy-2018-03.pdf
Jammu & Kashmir,2018,3,March,monthly,1673.0,1342.0,331.0,19.8,False,False,psp_energy-2018-03.pdf
Jammu & Kashmir,2018,3,March,cumulative_fy,18808.0,15050.0,3759.0,20.0,False,False,psp_energy-2018-03.pdf
Punjab,2018,3,March,monthly,3752.0,3752.0,0.0,0.0,False,False,psp_energy-2018-03.pdf
Punjab,2018,3,March,cumulative_fy,54812.0,54812.0,0.0,0.0,False,False,psp_energy-2018-03.pdf
Rajasthan,2018,3,March,monthly,5950.0,5934.0,16.0,0.3,False,False,psp_energy-2018-03.pdf
Rajasthan,2018,3,March,cumulative_fy,71194.0,70603.0,591.0,0.8,False,False,psp_energy-2018-03.pdf
Uttar Pradesh,2018,3,March,monthly,9264.0,9127.0,137.0,1.5,False,False,psp_energy-2018-03.pdf
Uttar Pradesh,2018,3,March,cumulative_fy,120052.0,118303.0,1749.0,1.5,False,False,psp_energy-2018-03.pdf
Uttarakhand,2018,3,March,monthly,1076.0,1076.0,1.0,0.1,False,False,psp_energy-2018-03.pdf
Uttarakhand,2018,3,March,cumulative_fy,13457.0,13426.0,31.0,0.2,False,False,psp_energy-2018-03.pdf
Northern Region,2018,3,March,monthly,28625.0,28135.0,490.0,1.7,True,False,psp_energy-2018-03.pdf
Northern Region,2018,3,March,cumulative_fy,371934.0,365723.0,6211.0,1.7,True,False,psp_energy-2018-03.pdf
Chhattisgarh,2018,3,March,monthly,2319.0,2319.0,0.0,0.0,False,False,psp_energy-2018-03.pdf
Chhattisgarh,2018,3,March,cumulative_fy,25916.0,25832.0,84.0,0.3,False,False,psp_energy-2018-03.pdf
Gujarat,2018,3,March,monthly,9898.0,9898.0,0.0,0.0,False,False,psp_energy-2018-03.pdf
Gujarat,2018,3,March,cumulative_fy,109984.0,109973.0,12.0,0.0,False,False,psp_energy-2018-03.pdf
Madhya Pradesh,2018,3,March,monthly,5736.0,5736.0,0.0,0.0,False,False,psp_energy-2018-03.pdf
Madhya Pradesh,2018,3,March,cumulative_fy,69925.0,69925.0,0.0,0.0,False,False,psp_energy-2018-03.pdf
Maharashtra,2018,3,March,monthly,13836.0,13836.0,0.0,0.0,False,False,psp_energy-2018-03.pdf
Maharashtra,2018,3,March,cumulative_fy,149761.0,149531.0,230.0,0.2,False,False,psp_energy-2018-03.pdf
Daman & Diu,2018,3,March,monthly,222.0,222.0,0.0,0.0,False,False,psp_energy-2018-03.pdf
Daman & Diu,2018,3,March,cumulative_fy,2534.0,2534.0,0.0,0.0,False,False,psp_energy-2018-03.pdf
Dadra & Nagar Haveli,2018,3,March,monthly,534.0,534.0,0.0,0.0,False,False,psp_energy-2018-03.pdf
Dadra & Nagar Haveli,2018,3,March,cumulative_fy,6168.0,6168.0,0.0,0.0,False,False,psp_energy-2018-03.pdf
Goa,2018,3,March,monthly,376.0,376.0,0.0,0.0,False,False,psp_energy-2018-03.pdf
Goa,2018,3,March,cumulative_fy,4117.0,4117.0,0.0,0.0,False,False,psp_energy-2018-03.pdf
Western Region,2018,3,March,monthly,32921.0,32921.0,0.0,0.0,True,False,psp_energy-2018-03.pdf
Western Region,2018,3,March,cumulative_fy,368405.0,368080.0,326.0,0.1,True,False,psp_energy-2018-03.pdf
Andhra Pradesh,2018,3,March,monthly,5629.0,5581.0,48.0,0.9,False,False,psp_energy-2018-03.pdf
Andhra Pradesh,2018,3,March,cumulative_fy,58384.0,58288.0,96.0,0.2,False,False,psp_energy-2018-03.pdf
Telangana,2018,3,March,monthly,6684.0,6639.0,46.0,0.7,False,False,psp_energy-2018-03.pdf
Telangana,2018,3,March,cumulative_fy,60319.0,60235.0,83.0,0.1,False,False,psp_energy-2018-03.pdf
Karnataka,2018,3,March,monthly,7061.0,6999.0,62.0,0.9,False,False,psp_energy-2018-03.pdf
Karnataka,2018,3,March,cumulative_fy,67869.0,67701.0,168.0,0.2,False,False,psp_energy-2018-03.pdf
Kerala,2018,3,March,monthly,2379.0,2352.0,27.0,1.1,False,False,psp_energy-2018-03.pdf
Kerala,2018,3,March,cumulative_fy,25002.0,24917.0,85.0,0.3,False,False,psp_energy-2018-03.pdf
Tamil Nadu,2018,3,March,monthly,9834.0,9743.0,91.0,0.9,False,False,psp_energy-2018-03.pdf
Tamil Nadu,2018,3,March,cumulative_fy,106006.0,105839.0,166.0,0.2,False,False,psp_energy-2018-03.pdf
Puducherry,2018,3,March,monthly,240.0,237.0,2.0,1.0,False,False,psp_energy-2018-03.pdf
Puducherry,2018,3,March,cumulative_fy,2668.0,2661.0,7.0,0.3,False,False,psp_energy-2018-03.pdf
Lakshadweep,2018,3,March,monthly,4.0,4.0,0.0,0.0,False,False,psp_energy-2018-03.pdf
Lakshadweep,2018,3,March,cumulative_fy,47.0,47.0,0.0,0.0,False,False,psp_energy-2018-03.pdf
Southern Region,2018,3,March,monthly,31827.0,31551.0,276.0,0.9,True,False,psp_energy-2018-03.pdf
Southern Region,2018,3,March,cumulative_fy,320248.0,319642.0,606.0,0.2,True,False,psp_energy-2018-03.pdf
Bihar,2018,3,March,monthly,2302.0,2297.0,5.0,0.2,False,False,psp_energy-2018-03.pdf
Bihar,2018,3,March,cumulative_fy,27019.0,26603.0,417.0,1.5,False,False,psp_energy-2018-03.pdf
DVC,2018,3,March,monthly,1817.0,1811.0,6.0,0.3,False,False,psp_energy-2018-03.pdf
DVC,2018,3,March,cumulative_fy,21549.0,21373.0,176.0,0.8,False,False,psp_energy-2018-03.pdf
Jharkhand,2018,3,March,monthly,702.0,684.0,18.0,2.6,False,False,psp_energy-2018-03.pdf
Jharkhand,2018,3,March,cumulative_fy,7907.0,7753.0,154.0,1.9,False,False,psp_energy-2018-03.pdf
Odisha,2018,3,March,monthly,2538.0,2506.0,32.0,1.3,False,False,psp_energy-2018-03.pdf
Odisha,2018,3,March,cumulative_fy,28802.0,28706.0,96.0,0.3,False,False,psp_energy-2018-03.pdf
West Bengal,2018,3,March,monthly,4622.0,4606.0,16.0,0.3,False,False,psp_energy-2018-03.pdf
West Bengal,2018,3,March,cumulative_fy,50760.0,50569.0,191.0,0.4,False,False,psp_energy-2018-03.pdf
Sikkim,2018,3,March,monthly,43.0,43.0,0.0,0.1,False,False,psp_energy-2018-03.pdf
Sikkim,2018,3,March,cumulative_fy,485.0,484.0,0.0,0.1,False,False,psp_energy-2018-03.pdf
Andaman & Nicobar,2018,3,March,monthly,29.0,27.0,2.0,7.0,False,False,psp_energy-2018-03.pdf
Andaman & Nicobar,2018,3,March,cumulative_fy,328.0,299.0,29.0,8.9,False,False,psp_energy-2018-03.pdf
Eastern Region,2018,3,March,monthly,12024.0,11947.0,77.0,0.6,True,False,psp_energy-2018-03.pdf
Eastern Region,2018,3,March,cumulative_fy,136522.0,135489.0,1034.0,0.8,True,False,psp_energy-2018-03.pdf
Arunachal Pradesh,2018,3,March,monthly,63.0,62.0,1.0,1.8,False,False,psp_energy-2018-03.pdf
Arunachal Pradesh,2018,3,March,cumulative_fy,799.0,788.0,10.0,1.3,False,False,psp_energy-2018-03.pdf
Assam,2018,3,March,monthly,581.0,554.0,27.0,4.7,False,False,psp_energy-2018-03.pdf
Assam,2018,3,March,cumulative_fy,9094.0,8779.0,315.0,3.5,False,False,psp_energy-2018-03.pdf
Manipur,2018,3,March,monthly,68.0,67.0,1.0,1.6,False,False,psp_energy-2018-03.pdf
Manipur,2018,3,March,cumulative_fy,874.0,827.0,46.0,5.3,False,False,psp_energy-2018-03.pdf
Meghalaya,2018,3,March,monthly,102.0,102.0,0.0,0.0,False,False,psp_energy-2018-03.pdf
Meghalaya,2018,3,March,cumulative_fy,1557.0,1553.0,3.0,0.2,False,False,psp_energy-2018-03.pdf
Mizoram,2018,3,March,monthly,40.0,39.0,1.0,1.9,False,False,psp_energy-2018-03.pdf
Mizoram,2018,3,March,cumulative_fy,497.0,488.0,9.0,1.7,False,False,psp_energy-2018-03.pdf
Nagaland,2018,3,March,monthly,66.0,57.0,8.0,12.7,False,False,psp_energy-2018-03.pdf
Nagaland,2018,3,March,cumulative_fy,794.0,774.0,20.0,2.5,False,False,psp_energy-2018-03.pdf
Tripura,2018,3,March,monthly,104.0,102.0,2.0,1.6,False,False,psp_energy-2018-03.pdf
Tripura,2018,3,March,cumulative_fy,2602.0,2553.0,49.0,1.9,False,False,psp_energy-2018-03.pdf
North-Eastern Region,2018,3,March,monthly,1023.0,982.0,40.0,3.9,True,False,psp_energy-2018-03.pdf
North-Eastern Region,2018,3,March,cumulative_fy,16216.0,15763.0,453.0,2.8,True,False,psp_energy-2018-03.pdf
All India,2018,3,March,monthly,106420.0,105536.0,884.0,0.8,False,True,psp_energy-2018-03.pdf
All India,2018,3,March,cumulative_fy,1213326.0,1204697.0,8629.0,0.7,False,True,psp_energy-2018-03.pdf
Chandigarh,2018,4,April,monthly,119.0,119.0,0.0,0.0,False,False,psp_energy-2018-04.pdf
Delhi,2018,4,April,monthly,2636.0,2634.0,1.0,0.1,False,False,psp_energy-2018-04.pdf
Haryana,2018,4,April,monthly,3773.0,3773.0,0.0,0.0,False,False,psp_energy-2018-04.pdf
Himachal Pradesh,2018,4,April,monthly,753.0,749.0,4.0,0.6,False,False,psp_energy-2018-04.pdf
Jammu & Kashmir,2018,4,April,monthly,1582.0,1267.0,315.0,19.9,False,False,psp_energy-2018-04.pdf
Punjab,2018,4,April,monthly,3575.0,3575.0,0.0,0.0,False,False,psp_energy-2018-04.pdf
Rajasthan,2018,4,April,monthly,5699.0,5674.0,25.0,0.4,False,False,psp_energy-2018-04.pdf
Uttar Pradesh,2018,4,April,monthly,9348.0,9275.0,72.0,0.8,False,False,psp_energy-2018-04.pdf
Uttarakhand,2018,4,April,monthly,1106.0,1103.0,2.0,0.2,False,False,psp_energy-2018-04.pdf
Northern Region,2018,4,April,monthly,28590.0,28170.0,420.0,1.5,True,False,psp_energy-2018-04.pdf
Chhattisgarh,2018,4,April,monthly,2303.0,2302.0,1.0,0.0,False,False,psp_energy-2018-04.pdf
Gujarat,2018,4,April,monthly,10021.0,10021.0,0.0,0.0,False,False,psp_energy-2018-04.pdf
Madhya Pradesh,2018,4,April,monthly,5490.0,5490.0,0.0,0.0,False,False,psp_energy-2018-04.pdf
Maharashtra,2018,4,April,monthly,14290.0,14289.0,0.0,0.0,False,False,psp_energy-2018-04.pdf
Daman & Diu,2018,4,April,monthly,217.0,217.0,0.0,0.0,False,False,psp_energy-2018-04.pdf
DNH,2018,4,April,monthly,527.0,527.0,0.0,0.0,False,False,psp_energy-2018-04.pdf
Goa,2018,4,April,monthly,388.0,388.0,0.0,0.0,False,False,psp_energy-2018-04.pdf
Western Region,2018,4,April,monthly,33235.0,33233.0,1.0,0.0,True,False,psp_energy-2018-04.pdf
Andhra Pradesh,2018,4,April,monthly,5406.0,5399.0,6.0,0.1,False,False,psp_energy-2018-04.pdf
Telangana,2018,4,April,monthly,5172.0,5166.0,6.0,0.1,False,False,psp_energy-2018-04.pdf
Karnataka,2018,4,April,monthly,6253.0,6245.0,8.0,0.1,False,False,psp_energy-2018-04.pdf
Kerala,2018,4,April,monthly,2263.0,2251.0,12.0,0.5,False,False,psp_energy-2018-04.pdf
Tamil Nadu,2018,4,April,monthly,9874.0,9862.0,12.0,0.1,False,False,psp_energy-2018-04.pdf
Puducherry,2018,4,April,monthly,243.0,242.0,1.0,0.5,False,False,psp_energy-2018-04.pdf
Lakshadweep,2018,4,April,monthly,4.0,4.0,0.0,0.0,False,False,psp_energy-2018-04.pdf
Southern Region,2018,4,April,monthly,29211.0,29166.0,46.0,0.2,True,False,psp_energy-2018-04.pdf
Bihar,2018,4,April,monthly,2424.0,2413.0,11.0,0.5,False,False,psp_energy-2018-04.pdf
DVC,2018,4,April,monthly,1820.0,1803.0,17.0,0.9,False,False,psp_energy-2018-04.pdf
Jharkhand,2018,4,April,monthly,703.0,673.0,29.0,4.2,False,False,psp_energy-2018-04.pdf
Odisha,2018,4,April,monthly,2352.0,2348.0,3.0,0.1,False,False,psp_energy-2018-04.pdf
West Bengal,2018,4,April,monthly,4411.0,4370.0,41.0,0.9,False,False,psp_energy-2018-04.pdf
Sikkim,2018,4,April,monthly,42.0,42.0,0.0,0.1,False,False,psp_energy-2018-04.pdf
Andaman & Nicobar,2018,4,April,monthly,29.0,27.0,2.0,7.0,False,False,psp_energy-2018-04.pdf
Eastern Region,2018,4,April,monthly,11752.0,11650.0,102.0,0.9,True,False,psp_energy-2018-04.pdf
Arunachal Pradesh,2018,4,April,monthly,70.0,69.0,1.0,1.8,False,False,psp_energy-2018-04.pdf
Assam,2018,4,April,monthly,680.0,644.0,36.0,5.3,False,False,psp_energy-2018-04.pdf
Manipur,2018,4,April,monthly,65.0,64.0,1.0,1.8,False,False,psp_energy-2018-04.pdf
Meghalaya,2018,4,April,monthly,132.0,132.0,0.0,0.0,False,False,psp_energy-2018-04.pdf
Mizoram,2018,4,April,monthly,54.0,53.0,1.0,1.8,False,False,psp_energy-2018-04.pdf
Nagaland,2018,4,April,monthly,70.0,61.0,8.0,12.0,False,False,psp_energy-2018-04.pdf
Tripura,2018,4,April,monthly,155.0,151.0,4.0,2.7,False,False,psp_energy-2018-04.pdf
North-Eastern Region,2018,4,April,monthly,1225.0,1174.0,52.0,4.2,True,False,psp_energy-2018-04.pdf
All India,2018,4,April,monthly,104014.0,103393.0,621.0,0.6,False,True,psp_energy-2018-04.pdf
Chandigarh,2018,5,May,monthly,161.0,161.0,0.0,0.0,False,False,psp_energy-2018-05.pdf
Chandigarh,2018,5,May,cumulative_fy,280.0,280.0,0.0,0.0,False,False,psp_energy-2018-05.pdf
Delhi,2018,5,May,monthly,3429.0,3425.0,4.0,0.1,False,False,psp_energy-2018-05.pdf
Delhi,2018,5,May,cumulative_fy,6064.0,6059.0,5.0,0.1,False,False,psp_energy-2018-05.pdf
Haryana,2018,5,May,monthly,4813.0,4813.0,0.0,0.0,False,False,psp_energy-2018-05.pdf
Haryana,2018,5,May,cumulative_fy,8586.0,8586.0,0.0,0.0,False,False,psp_energy-2018-05.pdf
Himachal Pradesh,2018,5,May,monthly,784.0,774.0,10.0,1.2,False,False,psp_energy-2018-05.pdf
Himachal Pradesh,2018,5,May,cumulative_fy,1537.0,1523.0,14.0,0.9,False,False,psp_energy-2018-05.pdf
Jammu & Kashmir,2018,5,May,monthly,1669.0,1335.0,334.0,20.0,False,False,psp_energy-2018-05.pdf
Jammu & Kashmir,2018,5,May,cumulative_fy,3251.0,2602.0,649.0,20.0,False,False,psp_energy-2018-05.pdf
Punjab,2018,5,May,monthly,4945.0,4945.0,0.0,0.0,False,False,psp_energy-2018-05.pdf
Punjab,2018,5,May,cumulative_fy,8520.0,8520.0,0.0,0.0,False,False,psp_energy-2018-05.pdf
Rajasthan,2018,5,May,monthly,6946.0,6869.0,77.0,1.1,False,False,psp_energy-2018-05.pdf
Rajasthan,2018,5,May,cumulative_fy,12645.0,12543.0,101.0,0.8,False,False,psp_energy-2018-05.pdf
Uttar Pradesh,2018,5,May,monthly,11196.0,11110.0,87.0,0.8,False,False,psp_energy-2018-05.pdf
Uttar Pradesh,2018,5,May,cumulative_fy,20544.0,20385.0,159.0,0.8,False,False,psp_energy-2018-05.pdf
Uttarakhand,2018,5,May,monthly,1263.0,1232.0,32.0,2.5,False,False,psp_energy-2018-05.pdf
Uttarakhand,2018,5,May,cumulative_fy,2369.0,2335.0,34.0,1.4,False,False,psp_energy-2018-05.pdf
Northern Region,2018,5,May,monthly,35206.0,34664.0,543.0,1.5,True,False,psp_energy-2018-05.pdf
Northern Region,2018,5,May,cumulative_fy,63797.0,62834.0,963.0,1.5,True,False,psp_energy-2018-05.pdf
Chhattisgarh,2018,5,May,monthly,2144.0,2141.0,3.0,0.1,False,False,psp_energy-2018-05.pdf
Chhattisgarh,2018,5,May,cumulative_fy,4447.0,4443.0,4.0,0.1,False,False,psp_energy-2018-05.pdf
Gujarat,2018,5,May,monthly,10585.0,10572.0,13.0,0.1,False,False,psp_energy-2018-05.pdf
Gujarat,2018,5,May,cumulative_fy,20606.0,20593.0,13.0,0.1,False,False,psp_energy-2018-05.pdf
Madhya Pradesh,2018,5,May,monthly,6006.0,6006.0,0.0,0.0,False,False,psp_energy-2018-05.pdf
Madhya Pradesh,2018,5,May,cumulative_fy,11496.0,11496.0,0.0,0.0,False,False,psp_energy-2018-05.pdf
Maharashtra,2018,5,May,monthly,15200.0,15200.0,0.0,0.0,False,False,psp_energy-2018-05.pdf
Maharashtra,2018,5,May,cumulative_fy,29490.0,29490.0,0.0,0.0,False,False,psp_energy-2018-05.pdf
Daman & Diu,2018,5,May,monthly,224.0,224.0,0.0,0.0,False,False,psp_energy-2018-05.pdf
Daman & Diu,2018,5,May,cumulative_fy,440.0,440.0,0.0,0.0,False,False,psp_energy-2018-05.pdf
Dadra & Nagar Haveli,2018,5,May,monthly,540.0,540.0,0.0,0.0,False,False,psp_energy-2018-05.pdf
Dadra & Nagar Haveli,2018,5,May,cumulative_fy,1067.0,1067.0,0.0,0.0,False,False,psp_energy-2018-05.pdf
Goa,2018,5,May,monthly,386.0,386.0,0.0,0.0,False,False,psp_energy-2018-05.pdf
Goa,2018,5,May,cumulative_fy,774.0,774.0,0.0,0.0,False,False,psp_energy-2018-05.pdf
Western Region,2018,5,May,monthly,35085.0,35070.0,16.0,0.0,True,False,psp_energy-2018-05.pdf
Western Region,2018,5,May,cumulative_fy,68320.0,68303.0,17.0,0.0,True,False,psp_energy-2018-05.pdf
Andhra Pradesh,2018,5,May,monthly,5392.0,5382.0,11.0,0.2,False,False,psp_energy-2018-05.pdf
Andhra Pradesh,2018,5,May,cumulative_fy,10798.0,10781.0,17.0,0.2,False,False,psp_energy-2018-05.pdf
Telangana,2018,5,May,monthly,4633.0,4622.0,12.0,0.2,False,False,psp_energy-2018-05.pdf
Telangana,2018,5,May,cumulative_fy,9805.0,9787.0,18.0,0.2,False,False,psp_energy-2018-05.pdf
Karnataka,2018,5,May,monthly,5551.0,5538.0,13.0,0.2,False,False,psp_energy-2018-05.pdf
Karnataka,2018,5,May,cumulative_fy,11804.0,11784.0,21.0,0.2,False,False,psp_energy-2018-05.pdf
Kerala,2018,5,May,monthly,2173.0,2164.0,9.0,0.4,False,False,psp_energy-2018-05.pdf
Kerala,2018,5,May,cumulative_fy,4436.0,4416.0,21.0,0.5,False,False,psp_energy-2018-05.pdf
Tamil Nadu,2018,5,May,monthly,9676.0,9658.0,18.0,0.2,False,False,psp_energy-2018-05.pdf
Tamil Nadu,2018,5,May,cumulative_fy,19550.0,19520.0,31.0,0.2,False,False,psp_energy-2018-05.pdf
Puducherry,2018,5,May,monthly,256.0,255.0,1.0,0.4,False,False,psp_energy-2018-05.pdf
Puducherry,2018,5,May,cumulative_fy,499.0,497.0,2.0,0.5,False,False,psp_energy-2018-05.pdf
Lakshadweep,2018,5,May,monthly,4.0,4.0,0.0,0.0,False,False,psp_energy-2018-05.pdf
Lakshadweep,2018,5,May,cumulative_fy,8.0,8.0,0.0,0.0,False,False,psp_energy-2018-05.pdf
Southern Region,2018,5,May,monthly,27681.0,27619.0,63.0,0.2,True,False,psp_energy-2018-05.pdf
Southern Region,2018,5,May,cumulative_fy,56893.0,56784.0,109.0,0.2,True,False,psp_energy-2018-05.pdf
Bihar,2018,5,May,monthly,2749.0,2671.0,77.0,2.8,False,False,psp_energy-2018-05.pdf
Bihar,2018,5,May,cumulative_fy,5173.0,5085.0,88.0,1.7,False,False,psp_energy-2018-05.pdf
DVC,2018,5,May,monthly,1948.0,1923.0,25.0,1.3,False,False,psp_energy-2018-05.pdf
DVC,2018,5,May,cumulative_fy,3768.0,3726.0,42.0,1.1,False,False,psp_energy-2018-05.pdf
Jharkhand,2018,5,May,monthly,732.0,720.0,11.0,1.5,False,False,psp_energy-2018-05.pdf
Jharkhand,2018,5,May,cumulative_fy,1434.0,1394.0,41.0,2.8,False,False,psp_energy-2018-05.pdf
Odisha,2018,5,May,monthly,2989.0,2984.0,5.0,0.2,False,False,psp_energy-2018-05.pdf
Odisha,2018,5,May,cumulative_fy,5341.0,5332.0,9.0,0.2,False,False,psp_energy-2018-05.pdf
West Bengal,2018,5,May,monthly,4753.0,4724.0,29.0,0.6,False,False,psp_energy-2018-05.pdf
West Bengal,2018,5,May,cumulative_fy,9164.0,9095.0,69.0,0.8,False,False,psp_energy-2018-05.pdf
Sikkim,2018,5,May,monthly,40.0,40.0,0.0,0.2,False,False,psp_energy-2018-05.pdf
Sikkim,2018,5,May,cumulative_fy,83.0,82.0,0.0,0.2,False,False,psp_energy-2018-05.pdf
Andaman & Nicobar,2018,5,May,monthly,29.0,27.0,2.0,7.0,False,False,psp_energy-2018-05.pdf
Andaman & Nicobar,2018,5,May,cumulative_fy,58.0,54.0,4.0,6.7,False,False,psp_energy-2018-05.pdf
Eastern Region,2018,5,May,monthly,13210.0,13063.0,147.0,1.1,True,False,psp_energy-2018-05.pdf
Eastern Region,2018,5,May,cumulative_fy,24962.0,24713.0,249.0,1.0,True,False,psp_energy-2018-05.pdf
Arunachal Pradesh,2018,5,May,monthly,72.0,71.0,1.0,1.3,False,False,psp_energy-2018-05.pdf
Arunachal Pradesh,2018,5,May,cumulative_fy,142.0,139.0,2.0,1.5,False,False,psp_energy-2018-05.pdf
Assam,2018,5,May,monthly,738.0,697.0,41.0,5.5,False,False,psp_energy-2018-05.pdf
Assam,2018,5,May,cumulative_fy,1418.0,1342.0,77.0,5.4,False,False,psp_energy-2018-05.pdf
Manipur,2018,5,May,monthly,68.0,67.0,1.0,1.5,False,False,psp_energy-2018-05.pdf
Manipur,2018,5,May,cumulative_fy,133.0,131.0,2.0,1.7,False,False,psp_energy-2018-05.pdf
Meghalaya,2018,5,May,monthly,139.0,139.0,0.0,0.0,False,False,psp_energy-2018-05.pdf
Meghalaya,2018,5,May,cumulative_fy,271.0,271.0,0.0,0.0,False,False,psp_energy-2018-05.pdf
Mizoram,2018,5,May,monthly,41.0,40.0,1.0,2.0,False,False,psp_energy-2018-05.pdf
Mizoram,2018,5,May,cumulative_fy,95.0,93.0,2.0,1.9,False,False,psp_energy-2018-05.pdf
Nagaland,2018,5,May,monthly,73.0,64.0,8.0,11.5,False,False,psp_energy-2018-05.pdf
Nagaland,2018,5,May,cumulative_fy,142.0,126.0,17.0,11.7,False,False,psp_energy-2018-05.pdf
Tripura,2018,5,May,monthly,102.0,96.0,5.0,5.2,False,False,psp_energy-2018-05.pdf
Tripura,2018,5,May,cumulative_fy,257.0,247.0,9.0,3.7,False,False,psp_energy-2018-05.pdf
North-Eastern Region,2018,5,May,monthly,1232.0,1175.0,57.0,4.6,True,False,psp_energy-2018-05.pdf
North-Eastern Region,2018,5,May,cumulative_fy,2457.0,2348.0,109.0,4.4,True,False,psp_energy-2018-05.pdf
All India,2018,5,May,monthly,112415.0,111590.0,825.0,0.7,False,True,psp_energy-2018-05.pdf
All India,2018,5,May,cumulative_fy,216429.0,214983.0,1446.0,0.7,False,True,psp_energy-2018-05.pdf
Chandigarh,2018,6,June,monthly,177.0,177.0,0.0,0.0,False,False,psp_energy-2018-06.pdf
Chandigarh,2018,6,June,cumulative_fy,457.0,457.0,0.0,0.0,False,False,psp_energy-2018-06.pdf
Delhi,2018,6,June,monthly,3824.0,3822.0,2.0,0.0,False,False,psp_energy-2018-06.pdf
Delhi,2018,6,June,cumulative_fy,9888.0,9881.0,7.0,0.1,False,False,psp_energy-2018-06.pdf
Haryana,2018,6,June,monthly,5439.0,5439.0,0.0,0.0,False,False,psp_energy-2018-06.pdf
Haryana,2018,6,June,cumulative_fy,14025.0,14025.0,0.0,0.0,False,False,psp_energy-2018-06.pdf
Himachal Pradesh,2018,6,June,monthly,782.0,780.0,2.0,0.2,False,False,psp_energy-2018-06.pdf
Himachal Pradesh,2018,6,June,cumulative_fy,2320.0,2304.0,16.0,0.7,False,False,psp_energy-2018-06.pdf
Jammu & Kashmir,2018,6,June,monthly,1587.0,1271.0,317.0,19.9,False,False,psp_energy-2018-06.pdf
Jammu & Kashmir,2018,6,June,cumulative_fy,4838.0,3873.0,966.0,20.0,False,False,psp_energy-2018-06.pdf
Punjab,2018,6,June,monthly,5873.0,5860.0,13.0,0.2,False,False,psp_energy-2018-06.pdf
Punjab,2018,6,June,cumulative_fy,14393.0,14380.0,13.0,0.1,False,False,psp_energy-2018-06.pdf
Rajasthan,2018,6,June,monthly,6677.0,6635.0,42.0,0.6,False,False,psp_energy-2018-06.pdf
Rajasthan,2018,6,June,cumulative_fy,19322.0,19178.0,144.0,0.7,False,False,psp_energy-2018-06.pdf
Uttar Pradesh,2018,6,June,monthly,11964.0,11879.0,84.0,0.7,False,False,psp_energy-2018-06.pdf
Uttar Pradesh,2018,6,June,cumulative_fy,32508.0,32264.0,243.0,0.7,False,False,psp_energy-2018-06.pdf
Uttarakhand,2018,6,June,monthly,1301.0,1291.0,10.0,0.8,False,False,psp_energy-2018-06.pdf
Uttarakhand,2018,6,June,cumulative_fy,3670.0,3626.0,44.0,1.2,False,False,psp_energy-2018-06.pdf
Northern Region,2018,6,June,monthly,37624.0,37154.0,470.0,1.2,True,False,psp_energy-2018-06.pdf
Northern Region,2018,6,June,cumulative_fy,101421.0,99988.0,1433.0,1.4,True,False,psp_energy-2018-06.pdf
Chhattisgarh,2018,6,June,monthly,2154.0,2153.0,1.0,0.0,False,False,psp_energy-2018-06.pdf
Chhattisgarh,2018,6,June,cumulative_fy,6601.0,6596.0,5.0,0.1,False,False,psp_energy-2018-06.pdf
Gujarat,2018,6,June,monthly,10182.0,10182.0,0.0,0.0,False,False,psp_energy-2018-06.pdf
Gujarat,2018,6,June,cumulative_fy,30788.0,30775.0,13.0,0.0,False,False,psp_energy-2018-06.pdf
Madhya Pradesh,2018,6,June,monthly,5167.0,5167.0,0.0,0.0,False,False,psp_energy-2018-06.pdf
Madhya Pradesh,2018,6,June,cumulative_fy,16663.0,16663.0,0.0,0.0,False,False,psp_energy-2018-06.pdf
Maharashtra,2018,6,June,monthly,12697.0,12696.0,2.0,0.0,False,False,psp_energy-2018-06.pdf
Maharashtra,2018,6,June,cumulative_fy,42187.0,42185.0,2.0,0.0,False,False,psp_energy-2018-06.pdf
Daman & Diu,2018,6,June,monthly,225.0,225.0,0.0,0.0,False,False,psp_energy-2018-06.pdf
Daman & Diu,2018,6,June,cumulative_fy,665.0,665.0,0.0,0.0,False,False,psp_energy-2018-06.pdf
Dadra & Nagar Haveli,2018,6,June,monthly,532.0,532.0,0.0,0.0,False,False,psp_energy-2018-06.pdf
Dadra & Nagar Haveli,2018,6,June,cumulative_fy,1599.0,1599.0,0.0,0.0,False,False,psp_energy-2018-06.pdf
Goa,2018,6,June,monthly,339.0,339.0,0.0,0.0,False,False,psp_energy-2018-06.pdf
Goa,2018,6,June,cumulative_fy,1114.0,1114.0,0.0,0.0,False,False,psp_energy-2018-06.pdf
Western Region,2018,6,June,monthly,31297.0,31295.0,2.0,0.0,True,False,psp_energy-2018-06.pdf
Western Region,2018,6,June,cumulative_fy,99617.0,99598.0,19.0,0.0,True,False,psp_energy-2018-06.pdf
Andhra Pradesh,2018,6,June,monthly,5050.0,5045.0,5.0,0.1,False,False,psp_energy-2018-06.pdf
Andhra Pradesh,2018,6,June,cumulative_fy,15848.0,15826.0,22.0,0.1,False,False,psp_energy-2018-06.pdf
Telangana,2018,6,June,monthly,4340.0,4335.0,5.0,0.1,False,False,psp_energy-2018-06.pdf
Telangana,2018,6,June,cumulative_fy,14145.0,14122.0,23.0,0.2,False,False,psp_energy-2018-06.pdf
Karnataka,2018,6,June,monthly,4940.0,4934.0,5.0,0.1,False,False,psp_energy-2018-06.pdf
Karnataka,2018,6,June,cumulative_fy,16744.0,16718.0,26.0,0.2,False,False,psp_energy-2018-06.pdf
Kerala,2018,6,June,monthly,1921.0,1917.0,4.0,0.2,False,False,psp_energy-2018-06.pdf
Kerala,2018,6,June,cumulative_fy,6357.0,6332.0,25.0,0.4,False,False,psp_energy-2018-06.pdf
Tamil Nadu,2018,6,June,monthly,9477.0,9469.0,8.0,0.1,False,False,psp_energy-2018-06.pdf
Tamil Nadu,2018,6,June,cumulative_fy,29028.0,28989.0,39.0,0.1,False,False,psp_energy-2018-06.pdf
Puducherry,2018,6,June,monthly,237.0,237.0,0.0,0.2,False,False,psp_energy-2018-06.pdf
Puducherry,2018,6,June,cumulative_fy,736.0,734.0,3.0,0.4,False,False,psp_energy-2018-06.pdf
Lakshadweep,2018,6,June,monthly,4.0,4.0,0.0,0.0,False,False,psp_energy-2018-06.pdf
Lakshadweep,2018,6,June,cumulative_fy,12.0,12.0,0.0,0.0,False,False,psp_energy-2018-06.pdf
Southern Region,2018,6,June,monthly,25965.0,25937.0,28.0,0.1,True,False,psp_energy-2018-06.pdf
Southern Region,2018,6,June,cumulative_fy,82858.0,82721.0,137.0,0.2,True,False,psp_energy-2018-06.pdf
Bihar,2018,6,June,monthly,2745.0,2729.0,16.0,0.6,False,False,psp_energy-2018-06.pdf
Bihar,2018,6,June,cumulative_fy,7918.0,7814.0,104.0,1.3,False,False,psp_energy-2018-06.pdf
DVC,2018,6,June,monthly,1876.0,1870.0,6.0,0.3,False,False,psp_energy-2018-06.pdf
DVC,2018,6,June,cumulative_fy,5644.0,5595.0,48.0,0.9,False,False,psp_energy-2018-06.pdf
Jharkhand,2018,6,June,monthly,695.0,691.0,5.0,0.6,False,False,psp_energy-2018-06.pdf
Jharkhand,2018,6,June,cumulative_fy,2130.0,2085.0,45.0,2.1,False,False,psp_energy-2018-06.pdf
Odisha,2018,6,June,monthly,3074.0,3072.0,2.0,0.1,False,False,psp_energy-2018-06.pdf
Odisha,2018,6,June,cumulative_fy,8415.0,8404.0,11.0,0.1,False,False,psp_energy-2018-06.pdf
West Bengal,2018,6,June,monthly,4619.0,4597.0,21.0,0.5,False,False,psp_energy-2018-06.pdf
West Bengal,2018,6,June,cumulative_fy,13783.0,13692.0,91.0,0.7,False,False,psp_energy-2018-06.pdf
Sikkim,2018,6,June,monthly,38.0,38.0,0.0,0.1,False,False,psp_energy-2018-06.pdf
Sikkim,2018,6,June,cumulative_fy,121.0,121.0,0.0,0.1,False,False,psp_energy-2018-06.pdf
Andaman & Nicobar,2018,6,June,monthly,29.0,27.0,2.0,7.0,False,False,psp_energy-2018-06.pdf
Andaman & Nicobar,2018,6,June,cumulative_fy,87.0,81.0,6.0,6.7,False,False,psp_energy-2018-06.pdf
Eastern Region,2018,6,June,monthly,13047.0,12997.0,50.0,0.4,True,False,psp_energy-2018-06.pdf
Eastern Region,2018,6,June,cumulative_fy,38010.0,37711.0,299.0,0.8,True,False,psp_energy-2018-06.pdf
Arunachal Pradesh,2018,6,June,monthly,71.0,70.0,1.0,1.4,False,False,psp_energy-2018-06.pdf
Arunachal Pradesh,2018,6,June,cumulative_fy,212.0,209.0,3.0,1.5,False,False,psp_energy-2018-06.pdf
Assam,2018,6,June,monthly,914.0,875.0,39.0,4.3,False,False,psp_energy-2018-06.pdf
Assam,2018,6,June,cumulative_fy,2332.0,2216.0,116.0,5.0,False,False,psp_energy-2018-06.pdf
Manipur,2018,6,June,monthly,68.0,67.0,1.0,1.6,False,False,psp_energy-2018-06.pdf
Manipur,2018,6,June,cumulative_fy,201.0,198.0,3.0,1.6,False,False,psp_energy-2018-06.pdf
Meghalaya,2018,6,June,monthly,143.0,143.0,0.0,0.1,False,False,psp_energy-2018-06.pdf
Meghalaya,2018,6,June,cumulative_fy,414.0,414.0,0.0,0.0,False,False,psp_energy-2018-06.pdf
Mizoram,2018,6,June,monthly,44.0,43.0,1.0,1.6,False,False,psp_energy-2018-06.pdf
Mizoram,2018,6,June,cumulative_fy,138.0,136.0,2.0,1.8,False,False,psp_energy-2018-06.pdf
Nagaland,2018,6,June,monthly,78.0,70.0,8.0,10.7,False,False,psp_energy-2018-06.pdf
Nagaland,2018,6,June,cumulative_fy,221.0,196.0,25.0,11.4,False,False,psp_energy-2018-06.pdf
Tripura,2018,6,June,monthly,122.0,119.0,3.0,2.4,False,False,psp_energy-2018-06.pdf
Tripura,2018,6,June,cumulative_fy,378.0,366.0,12.0,3.3,False,False,psp_energy-2018-06.pdf
North-Eastern Region,2018,6,June,monthly,1439.0,1386.0,54.0,3.7,True,False,psp_energy-2018-06.pdf
North-Eastern Region,2018,6,June,cumulative_fy,3897.0,3734.0,163.0,4.2,True,False,psp_energy-2018-06.pdf
All India,2018,6,June,monthly,109373.0,108769.0,604.0,0.6,False,True,psp_energy-2018-06.pdf
All India,2018,6,June,cumulative_fy,325802.0,323752.0,2050.0,0.6,False,True,psp_energy-2018-06.pdf
Chandigarh,2018,7,July,monthly,177.0,177.0,0.0,0.0,False,False,psp_energy-2018-07.pdf
Chandigarh,2018,7,July,cumulative_fy,635.0,635.0,0.0,0.0,False,False,psp_energy-2018-07.pdf
Delhi,2018,7,July,monthly,3686.0,3683.0,3.0,0.1,False,False,psp_energy-2018-07.pdf
Delhi,2018,7,July,cumulative_fy,13574.0,13564.0,10.0,0.1,False,False,psp_energy-2018-07.pdf
Haryana,2018,7,July,monthly,5935.0,5935.0,0.0,0.0,False,False,psp_energy-2018-07.pdf
Haryana,2018,7,July,cumulative_fy,19961.0,19961.0,0.0,0.0,False,False,psp_energy-2018-07.pdf
Himachal Pradesh,2018,7,July,monthly,866.0,794.0,72.0,8.3,False,False,psp_energy-2018-07.pdf
Himachal Pradesh,2018,7,July,cumulative_fy,3185.0,3097.0,88.0,2.8,False,False,psp_energy-2018-07.pdf
Jammu & Kashmir,2018,7,July,monthly,1536.0,1232.0,303.0,19.8,False,False,psp_energy-2018-07.pdf
Jammu & Kashmir,2018,7,July,cumulative_fy,6374.0,5105.0,1269.0,19.9,False,False,psp_energy-2018-07.pdf
Punjab,2018,7,July,monthly,7078.0,7078.0,0.0,0.0,False,False,psp_energy-2018-07.pdf
Punjab,2018,7,July,cumulative_fy,21471.0,21458.0,13.0,0.1,False,False,psp_energy-2018-07.pdf
Rajasthan,2018,7,July,monthly,6079.0,6069.0,10.0,0.2,False,False,psp_energy-2018-07.pdf
Rajasthan,2018,7,July,cumulative_fy,25401.0,25247.0,153.0,0.6,False,False,psp_energy-2018-07.pdf
Uttar Pradesh,2018,7,July,monthly,11673.0,11571.0,102.0,0.9,False,False,psp_energy-2018-07.pdf
Uttar Pradesh,2018,7,July,cumulative_fy,44181.0,43835.0,346.0,0.8,False,False,psp_energy-2018-07.pdf
Uttarakhand,2018,7,July,monthly,1301.0,1287.0,14.0,1.1,False,False,psp_energy-2018-07.pdf
Uttarakhand,2018,7,July,cumulative_fy,4972.0,4913.0,59.0,1.2,False,False,psp_energy-2018-07.pdf
Northern Region,2018,7,July,monthly,38331.0,37827.0,504.0,1.3,True,False,psp_energy-2018-07.pdf
Northern Region,2018,7,July,cumulative_fy,139752.0,137815.0,1937.0,1.4,True,False,psp_energy-2018-07.pdf
Chhattisgarh,2018,7,July,monthly,2301.0,2298.0,3.0,0.1,False,False,psp_energy-2018-07.pdf
Chhattisgarh,2018,7,July,cumulative_fy,8902.0,8895.0,7.0,0.1,False,False,psp_energy-2018-07.pdf
Gujarat,2018,7,July,monthly,8746.0,8745.0,1.0,0.0,False,False,psp_energy-2018-07.pdf
Gujarat,2018,7,July,cumulative_fy,39533.0,39520.0,14.0,0.0,False,False,psp_energy-2018-07.pdf
Madhya Pradesh,2018,7,July,monthly,5082.0,5082.0,0.0,0.0,False,False,psp_energy-2018-07.pdf
Madhya Pradesh,2018,7,July,cumulative_fy,21745.0,21745.0,0.0,0.0,False,False,psp_energy-2018-07.pdf
Maharashtra,2018,7,July,monthly,11947.0,11947.0,0.0,0.0,False,False,psp_energy-2018-07.pdf
Maharashtra,2018,7,July,cumulative_fy,54134.0,54132.0,2.0,0.0,False,False,psp_energy-2018-07.pdf
Daman & Diu,2018,7,July,monthly,222.0,222.0,0.0,0.0,False,False,psp_energy-2018-07.pdf
Daman & Diu,2018,7,July,cumulative_fy,887.0,887.0,0.0,0.0,False,False,psp_energy-2018-07.pdf
Dadra & Nagar Haveli,2018,7,July,monthly,536.0,536.0,0.0,0.0,False,False,psp_energy-2018-07.pdf
Dadra & Nagar Haveli,2018,7,July,cumulative_fy,2135.0,2135.0,0.0,0.0,False,False,psp_energy-2018-07.pdf
Goa,2018,7,July,monthly,333.0,333.0,0.0,0.0,False,False,psp_energy-2018-07.pdf
Goa,2018,7,July,cumulative_fy,1447.0,1447.0,0.0,0.0,False,False,psp_energy-2018-07.pdf
Western Region,2018,7,July,monthly,29166.0,29163.0,4.0,0.0,True,False,psp_energy-2018-07.pdf
Western Region,2018,7,July,cumulative_fy,128784.0,128761.0,23.0,0.0,True,False,psp_energy-2018-07.pdf
Andhra Pradesh,2018,7,July,monthly,5111.0,5107.0,5.0,0.1,False,False,psp_energy-2018-07.pdf
Andhra Pradesh,2018,7,July,cumulative_fy,20959.0,20933.0,26.0,0.1,False,False,psp_energy-2018-07.pdf
Telangana,2018,7,July,monthly,5293.0,5288.0,5.0,0.1,False,False,psp_energy-2018-07.pdf
Telangana,2018,7,July,cumulative_fy,19438.0,19410.0,28.0,0.1,False,False,psp_energy-2018-07.pdf
Karnataka,2018,7,July,monthly,5369.0,5364.0,5.0,0.1,False,False,psp_energy-2018-07.pdf
Karnataka,2018,7,July,cumulative_fy,22113.0,22082.0,31.0,0.1,False,False,psp_energy-2018-07.pdf
Kerala,2018,7,July,monthly,1926.0,1910.0,16.0,0.8,False,False,psp_energy-2018-07.pdf
Kerala,2018,7,July,cumulative_fy,8283.0,8242.0,41.0,0.5,False,False,psp_energy-2018-07.pdf
Tamil Nadu,2018,7,July,monthly,9714.0,9706.0,8.0,0.1,False,False,psp_energy-2018-07.pdf
Tamil Nadu,2018,7,July,cumulative_fy,38742.0,38695.0,47.0,0.1,False,False,psp_energy-2018-07.pdf
Puducherry,2018,7,July,monthly,243.0,242.0,1.0,0.6,False,False,psp_energy-2018-07.pdf
Puducherry,2018,7,July,cumulative_fy,980.0,975.0,4.0,0.4,False,False,psp_energy-2018-07.pdf
Lakshadweep,2018,7,July,monthly,4.0,4.0,0.0,0.0,False,False,psp_energy-2018-07.pdf
Lakshadweep,2018,7,July,cumulative_fy,16.0,16.0,0.0,0.0,False,False,psp_energy-2018-07.pdf
Southern Region,2018,7,July,monthly,27657.0,27616.0,41.0,0.1,True,False,psp_energy-2018-07.pdf
Southern Region,2018,7,July,cumulative_fy,110515.0,110337.0,177.0,0.2,True,False,psp_energy-2018-07.pdf
Bihar,2018,7,July,monthly,2783.0,2763.0,20.0,0.7,False,False,psp_energy-2018-07.pdf
Bihar,2018,7,July,cumulative_fy,10700.0,10577.0,124.0,1.2,False,False,psp_energy-2018-07.pdf
DVC,2018,7,July,monthly,1935.0,1931.0,3.0,0.2,False,False,psp_energy-2018-07.pdf
DVC,2018,7,July,cumulative_fy,7578.0,7527.0,52.0,0.7,False,False,psp_energy-2018-07.pdf
Jharkhand,2018,7,July,monthly,713.0,709.0,3.0,0.5,False,False,psp_energy-2018-07.pdf
Jharkhand,2018,7,July,cumulative_fy,2843.0,2794.0,49.0,1.7,False,False,psp_energy-2018-07.pdf
Odisha,2018,7,July,monthly,2608.0,2606.0,2.0,0.1,False,False,psp_energy-2018-07.pdf
Odisha,2018,7,July,cumulative_fy,11023.0,11010.0,12.0,0.1,False,False,psp_energy-2018-07.pdf
West Bengal,2018,7,July,monthly,5018.0,5014.0,3.0,0.1,False,False,psp_energy-2018-07.pdf
West Bengal,2018,7,July,cumulative_fy,18800.0,18706.0,94.0,0.5,False,False,psp_energy-2018-07.pdf
Sikkim,2018,7,July,monthly,41.0,41.0,0.0,0.1,False,False,psp_energy-2018-07.pdf
Sikkim,2018,7,July,cumulative_fy,162.0,161.0,0.0,0.1,False,False,psp_energy-2018-07.pdf
Andaman & Nicobar,2018,7,July,monthly,29.0,27.0,2.0,7.0,False,False,psp_energy-2018-07.pdf
Andaman & Nicobar,2018,7,July,cumulative_fy,115.0,108.0,8.0,6.7,False,False,psp_energy-2018-07.pdf
Eastern Region,2018,7,July,monthly,13097.0,13065.0,32.0,0.2,True,False,psp_energy-2018-07.pdf
Eastern Region,2018,7,July,cumulative_fy,51106.0,50775.0,331.0,0.6,True,False,psp_energy-2018-07.pdf
Arunachal Pradesh,2018,7,July,monthly,72.0,71.0,1.0,1.5,False,False,psp_energy-2018-07.pdf
Arunachal Pradesh,2018,7,July,cumulative_fy,285.0,281.0,4.0,1.5,False,False,psp_energy-2018-07.pdf
Assam,2018,7,July,monthly,999.0,962.0,37.0,3.7,False,False,psp_energy-2018-07.pdf
Assam,2018,7,July,cumulative_fy,3331.0,3178.0,153.0,4.6,False,False,psp_energy-2018-07.pdf
Manipur,2018,7,July,monthly,72.0,71.0,1.0,1.5,False,False,psp_energy-2018-07.pdf
Manipur,2018,7,July,cumulative_fy,273.0,269.0,4.0,1.6,False,False,psp_energy-2018-07.pdf
Meghalaya,2018,7,July,monthly,170.0,170.0,0.0,0.1,False,False,psp_energy-2018-07.pdf
Meghalaya,2018,7,July,cumulative_fy,584.0,583.0,0.0,0.0,False,False,psp_energy-2018-07.pdf
Mizoram,2018,7,July,monthly,47.0,46.0,1.0,1.8,False,False,psp_energy-2018-07.pdf
Mizoram,2018,7,July,cumulative_fy,185.0,182.0,3.0,1.8,False,False,psp_energy-2018-07.pdf
Nagaland,2018,7,July,monthly,82.0,74.0,8.0,10.2,False,False,psp_energy-2018-07.pdf
Nagaland,2018,7,July,cumulative_fy,303.0,269.0,33.0,11.1,False,False,psp_energy-2018-07.pdf
Tripura,2018,7,July,monthly,145.0,143.0,2.0,1.4,False,False,psp_energy-2018-07.pdf
Tripura,2018,7,July,cumulative_fy,523.0,509.0,14.0,2.8,False,False,psp_energy-2018-07.pdf
North-Eastern Region,2018,7,July,monthly,1587.0,1536.0,51.0,3.2,True,False,psp_energy-2018-07.pdf
North-Eastern Region,2018,7,July,cumulative_fy,5484.0,5270.0,213.0,3.9,True,False,psp_energy-2018-07.pdf
All India,2018,7,July,monthly,109838.0,109207.0,631.0,0.6,False,True,psp_energy-2018-07.pdf
All India,2018,7,July,cumulative_fy,435640.0,432959.0,2681.0,0.6,False,True,psp_energy-2018-07.pdf
Chandigarh,2018,8,August,monthly,172.0,172.0,0.0,0.0,False,False,psp_energy-2018-08.pdf
Chandigarh,2018,8,August,cumulative_fy,806.0,806.0,0.0,0.0,False,False,psp_energy-2018-08.pdf
Delhi,2018,8,August,monthly,3535.0,3533.0,2.0,0.1,False,False,psp_energy-2018-08.pdf
Delhi,2018,8,August,cumulative_fy,17109.0,17097.0,12.0,0.1,False,False,psp_energy-2018-08.pdf
Haryana,2018,8,August,monthly,5896.0,5896.0,0.0,0.0,False,False,psp_energy-2018-08.pdf
Haryana,2018,8,August,cumulative_fy,25857.0,25857.0,0.0,0.0,False,False,psp_energy-2018-08.pdf
Himachal Pradesh,2018,8,August,monthly,878.0,823.0,55.0,6.3,False,False,psp_energy-2018-08.pdf
Himachal Pradesh,2018,8,August,cumulative_fy,4063.0,3920.0,143.0,3.5,False,False,psp_energy-2018-08.pdf
Jammu & Kashmir,2018,8,August,monthly,1592.0,1295.0,296.0,18.6,False,False,psp_energy-2018-08.pdf
Jammu & Kashmir,2018,8,August,cumulative_fy,7965.0,6400.0,1565.0,19.7,False,False,psp_energy-2018-08.pdf
Punjab,2018,8,August,monthly,7368.0,7368.0,0.0,0.0,False,False,psp_energy-2018-08.pdf
Punjab,2018,8,August,cumulative_fy,28839.0,28826.0,13.0,0.0,False,False,psp_energy-2018-08.pdf
Rajasthan,2018,8,August,monthly,6991.0,6985.0,6.0,0.1,False,False,psp_energy-2018-08.pdf
Rajasthan,2018,8,August,cumulative_fy,32392.0,32233.0,160.0,0.5,False,False,psp_energy-2018-08.pdf
Uttar Pradesh,2018,8,August,monthly,10957.0,10876.0,81.0,0.7,False,False,psp_energy-2018-08.pdf
Uttar Pradesh,2018,8,August,cumulative_fy,55138.0,54711.0,427.0,0.8,False,False,psp_energy-2018-08.pdf
Uttarakhand,2018,8,August,monthly,1177.0,1167.0,11.0,0.9,False,False,psp_energy-2018-08.pdf
Uttarakhand,2018,8,August,cumulative_fy,6149.0,6080.0,69.0,1.1,False,False,psp_energy-2018-08.pdf
Northern Region,2018,8,August,monthly,38567.0,38116.0,451.0,1.2,True,False,psp_energy-2018-08.pdf
Northern Region,2018,8,August,cumulative_fy,178319.0,175931.0,2388.0,1.3,True,False,psp_energy-2018-08.pdf
Chhattisgarh,2018,8,August,monthly,2360.0,2356.0,4.0,0.2,False,False,psp_energy-2018-08.pdf
Chhattisgarh,2018,8,August,cumulative_fy,11262.0,11251.0,12.0,0.1,False,False,psp_energy-2018-08.pdf
Gujarat,2018,8,August,monthly,9491.0,9491.0,0.0,0.0,False,False,psp_energy-2018-08.pdf
Gujarat,2018,8,August,cumulative_fy,49025.0,49011.0,14.0,0.0,False,False,psp_energy-2018-08.pdf
Madhya Pradesh,2018,8,August,monthly,5315.0,5315.0,0.0,0.0,False,False,psp_energy-2018-08.pdf
Madhya Pradesh,2018,8,August,cumulative_fy,27060.0,27060.0,0.0,0.0,False,False,psp_energy-2018-08.pdf
Maharashtra,2018,8,August,monthly,12518.0,12516.0,1.0,0.0,False,False,psp_energy-2018-08.pdf
Maharashtra,2018,8,August,cumulative_fy,66652.0,66648.0,3.0,0.0,False,False,psp_energy-2018-08.pdf
Daman & Diu,2018,8,August,monthly,198.0,198.0,0.0,0.0,False,False,psp_energy-2018-08.pdf
Daman & Diu,2018,8,August,cumulative_fy,1085.0,1085.0,0.0,0.0,False,False,psp_energy-2018-08.pdf
Dadra & Nagar Haveli,2018,8,August,monthly,517.0,517.0,0.0,0.0,False,False,psp_energy-2018-08.pdf
Dadra & Nagar Haveli,2018,8,August,cumulative_fy,2653.0,2652.0,0.0,0.0,False,False,psp_energy-2018-08.pdf
Goa,2018,8,August,monthly,345.0,343.0,2.0,0.6,False,False,psp_energy-2018-08.pdf
Goa,2018,8,August,cumulative_fy,1792.0,1790.0,2.0,0.1,False,False,psp_energy-2018-08.pdf
Western Region,2018,8,August,monthly,30744.0,30736.0,8.0,0.0,True,False,psp_energy-2018-08.pdf
Western Region,2018,8,August,cumulative_fy,159528.0,159497.0,31.0,0.0,True,False,psp_energy-2018-08.pdf
Andhra Pradesh,2018,8,August,monthly,5265.0,5260.0,4.0,0.1,False,False,psp_energy-2018-08.pdf
Andhra Pradesh,2018,8,August,cumulative_fy,26224.0,26193.0,31.0,0.1,False,False,psp_energy-2018-08.pdf
Telangana,2018,8,August,monthly,5786.0,5781.0,5.0,0.1,False,False,psp_energy-2018-08.pdf
Telangana,2018,8,August,cumulative_fy,25224.0,25191.0,32.0,0.1,False,False,psp_energy-2018-08.pdf
Karnataka,2018,8,August,monthly,5455.0,5450.0,5.0,0.1,False,False,psp_energy-2018-08.pdf
Karnataka,2018,8,August,cumulative_fy,27568.0,27532.0,36.0,0.1,False,False,psp_energy-2018-08.pdf
Kerala,2018,8,August,monthly,1806.0,1795.0,11.0,0.6,False,False,psp_energy-2018-08.pdf
Kerala,2018,8,August,cumulative_fy,10090.0,10037.0,52.0,0.5,False,False,psp_energy-2018-08.pdf
Tamil Nadu,2018,8,August,monthly,9418.0,9411.0,7.0,0.1,False,False,psp_energy-2018-08.pdf
Tamil Nadu,2018,8,August,cumulative_fy,48160.0,48106.0,54.0,0.1,False,False,psp_energy-2018-08.pdf
Puducherry,2018,8,August,monthly,233.0,232.0,1.0,0.5,False,False,psp_energy-2018-08.pdf
Puducherry,2018,8,August,cumulative_fy,1212.0,1207.0,5.0,0.4,False,False,psp_energy-2018-08.pdf
Lakshadweep,2018,8,August,monthly,4.0,4.0,0.0,0.0,False,False,psp_energy-2018-08.pdf
Lakshadweep,2018,8,August,cumulative_fy,19.0,19.0,0.0,0.0,False,False,psp_energy-2018-08.pdf
Southern Region,2018,8,August,monthly,27963.0,27929.0,34.0,0.1,True,False,psp_energy-2018-08.pdf
Southern Region,2018,8,August,cumulative_fy,138478.0,138267.0,211.0,0.2,True,False,psp_energy-2018-08.pdf
Bihar,2018,8,August,monthly,2861.0,2843.0,18.0,0.6,False,False,psp_energy-2018-08.pdf
Bihar,2018,8,August,cumulative_fy,13561.0,13419.0,142.0,1.0,False,False,psp_energy-2018-08.pdf
DVC,2018,8,August,monthly,1905.0,1853.0,52.0,2.7,False,False,psp_energy-2018-08.pdf
DVC,2018,8,August,cumulative_fy,9483.0,9380.0,103.0,1.1,False,False,psp_energy-2018-08.pdf
Jharkhand,2018,8,August,monthly,738.0,735.0,3.0,0.5,False,False,psp_energy-2018-08.pdf
Jharkhand,2018,8,August,cumulative_fy,3581.0,3529.0,52.0,1.5,False,False,psp_energy-2018-08.pdf
Odisha,2018,8,August,monthly,3133.0,3130.0,3.0,0.1,False,False,psp_energy-2018-08.pdf
Odisha,2018,8,August,cumulative_fy,14156.0,14140.0,16.0,0.1,False,False,psp_energy-2018-08.pdf
West Bengal,2018,8,August,monthly,5101.0,5096.0,5.0,0.1,False,False,psp_energy-2018-08.pdf
West Bengal,2018,8,August,cumulative_fy,23902.0,23802.0,99.0,0.4,False,False,psp_energy-2018-08.pdf
Sikkim,2018,8,August,monthly,39.0,39.0,0.0,0.1,False,False,psp_energy-2018-08.pdf
Sikkim,2018,8,August,cumulative_fy,201.0,200.0,0.0,0.1,False,False,psp_energy-2018-08.pdf
Andaman & Nicobar,2018,8,August,monthly,29.0,27.0,2.0,7.0,False,False,psp_energy-2018-08.pdf
Andaman & Nicobar,2018,8,August,cumulative_fy,144.0,135.0,10.0,6.7,False,False,psp_energy-2018-08.pdf
Eastern Region,2018,8,August,monthly,13777.0,13695.0,82.0,0.6,True,False,psp_energy-2018-08.pdf
Eastern Region,2018,8,August,cumulative_fy,64883.0,64471.0,413.0,0.6,True,False,psp_energy-2018-08.pdf
Arunachal Pradesh,2018,8,August,monthly,76.0,75.0,1.0,1.2,False,False,psp_energy-2018-08.pdf
Arunachal Pradesh,2018,8,August,cumulative_fy,361.0,356.0,5.0,1.4,False,False,psp_energy-2018-08.pdf
Assam,2018,8,August,monthly,1039.0,1002.0,37.0,3.6,False,False,psp_energy-2018-08.pdf
Assam,2018,8,August,cumulative_fy,4370.0,4180.0,190.0,4.3,False,False,psp_energy-2018-08.pdf
Manipur,2018,8,August,monthly,71.0,70.0,1.0,1.3,False,False,psp_energy-2018-08.pdf
Manipur,2018,8,August,cumulative_fy,344.0,338.0,5.0,1.6,False,False,psp_energy-2018-08.pdf
Meghalaya,2018,8,August,monthly,162.0,162.0,0.0,0.1,False,False,psp_energy-2018-08.pdf
Meghalaya,2018,8,August,cumulative_fy,746.0,745.0,0.0,0.0,False,False,psp_energy-2018-08.pdf
Mizoram,2018,8,August,monthly,59.0,58.0,1.0,1.2,False,False,psp_energy-2018-08.pdf
Mizoram,2018,8,August,cumulative_fy,244.0,240.0,4.0,1.6,False,False,psp_energy-2018-08.pdf
Nagaland,2018,8,August,monthly,81.0,72.0,8.0,10.4,False,False,psp_energy-2018-08.pdf
Nagaland,2018,8,August,cumulative_fy,384.0,342.0,42.0,10.9,False,False,psp_energy-2018-08.pdf
Tripura,2018,8,August,monthly,180.0,178.0,2.0,0.9,False,False,psp_energy-2018-08.pdf
Tripura,2018,8,August,cumulative_fy,703.0,687.0,16.0,2.3,False,False,psp_energy-2018-08.pdf
North-Eastern Region,2018,8,August,monthly,1667.0,1618.0,49.0,3.0,True,False,psp_energy-2018-08.pdf
North-Eastern Region,2018,8,August,cumulative_fy,7151.0,6888.0,263.0,3.7,True,False,psp_energy-2018-08.pdf
All India,2018,8,August,monthly,112719.0,112095.0,624.0,0.6,False,True,psp_energy-2018-08.pdf
All India,2018,8,August,cumulative_fy,548360.0,545054.0,3306.0,0.6,False,True,psp_energy-2018-08.pdf
Chandigarh,2018,9,September,monthly,141.0,141.0,0.0,0.0,False,False,psp_energy-2018-09.pdf
Chandigarh,2018,9,September,cumulative_fy,947.0,947.0,0.0,0.0,False,False,psp_energy-2018-09.pdf
Delhi,2018,9,September,monthly,2925.0,2924.0,1.0,0.0,False,False,psp_energy-2018-09.pdf
Delhi,2018,9,September,cumulative_fy,20034.0,20021.0,13.0,0.1,False,False,psp_energy-2018-09.pdf
Haryana,2018,9,September,monthly,4794.0,4794.0,0.0,0.0,False,False,psp_energy-2018-09.pdf
Haryana,2018,9,September,cumulative_fy,30651.0,30651.0,0.0,0.0,False,False,psp_energy-2018-09.pdf
Himachal Pradesh,2018,9,September,monthly,876.0,853.0,24.0,2.7,False,False,psp_energy-2018-09.pdf
Himachal Pradesh,2018,9,September,cumulative_fy,4940.0,4773.0,167.0,3.4,False,False,psp_energy-2018-09.pdf
Jammu & Kashmir,2018,9,September,monthly,1520.0,1246.0,274.0,18.0,False,False,psp_energy-2018-09.pdf
Jammu & Kashmir,2018,9,September,cumulative_fy,9485.0,7646.0,1839.0,19.4,False,False,psp_energy-2018-09.pdf
Punjab,2018,9,September,monthly,5575.0,5575.0,0.0,0.0,False,False,psp_energy-2018-09.pdf
Punjab,2018,9,September,cumulative_fy,34414.0,34401.0,13.0,0.0,False,False,psp_energy-2018-09.pdf
Rajasthan,2018,9,September,monthly,6202.0,6201.0,0.0,0.0,False,False,psp_energy-2018-09.pdf
Rajasthan,2018,9,September,cumulative_fy,38594.0,38434.0,160.0,0.4,False,False,psp_energy-2018-09.pdf
Uttar Pradesh,2018,9,September,monthly,10211.0,10124.0,86.0,0.8,False,False,psp_energy-2018-09.pdf
Uttar Pradesh,2018,9,September,cumulative_fy,65349.0,64836.0,513.0,0.8,False,False,psp_energy-2018-09.pdf
Uttarakhand,2018,9,September,monthly,1162.0,1149.0,13.0,1.1,False,False,psp_energy-2018-09.pdf
Uttarakhand,2018,9,September,cumulative_fy,7311.0,7229.0,82.0,1.1,False,False,psp_energy-2018-09.pdf
Northern Region,2018,9,September,monthly,33405.0,33008.0,398.0,1.2,True,False,psp_energy-2018-09.pdf
Northern Region,2018,9,September,cumulative_fy,211725.0,208939.0,2786.0,1.3,True,False,psp_energy-2018-09.pdf
Chhattisgarh,2018,9,September,monthly,2403.0,2388.0,15.0,0.6,False,False,psp_energy-2018-09.pdf
Chhattisgarh,2018,9,September,cumulative_fy,13665.0,13638.0,27.0,0.2,False,False,psp_energy-2018-09.pdf
Gujarat,2018,9,September,monthly,10122.0,10122.0,0.0,0.0,False,False,psp_energy-2018-09.pdf
Gujarat,2018,9,September,cumulative_fy,59146.0,59132.0,14.0,0.0,False,False,psp_energy-2018-09.pdf
Madhya Pradesh,2018,9,September,monthly,5492.0,5491.0,1.0,0.0,False,False,psp_energy-2018-09.pdf
Madhya Pradesh,2018,9,September,cumulative_fy,32552.0,32551.0,1.0,0.0,False,False,psp_energy-2018-09.pdf
Maharashtra,2018,9,September,monthly,13615.0,13612.0,3.0,0.0,False,False,psp_energy-2018-09.pdf
Maharashtra,2018,9,September,cumulative_fy,80266.0,80260.0,6.0,0.0,False,False,psp_energy-2018-09.pdf
Daman & Diu,2018,9,September,monthly,221.0,221.0,0.0,0.0,False,False,psp_energy-2018-09.pdf
Daman & Diu,2018,9,September,cumulative_fy,1306.0,1306.0,0.0,0.0,False,False,psp_energy-2018-09.pdf
Dadra & Nagar Haveli,2018,9,September,monthly,551.0,551.0,0.0,0.0,False,False,psp_energy-2018-09.pdf
Dadra & Nagar Haveli,2018,9,September,cumulative_fy,3204.0,3204.0,0.0,0.0,False,False,psp_energy-2018-09.pdf
Goa,2018,9,September,monthly,339.0,339.0,0.0,0.0,False,False,psp_energy-2018-09.pdf
Goa,2018,9,September,cumulative_fy,2131.0,2128.0,2.0,0.1,False,False,psp_energy-2018-09.pdf
Western Region,2018,9,September,monthly,32742.0,32723.0,19.0,0.1,True,False,psp_energy-2018-09.pdf
Western Region,2018,9,September,cumulative_fy,192270.0,192220.0,50.0,0.0,True,False,psp_energy-2018-09.pdf
Andhra Pradesh,2018,9,September,monthly,5294.0,5287.0,7.0,0.1,False,False,psp_energy-2018-09.pdf
Andhra Pradesh,2018,9,September,cumulative_fy,31518.0,31480.0,37.0,0.1,False,False,psp_energy-2018-09.pdf
Telangana,2018,9,September,monthly,6279.0,6272.0,8.0,0.1,False,False,psp_energy-2018-09.pdf
Telangana,2018,9,September,cumulative_fy,31503.0,31463.0,40.0,0.1,False,False,psp_energy-2018-09.pdf
Karnataka,2018,9,September,monthly,5701.0,5693.0,8.0,0.1,False,False,psp_energy-2018-09.pdf
Karnataka,2018,9,September,cumulative_fy,33269.0,33225.0,45.0,0.1,False,False,psp_energy-2018-09.pdf
Kerala,2018,9,September,monthly,2050.0,2026.0,24.0,1.2,False,False,psp_energy-2018-09.pdf
Kerala,2018,9,September,cumulative_fy,12140.0,12063.0,76.0,0.6,False,False,psp_energy-2018-09.pdf
Tamil Nadu,2018,9,September,monthly,8971.0,8959.0,12.0,0.1,False,False,psp_energy-2018-09.pdf
Tamil Nadu,2018,9,September,cumulative_fy,57131.0,57065.0,66.0,0.1,False,False,psp_energy-2018-09.pdf
Puducherry,2018,9,September,monthly,226.0,224.0,2.0,0.8,False,False,psp_energy-2018-09.pdf
Puducherry,2018,9,September,cumulative_fy,1438.0,1431.0,7.0,0.5,False,False,psp_energy-2018-09.pdf
Lakshadweep,2018,9,September,monthly,4.0,4.0,0.0,0.0,False,False,psp_energy-2018-09.pdf
Lakshadweep,2018,9,September,cumulative_fy,23.0,23.0,0.0,0.0,False,False,psp_energy-2018-09.pdf
Southern Region,2018,9,September,monthly,28520.0,28460.0,60.0,0.2,True,False,psp_energy-2018-09.pdf
Southern Region,2018,9,September,cumulative_fy,166998.0,166727.0,271.0,0.2,True,False,psp_energy-2018-09.pdf
Bihar,2018,9,September,monthly,2839.0,2793.0,46.0,1.6,False,False,psp_energy-2018-09.pdf
Bihar,2018,9,September,cumulative_fy,16400.0,16213.0,188.0,1.1,False,False,psp_energy-2018-09.pdf
DVC,2018,9,September,monthly,1901.0,1750.0,151.0,7.9,False,False,psp_energy-2018-09.pdf
DVC,2018,9,September,cumulative_fy,11384.0,11130.0,254.0,2.2,False,False,psp_energy-2018-09.pdf
Jharkhand,2018,9,September,monthly,740.0,723.0,17.0,2.2,False,False,psp_energy-2018-09.pdf
Jharkhand,2018,9,September,cumulative_fy,4321.0,4252.0,69.0,1.6,False,False,psp_energy-2018-09.pdf
Odisha,2018,9,September,monthly,2921.0,2918.0,3.0,0.1,False,False,psp_energy-2018-09.pdf
Odisha,2018,9,September,cumulative_fy,17077.0,17058.0,19.0,0.1,False,False,psp_energy-2018-09.pdf
West Bengal,2018,9,September,monthly,4902.0,4879.0,23.0,0.5,False,False,psp_energy-2018-09.pdf
West Bengal,2018,9,September,cumulative_fy,28804.0,28681.0,123.0,0.4,False,False,psp_energy-2018-09.pdf
Sikkim,2018,9,September,monthly,39.0,39.0,0.0,0.1,False,False,psp_energy-2018-09.pdf
Sikkim,2018,9,September,cumulative_fy,239.0,239.0,0.0,0.1,False,False,psp_energy-2018-09.pdf
Andaman & Nicobar,2018,9,September,monthly,29.0,27.0,2.0,6.7,False,False,psp_energy-2018-09.pdf
Andaman & Nicobar,2018,9,September,cumulative_fy,173.0,162.0,12.0,6.7,False,False,psp_energy-2018-09.pdf
Eastern Region,2018,9,September,monthly,13341.0,13102.0,240.0,1.8,True,False,psp_energy-2018-09.pdf
Eastern Region,2018,9,September,cumulative_fy,78225.0,77573.0,652.0,0.8,True,False,psp_energy-2018-09.pdf
Arunachal Pradesh,2018,9,September,monthly,74.0,73.0,1.0,1.0,False,False,psp_energy-2018-09.pdf
Arunachal Pradesh,2018,9,September,cumulative_fy,435.0,429.0,6.0,1.4,False,False,psp_energy-2018-09.pdf
Assam,2018,9,September,monthly,950.0,914.0,36.0,3.8,False,False,psp_energy-2018-09.pdf
Assam,2018,9,September,cumulative_fy,5320.0,5094.0,226.0,4.3,False,False,psp_energy-2018-09.pdf
Manipur,2018,9,September,monthly,70.0,69.0,1.0,1.1,False,False,psp_energy-2018-09.pdf
Manipur,2018,9,September,cumulative_fy,414.0,408.0,6.0,1.5,False,False,psp_energy-2018-09.pdf
Meghalaya,2018,9,September,monthly,150.0,150.0,0.0,0.1,False,False,psp_energy-2018-09.pdf
Meghalaya,2018,9,September,cumulative_fy,896.0,896.0,0.0,0.1,False,False,psp_energy-2018-09.pdf
Mizoram,2018,9,September,monthly,58.0,57.0,1.0,1.2,False,False,psp_energy-2018-09.pdf
Mizoram,2018,9,September,cumulative_fy,302.0,297.0,5.0,1.6,False,False,psp_energy-2018-09.pdf
Nagaland,2018,9,September,monthly,80.0,72.0,8.0,10.4,False,False,psp_energy-2018-09.pdf
Nagaland,2018,9,September,cumulative_fy,464.0,414.0,50.0,10.8,False,False,psp_energy-2018-09.pdf
Tripura,2018,9,September,monthly,192.0,191.0,1.0,0.7,False,False,psp_energy-2018-09.pdf
Tripura,2018,9,September,cumulative_fy,895.0,878.0,17.0,1.9,False,False,psp_energy-2018-09.pdf
North-Eastern Region,2018,9,September,monthly,1575.0,1527.0,48.0,3.1,True,False,psp_energy-2018-09.pdf
North-Eastern Region,2018,9,September,cumulative_fy,8726.0,8415.0,311.0,3.6,True,False,psp_energy-2018-09.pdf
All India,2018,9,September,monthly,109584.0,108819.0,765.0,0.7,False,True,psp_energy-2018-09.pdf
All India,2018,9,September,cumulative_fy,657944.0,653873.0,4071.0,0.6,False,True,psp_energy-2018-09.pdf
Chandigarh,2018,10,October,monthly,108.0,108.0,0.0,0.0,False,False,psp_energy-2018-10.pdf
Chandigarh,2018,10,October,cumulative_fy,1055.0,1055.0,0.0,0.0,False,False,psp_energy-2018-10.pdf
Delhi,2018,10,October,monthly,2503.0,2502.0,1.0,0.0,False,False,psp_energy-2018-10.pdf
Delhi,2018,10,October,cumulative_fy,22537.0,22523.0,14.0,0.1,False,False,psp_energy-2018-10.pdf
Haryana,2018,10,October,monthly,4554.0,4554.0,0.0,0.0,False,False,psp_energy-2018-10.pdf
Haryana,2018,10,October,cumulative_fy,35205.0,35205.0,0.0,0.0,False,False,psp_energy-2018-10.pdf
Himachal Pradesh,2018,10,October,monthly,753.0,728.0,25.0,3.3,False,False,psp_energy-2018-10.pdf
Himachal Pradesh,2018,10,October,cumulative_fy,5693.0,5501.0,191.0,3.4,False,False,psp_energy-2018-10.pdf
Jammu & Kashmir,2018,10,October,monthly,1473.0,1195.0,278.0,18.9,False,False,psp_energy-2018-10.pdf
Jammu & Kashmir,2018,10,October,cumulative_fy,10958.0,8841.0,2117.0,19.3,False,False,psp_energy-2018-10.pdf
Punjab,2018,10,October,monthly,4214.0,4214.0,0.0,0.0,False,False,psp_energy-2018-10.pdf
Punjab,2018,10,October,cumulative_fy,38628.0,38615.0,13.0,0.0,False,False,psp_energy-2018-10.pdf
Rajasthan,2018,10,October,monthly,6743.0,6743.0,0.0,0.0,False,False,psp_energy-2018-10.pdf
Rajasthan,2018,10,October,cumulative_fy,45337.0,45177.0,160.0,0.4,False,False,psp_energy-2018-10.pdf
Uttar Pradesh,2018,10,October,monthly,10245.0,10081.0,164.0,1.6,False,False,psp_energy-2018-10.pdf
Uttar Pradesh,2018,10,October,cumulative_fy,75593.0,74917.0,676.0,0.9,False,False,psp_energy-2018-10.pdf
Uttarakhand,2018,10,October,monthly,1071.0,1069.0,3.0,0.3,False,False,psp_energy-2018-10.pdf
Uttarakhand,2018,10,October,cumulative_fy,8383.0,8298.0,85.0,1.0,False,False,psp_energy-2018-10.pdf
Northern Region,2018,10,October,monthly,31664.0,31194.0,470.0,1.5,True,False,psp_energy-2018-10.pdf
Northern Region,2018,10,October,cumulative_fy,243388.0,240132.0,3256.0,1.3,True,False,psp_energy-2018-10.pdf
Chhattisgarh,2018,10,October,monthly,2709.0,2708.0,1.0,0.0,False,False,psp_energy-2018-10.pdf
Chhattisgarh,2018,10,October,cumulative_fy,16374.0,16346.0,28.0,0.2,False,False,psp_energy-2018-10.pdf
Gujarat,2018,10,October,monthly,11178.0,11177.0,0.0,0.0,False,False,psp_energy-2018-10.pdf
Gujarat,2018,10,October,cumulative_fy,70324.0,70310.0,14.0,0.0,False,False,psp_energy-2018-10.pdf
Madhya Pradesh,2018,10,October,monthly,7494.0,7493.0,1.0,0.0,False,False,psp_energy-2018-10.pdf
Madhya Pradesh,2018,10,October,cumulative_fy,40046.0,40044.0,2.0,0.0,False,False,psp_energy-2018-10.pdf
Maharashtra,2018,10,October,monthly,15246.0,15118.0,128.0,0.8,False,False,psp_energy-2018-10.pdf
Maharashtra,2018,10,October,cumulative_fy,95512.0,95378.0,134.0,0.1,False,False,psp_energy-2018-10.pdf
Daman & Diu,2018,10,October,monthly,215.0,215.0,0.0,0.0,False,False,psp_energy-2018-10.pdf
Daman & Diu,2018,10,October,cumulative_fy,1521.0,1521.0,0.0,0.0,False,False,psp_energy-2018-10.pdf
Dadra & Nagar Haveli,2018,10,October,monthly,527.0,527.0,0.0,0.0,False,False,psp_energy-2018-10.pdf
Dadra & Nagar Haveli,2018,10,October,cumulative_fy,3731.0,3731.0,0.0,0.0,False,False,psp_energy-2018-10.pdf
Goa,2018,10,October,monthly,371.0,371.0,0.0,0.0,False,False,psp_energy-2018-10.pdf
Goa,2018,10,October,cumulative_fy,2501.0,2499.0,2.0,0.1,False,False,psp_energy-2018-10.pdf
Western Region,2018,10,October,monthly,37739.0,37608.0,130.0,0.3,True,False,psp_energy-2018-10.pdf
Western Region,2018,10,October,cumulative_fy,230009.0,229829.0,180.0,0.1,True,False,psp_energy-2018-10.pdf
Andhra Pradesh,2018,10,October,monthly,5783.0,5777.0,6.0,0.1,False,False,psp_energy-2018-10.pdf
Andhra Pradesh,2018,10,October,cumulative_fy,37301.0,37258.0,43.0,0.1,False,False,psp_energy-2018-10.pdf
Telangana,2018,10,October,monthly,6608.0,6601.0,6.0,0.1,False,False,psp_energy-2018-10.pdf
Telangana,2018,10,October,cumulative_fy,38110.0,38064.0,46.0,0.1,False,False,psp_energy-2018-10.pdf
Karnataka,2018,10,October,monthly,5757.0,5750.0,7.0,0.1,False,False,psp_energy-2018-10.pdf
Karnataka,2018,10,October,cumulative_fy,39026.0,38975.0,52.0,0.1,False,False,psp_energy-2018-10.pdf
Kerala,2018,10,October,monthly,2102.0,2082.0,20.0,0.9,False,False,psp_energy-2018-10.pdf
Kerala,2018,10,October,cumulative_fy,14241.0,14146.0,96.0,0.7,False,False,psp_energy-2018-10.pdf
Tamil Nadu,2018,10,October,monthly,8645.0,8634.0,10.0,0.1,False,False,psp_energy-2018-10.pdf
Tamil Nadu,2018,10,October,cumulative_fy,65775.0,65699.0,76.0,0.1,False,False,psp_energy-2018-10.pdf
Puducherry,2018,10,October,monthly,222.0,221.0,1.0,0.5,False,False,psp_energy-2018-10.pdf
Puducherry,2018,10,October,cumulative_fy,1660.0,1652.0,8.0,0.5,False,False,psp_energy-2018-10.pdf
Lakshadweep,2018,10,October,monthly,4.0,4.0,0.0,0.0,False,False,psp_energy-2018-10.pdf
Lakshadweep,2018,10,October,cumulative_fy,27.0,27.0,0.0,0.0,False,False,psp_energy-2018-10.pdf
Southern Region,2018,10,October,monthly,29116.0,29066.0,50.0,0.2,True,False,psp_energy-2018-10.pdf
Southern Region,2018,10,October,cumulative_fy,196114.0,195793.0,321.0,0.2,True,False,psp_energy-2018-10.pdf
Bihar,2018,10,October,monthly,2663.0,2647.0,16.0,0.6,False,False,psp_energy-2018-10.pdf
Bihar,2018,10,October,cumulative_fy,19063.0,18860.0,204.0,1.1,False,False,psp_energy-2018-10.pdf
DVC,2018,10,October,monthly,1882.0,1838.0,44.0,2.4,False,False,psp_energy-2018-10.pdf
DVC,2018,10,October,cumulative_fy,13266.0,12968.0,299.0,2.3,False,False,psp_energy-2018-10.pdf
Jharkhand,2018,10,October,monthly,763.0,721.0,42.0,5.5,False,False,psp_energy-2018-10.pdf
Jharkhand,2018,10,October,cumulative_fy,5084.0,4973.0,111.0,2.2,False,False,psp_energy-2018-10.pdf
Odisha,2018,10,October,monthly,3211.0,3207.0,4.0,0.1,False,False,psp_energy-2018-10.pdf
Odisha,2018,10,October,cumulative_fy,20288.0,20264.0,23.0,0.1,False,False,psp_energy-2018-10.pdf
West Bengal,2018,10,October,monthly,4463.0,4448.0,15.0,0.3,False,False,psp_energy-2018-10.pdf
West Bengal,2018,10,October,cumulative_fy,33267.0,33129.0,137.0,0.4,False,False,psp_energy-2018-10.pdf
Sikkim,2018,10,October,monthly,44.0,43.0,0.0,0.1,False,False,psp_energy-2018-10.pdf
Sikkim,2018,10,October,cumulative_fy,283.0,282.0,0.0,0.1,False,False,psp_energy-2018-10.pdf
Andaman & Nicobar,2018,10,October,monthly,29.0,27.0,2.0,6.7,False,False,psp_energy-2018-10.pdf
Andaman & Nicobar,2018,10,October,cumulative_fy,202.0,188.0,13.0,6.7,False,False,psp_energy-2018-10.pdf
Eastern Region,2018,10,October,monthly,13026.0,12904.0,122.0,0.9,True,False,psp_energy-2018-10.pdf
Eastern Region,2018,10,October,cumulative_fy,91251.0,90477.0,774.0,0.8,True,False,psp_energy-2018-10.pdf
Arunachal Pradesh,2018,10,October,monthly,70.0,69.0,1.0,0.9,False,False,psp_energy-2018-10.pdf
Arunachal Pradesh,2018,10,October,cumulative_fy,505.0,499.0,7.0,1.3,False,False,psp_energy-2018-10.pdf
Assam,2018,10,October,monthly,816.0,791.0,24.0,3.0,False,False,psp_energy-2018-10.pdf
Assam,2018,10,October,cumulative_fy,6136.0,5885.0,251.0,4.1,False,False,psp_energy-2018-10.pdf
Manipur,2018,10,October,monthly,76.0,75.0,1.0,1.0,False,False,psp_energy-2018-10.pdf
Manipur,2018,10,October,cumulative_fy,489.0,483.0,7.0,1.4,False,False,psp_energy-2018-10.pdf
Meghalaya,2018,10,October,monthly,145.0,145.0,0.0,0.1,False,False,psp_energy-2018-10.pdf
Meghalaya,2018,10,October,cumulative_fy,1041.0,1040.0,1.0,0.1,False,False,psp_energy-2018-10.pdf
Mizoram,2018,10,October,monthly,71.0,70.0,1.0,0.8,False,False,psp_energy-2018-10.pdf
Mizoram,2018,10,October,cumulative_fy,372.0,367.0,5.0,1.4,False,False,psp_energy-2018-10.pdf
Nagaland,2018,10,October,monthly,74.0,66.0,8.0,11.3,False,False,psp_energy-2018-10.pdf
Nagaland,2018,10,October,cumulative_fy,538.0,480.0,59.0,10.9,False,False,psp_energy-2018-10.pdf
Tripura,2018,10,October,monthly,187.0,186.0,1.0,0.7,False,False,psp_energy-2018-10.pdf
Tripura,2018,10,October,cumulative_fy,1082.0,1064.0,19.0,1.7,False,False,psp_energy-2018-10.pdf
North-Eastern Region,2018,10,October,monthly,1438.0,1402.0,36.0,2.5,True,False,psp_energy-2018-10.pdf
North-Eastern Region,2018,10,October,cumulative_fy,10164.0,9817.0,347.0,3.4,True,False,psp_energy-2018-10.pdf
All India,2018,10,October,monthly,112983.0,112175.0,808.0,0.7,False,True,psp_energy-2018-10.pdf
All India,2018,10,October,cumulative_fy,770927.0,766048.0,4879.0,0.6,False,True,psp_energy-2018-10.pdf
Chandigarh,2018,11,November,monthly,93.0,93.0,0.0,0.0,False,False,psp_energy-2018-11.pdf
Chandigarh,2018,11,November,cumulative_fy,1147.0,1147.0,0.0,0.0,False,False,psp_energy-2018-11.pdf
Delhi,2018,11,November,monthly,1838.0,1837.0,0.0,0.0,False,False,psp_energy-2018-11.pdf
Delhi,2018,11,November,cumulative_fy,24374.0,24360.0,14.0,0.1,False,False,psp_energy-2018-11.pdf
Haryana,2018,11,November,monthly,3580.0,3580.0,0.0,0.0,False,False,psp_energy-2018-11.pdf
Haryana,2018,11,November,cumulative_fy,38786.0,38786.0,0.0,0.0,False,False,psp_energy-2018-11.pdf
Himachal Pradesh,2018,11,November,monthly,752.0,737.0,16.0,2.1,False,False,psp_energy-2018-11.pdf
Himachal Pradesh,2018,11,November,cumulative_fy,6445.0,6238.0,207.0,3.2,False,False,psp_energy-2018-11.pdf
Jammu & Kashmir,2018,11,November,monthly,1532.0,1242.0,290.0,18.9,False,False,psp_energy-2018-11.pdf
Jammu & Kashmir,2018,11,November,cumulative_fy,12490.0,10083.0,2407.0,19.3,False,False,psp_energy-2018-11.pdf
Punjab,2018,11,November,monthly,3161.0,3161.0,0.0,0.0,False,False,psp_energy-2018-11.pdf
Punjab,2018,11,November,cumulative_fy,41790.0,41777.0,13.0,0.0,False,False,psp_energy-2018-11.pdf
Rajasthan,2018,11,November,monthly,6723.0,6722.0,0.0,0.0,False,False,psp_energy-2018-11.pdf
Rajasthan,2018,11,November,cumulative_fy,52060.0,51900.0,160.0,0.3,False,False,psp_energy-2018-11.pdf
Uttar Pradesh,2018,11,November,monthly,8305.0,8246.0,59.0,0.7,False,False,psp_energy-2018-11.pdf
Uttar Pradesh,2018,11,November,cumulative_fy,83898.0,83163.0,735.0,0.9,False,False,psp_energy-2018-11.pdf
Uttarakhand,2018,11,November,monthly,1007.0,1006.0,2.0,0.2,False,False,psp_energy-2018-11.pdf
Uttarakhand,2018,11,November,cumulative_fy,9390.0,9303.0,87.0,0.9,False,False,psp_energy-2018-11.pdf
Northern Region,2018,11,November,monthly,26991.0,26625.0,367.0,1.4,True,False,psp_energy-2018-11.pdf
Northern Region,2018,11,November,cumulative_fy,270380.0,266757.0,3623.0,1.3,True,False,psp_energy-2018-11.pdf
Chhattisgarh,2018,11,November,monthly,1558.0,1557.0,1.0,0.1,False,False,psp_energy-2018-11.pdf
Chhattisgarh,2018,11,November,cumulative_fy,17932.0,17903.0,29.0,0.2,False,False,psp_energy-2018-11.pdf
Gujarat,2018,11,November,monthly,9002.0,9001.0,0.0,0.0,False,False,psp_energy-2018-11.pdf
Gujarat,2018,11,November,cumulative_fy,79326.0,79311.0,15.0,0.0,False,False,psp_energy-2018-11.pdf
Madhya Pradesh,2018,11,November,monthly,7771.0,7771.0,0.0,0.0,False,False,psp_energy-2018-11.pdf
Madhya Pradesh,2018,11,November,cumulative_fy,47816.0,47814.0,2.0,0.0,False,False,psp_energy-2018-11.pdf
Maharashtra,2018,11,November,monthly,13058.0,13056.0,2.0,0.0,False,False,psp_energy-2018-11.pdf
Maharashtra,2018,11,November,cumulative_fy,108570.0,108434.0,136.0,0.1,False,False,psp_energy-2018-11.pdf
Daman & Diu,2018,11,November,monthly,196.0,196.0,0.0,0.0,False,False,psp_energy-2018-11.pdf
Daman & Diu,2018,11,November,cumulative_fy,1717.0,1717.0,0.0,0.0,False,False,psp_energy-2018-11.pdf
Dadra & Nagar Haveli,2018,11,November,monthly,439.0,439.0,0.0,0.0,False,False,psp_energy-2018-11.pdf
Dadra & Nagar Haveli,2018,11,November,cumulative_fy,4170.0,4170.0,0.0,0.0,False,False,psp_energy-2018-11.pdf
Goa,2018,11,November,monthly,364.0,364.0,0.0,0.1,False,False,psp_energy-2018-11.pdf
Goa,2018,11,November,cumulative_fy,2866.0,2863.0,3.0,0.1,False,False,psp_energy-2018-11.pdf
Western Region,2018,11,November,monthly,32388.0,32384.0,4.0,0.0,True,False,psp_energy-2018-11.pdf
Western Region,2018,11,November,cumulative_fy,262397.0,262213.0,184.0,0.1,True,False,psp_energy-2018-11.pdf
Andhra Pradesh,2018,11,November,monthly,5350.0,5344.0,6.0,0.1,False,False,psp_energy-2018-11.pdf
Andhra Pradesh,2018,11,November,cumulative_fy,42651.0,42602.0,49.0,0.1,False,False,psp_energy-2018-11.pdf
Telangana,2018,11,November,monthly,5498.0,5491.0,6.0,0.1,False,False,psp_energy-2018-11.pdf
Telangana,2018,11,November,cumulative_fy,43608.0,43556.0,52.0,0.1,False,False,psp_energy-2018-11.pdf
Karnataka,2018,11,November,monthly,6094.0,6087.0,7.0,0.1,False,False,psp_energy-2018-11.pdf
Karnataka,2018,11,November,cumulative_fy,45120.0,45062.0,58.0,0.1,False,False,psp_energy-2018-11.pdf
Kerala,2018,11,November,monthly,2083.0,2073.0,9.0,0.5,False,False,psp_energy-2018-11.pdf
Kerala,2018,11,November,cumulative_fy,16324.0,16219.0,105.0,0.6,False,False,psp_energy-2018-11.pdf
Tamil Nadu,2018,11,November,monthly,7790.0,7780.0,10.0,0.1,False,False,psp_energy-2018-11.pdf
Tamil Nadu,2018,11,November,cumulative_fy,73565.0,73479.0,86.0,0.1,False,False,psp_energy-2018-11.pdf
Puducherry,2018,11,November,monthly,202.0,202.0,0.0,0.1,False,False,psp_energy-2018-11.pdf
Puducherry,2018,11,November,cumulative_fy,1862.0,1854.0,8.0,0.4,False,False,psp_energy-2018-11.pdf
Lakshadweep,2018,11,November,monthly,4.0,4.0,0.0,0.0,False,False,psp_energy-2018-11.pdf
Lakshadweep,2018,11,November,cumulative_fy,31.0,31.0,0.0,0.0,False,False,psp_energy-2018-11.pdf
Southern Region,2018,11,November,monthly,27016.0,26978.0,38.0,0.1,True,False,psp_energy-2018-11.pdf
Southern Region,2018,11,November,cumulative_fy,223130.0,222771.0,359.0,0.2,True,False,psp_energy-2018-11.pdf
Bihar,2018,11,November,monthly,2225.0,2218.0,7.0,0.3,False,False,psp_energy-2018-11.pdf
Bihar,2018,11,November,cumulative_fy,21289.0,21078.0,211.0,1.0,False,False,psp_energy-2018-11.pdf
DVC,2018,11,November,monthly,1877.0,1823.0,54.0,2.9,False,False,psp_energy-2018-11.pdf
DVC,2018,11,November,cumulative_fy,15143.0,14791.0,352.0,2.3,False,False,psp_energy-2018-11.pdf
Jharkhand,2018,11,November,monthly,734.0,723.0,12.0,1.6,False,False,psp_energy-2018-11.pdf
Jharkhand,2018,11,November,cumulative_fy,5818.0,5696.0,122.0,2.1,False,False,psp_energy-2018-11.pdf
Odisha,2018,11,November,monthly,2664.0,2662.0,3.0,0.1,False,False,psp_energy-2018-11.pdf
Odisha,2018,11,November,cumulative_fy,22952.0,22926.0,26.0,0.1,False,False,psp_energy-2018-11.pdf
West Bengal,2018,11,November,monthly,3584.0,3578.0,6.0,0.2,False,False,psp_energy-2018-11.pdf
West Bengal,2018,11,November,cumulative_fy,36850.0,36707.0,143.0,0.4,False,False,psp_energy-2018-11.pdf
Sikkim,2018,11,November,monthly,46.0,46.0,0.0,0.1,False,False,psp_energy-2018-11.pdf
Sikkim,2018,11,November,cumulative_fy,329.0,329.0,0.0,0.1,False,False,psp_energy-2018-11.pdf
Andaman & Nicobar,2018,11,November,monthly,29.0,27.0,2.0,6.7,False,False,psp_energy-2018-11.pdf
Andaman & Nicobar,2018,11,November,cumulative_fy,231.0,215.0,15.0,6.7,False,False,psp_energy-2018-11.pdf
Eastern Region,2018,11,November,monthly,11131.0,11050.0,81.0,0.7,True,False,psp_energy-2018-11.pdf
Eastern Region,2018,11,November,cumulative_fy,102382.0,101527.0,855.0,0.8,True,False,psp_energy-2018-11.pdf
Arunachal Pradesh,2018,11,November,monthly,67.0,67.0,1.0,1.1,False,False,psp_energy-2018-11.pdf
Arunachal Pradesh,2018,11,November,cumulative_fy,573.0,565.0,7.0,1.3,False,False,psp_energy-2018-11.pdf
Assam,2018,11,November,monthly,708.0,691.0,17.0,2.4,False,False,psp_energy-2018-11.pdf
Assam,2018,11,November,cumulative_fy,6843.0,6576.0,267.0,3.9,False,False,psp_energy-2018-11.pdf
Manipur,2018,11,November,monthly,82.0,81.0,1.0,1.3,False,False,psp_energy-2018-11.pdf
Manipur,2018,11,November,cumulative_fy,571.0,563.0,8.0,1.4,False,False,psp_energy-2018-11.pdf
Meghalaya,2018,11,November,monthly,164.0,164.0,0.0,0.1,False,False,psp_energy-2018-11.pdf
Meghalaya,2018,11,November,cumulative_fy,1204.0,1204.0,1.0,0.1,False,False,psp_energy-2018-11.pdf
Mizoram,2018,11,November,monthly,68.0,67.0,1.0,1.0,False,False,psp_energy-2018-11.pdf
Mizoram,2018,11,November,cumulative_fy,440.0,434.0,6.0,1.3,False,False,psp_energy-2018-11.pdf
Nagaland,2018,11,November,monthly,61.0,53.0,8.0,13.7,False,False,psp_energy-2018-11.pdf
Nagaland,2018,11,November,cumulative_fy,600.0,533.0,67.0,11.2,False,False,psp_energy-2018-11.pdf
Tripura,2018,11,November,monthly,165.0,164.0,1.0,0.7,False,False,psp_energy-2018-11.pdf
Tripura,2018,11,November,cumulative_fy,1247.0,1227.0,20.0,1.6,False,False,psp_energy-2018-11.pdf
North-Eastern Region,2018,11,November,monthly,1314.0,1285.0,29.0,2.2,True,False,psp_energy-2018-11.pdf
North-Eastern Region,2018,11,November,cumulative_fy,11478.0,11102.0,376.0,3.3,True,False,psp_energy-2018-11.pdf
All India,2018,11,November,monthly,98840.0,98321.0,519.0,0.5,False,True,psp_energy-2018-11.pdf
All India,2018,11,November,cumulative_fy,869767.0,864369.0,5398.0,0.6,False,True,psp_energy-2018-11.pdf
Chandigarh,2018,12,December,monthly,105.0,105.0,0.0,0.0,False,False,psp_energy-2018-12.pdf
Chandigarh,2018,12,December,cumulative_fy,1253.0,1253.0,0.0,0.0,False,False,psp_energy-2018-12.pdf
Delhi,2018,12,December,monthly,1998.0,1997.0,1.0,0.0,False,False,psp_energy-2018-12.pdf
Delhi,2018,12,December,cumulative_fy,26372.0,26357.0,15.0,0.1,False,False,psp_energy-2018-12.pdf
Haryana,2018,12,December,monthly,3972.0,3972.0,0.0,0.0,False,False,psp_energy-2018-12.pdf
Haryana,2018,12,December,cumulative_fy,42758.0,42758.0,0.0,0.0,False,False,psp_energy-2018-12.pdf
Himachal Pradesh,2018,12,December,monthly,871.0,857.0,14.0,1.6,False,False,psp_energy-2018-12.pdf
Himachal Pradesh,2018,12,December,cumulative_fy,7316.0,7095.0,221.0,3.0,False,False,psp_energy-2018-12.pdf
Jammu & Kashmir,2018,12,December,monthly,1855.0,1506.0,349.0,18.8,False,False,psp_energy-2018-12.pdf
Jammu & Kashmir,2018,12,December,cumulative_fy,14346.0,11589.0,2756.0,19.2,False,False,psp_energy-2018-12.pdf
Punjab,2018,12,December,monthly,3616.0,3616.0,0.0,0.0,False,False,psp_energy-2018-12.pdf
Punjab,2018,12,December,cumulative_fy,45406.0,45393.0,13.0,0.0,False,False,psp_energy-2018-12.pdf
Rajasthan,2018,12,December,monthly,7229.0,7227.0,2.0,0.0,False,False,psp_energy-2018-12.pdf
Rajasthan,2018,12,December,cumulative_fy,59289.0,59126.0,162.0,0.3,False,False,psp_energy-2018-12.pdf
Uttar Pradesh,2018,12,December,monthly,8515.0,8459.0,56.0,0.7,False,False,psp_energy-2018-12.pdf
Uttar Pradesh,2018,12,December,cumulative_fy,92413.0,91622.0,791.0,0.9,False,False,psp_energy-2018-12.pdf
Uttarakhand,2018,12,December,monthly,1159.0,1156.0,2.0,0.2,False,False,psp_energy-2018-12.pdf
Uttarakhand,2018,12,December,cumulative_fy,10548.0,10460.0,89.0,0.8,False,False,psp_energy-2018-12.pdf
Northern Region,2018,12,December,monthly,29320.0,28896.0,424.0,1.4,True,False,psp_energy-2018-12.pdf
Northern Region,2018,12,December,cumulative_fy,299699.0,295652.0,4047.0,1.4,True,False,psp_energy-2018-12.pdf
Chhattisgarh,2018,12,December,monthly,1550.0,1547.0,2.0,0.2,False,False,psp_energy-2018-12.pdf
Chhattisgarh,2018,12,December,cumulative_fy,19481.0,19450.0,32.0,0.2,False,False,psp_energy-2018-12.pdf
Gujarat,2018,12,December,monthly,9400.0,9400.0,1.0,0.0,False,False,psp_energy-2018-12.pdf
Gujarat,2018,12,December,cumulative_fy,88726.0,88711.0,15.0,0.0,False,False,psp_energy-2018-12.pdf
Madhya Pradesh,2018,12,December,monthly,7903.0,7903.0,0.0,0.0,False,False,psp_energy-2018-12.pdf
Madhya Pradesh,2018,12,December,cumulative_fy,55719.0,55718.0,2.0,0.0,False,False,psp_energy-2018-12.pdf
Maharashtra,2018,12,December,monthly,12505.0,12504.0,1.0,0.0,False,False,psp_energy-2018-12.pdf
Maharashtra,2018,12,December,cumulative_fy,121075.0,120938.0,137.0,0.1,False,False,psp_energy-2018-12.pdf
Daman & Diu,2018,12,December,monthly,212.0,212.0,0.0,0.0,False,False,psp_energy-2018-12.pdf
Daman & Diu,2018,12,December,cumulative_fy,1929.0,1929.0,0.0,0.0,False,False,psp_energy-2018-12.pdf
Dadra & Nagar Haveli,2018,12,December,monthly,530.0,530.0,0.0,0.0,False,False,psp_energy-2018-12.pdf
Dadra & Nagar Haveli,2018,12,December,cumulative_fy,4700.0,4700.0,0.0,0.0,False,False,psp_energy-2018-12.pdf
Goa,2018,12,December,monthly,394.0,393.0,1.0,0.2,False,False,psp_energy-2018-12.pdf
Goa,2018,12,December,cumulative_fy,3259.0,3256.0,3.0,0.1,False,False,psp_energy-2018-12.pdf
Western Region,2018,12,December,monthly,32494.0,32489.0,5.0,0.0,True,False,psp_energy-2018-12.pdf
Western Region,2018,12,December,cumulative_fy,294891.0,294701.0,189.0,0.1,True,False,psp_energy-2018-12.pdf
Andhra Pradesh,2018,12,December,monthly,5007.0,5001.0,6.0,0.1,False,False,psp_energy-2018-12.pdf
Andhra Pradesh,2018,12,December,cumulative_fy,47658.0,47603.0,54.0,0.1,False,False,psp_energy-2018-12.pdf
Telangana,2018,12,December,monthly,5301.0,5295.0,6.0,0.1,False,False,psp_energy-2018-12.pdf
Telangana,2018,12,December,cumulative_fy,48909.0,48850.0,58.0,0.1,False,False,psp_energy-2018-12.pdf
Karnataka,2018,12,December,monthly,6347.0,6340.0,7.0,0.1,False,False,psp_energy-2018-12.pdf
Karnataka,2018,12,December,cumulative_fy,51467.0,51402.0,65.0,0.1,False,False,psp_energy-2018-12.pdf
Kerala,2018,12,December,monthly,2159.0,2150.0,9.0,0.4,False,False,psp_energy-2018-12.pdf
Kerala,2018,12,December,cumulative_fy,18483.0,18369.0,114.0,0.6,False,False,psp_energy-2018-12.pdf
Tamil Nadu,2018,12,December,monthly,8580.0,8570.0,10.0,0.1,False,False,psp_energy-2018-12.pdf
Tamil Nadu,2018,12,December,cumulative_fy,82145.0,82049.0,96.0,0.1,False,False,psp_energy-2018-12.pdf
Puducherry,2018,12,December,monthly,213.0,213.0,0.0,0.1,False,False,psp_energy-2018-12.pdf
Puducherry,2018,12,December,cumulative_fy,2075.0,2066.0,8.0,0.4,False,False,psp_energy-2018-12.pdf
Lakshadweep,2018,12,December,monthly,4.0,4.0,0.0,0.0,False,False,psp_energy-2018-12.pdf
Lakshadweep,2018,12,December,cumulative_fy,35.0,35.0,0.0,0.0,False,False,psp_energy-2018-12.pdf
Southern Region,2018,12,December,monthly,27606.0,27569.0,37.0,0.1,True,False,psp_energy-2018-12.pdf
Southern Region,2018,12,December,cumulative_fy,250736.0,250341.0,396.0,0.2,True,False,psp_energy-2018-12.pdf
Bihar,2018,12,December,monthly,2188.0,2180.0,7.0,0.3,False,False,psp_energy-2018-12.pdf
Bihar,2018,12,December,cumulative_fy,23476.0,23258.0,218.0,0.9,False,False,psp_energy-2018-12.pdf
DVC,2018,12,December,monthly,1913.0,1904.0,9.0,0.5,False,False,psp_energy-2018-12.pdf
DVC,2018,12,December,cumulative_fy,17057.0,16695.0,362.0,2.1,False,False,psp_energy-2018-12.pdf
Jharkhand,2018,12,December,monthly,754.0,716.0,38.0,5.1,False,False,psp_energy-2018-12.pdf
Jharkhand,2018,12,December,cumulative_fy,6573.0,6412.0,161.0,2.4,False,False,psp_energy-2018-12.pdf
Odisha,2018,12,December,monthly,2252.0,2251.0,2.0,0.1,False,False,psp_energy-2018-12.pdf
Odisha,2018,12,December,cumulative_fy,25204.0,25177.0,28.0,0.1,False,False,psp_energy-2018-12.pdf
West Bengal,2018,12,December,monthly,3356.0,3348.0,8.0,0.2,False,False,psp_energy-2018-12.pdf
West Bengal,2018,12,December,cumulative_fy,40206.0,40055.0,151.0,0.4,False,False,psp_energy-2018-12.pdf
Sikkim,2018,12,December,monthly,52.0,52.0,0.0,0.1,False,False,psp_energy-2018-12.pdf
Sikkim,2018,12,December,cumulative_fy,381.0,380.0,0.0,0.1,False,False,psp_energy-2018-12.pdf
Andaman & Nicobar,2018,12,December,monthly,29.0,27.0,2.0,6.7,False,False,psp_energy-2018-12.pdf
Andaman & Nicobar,2018,12,December,cumulative_fy,260.0,242.0,17.0,6.7,False,False,psp_energy-2018-12.pdf
Eastern Region,2018,12,December,monthly,10515.0,10451.0,64.0,0.6,True,False,psp_energy-2018-12.pdf
Eastern Region,2018,12,December,cumulative_fy,112897.0,111977.0,919.0,0.8,True,False,psp_energy-2018-12.pdf
Arunachal Pradesh,2018,12,December,monthly,76.0,75.0,1.0,0.8,False,False,psp_energy-2018-12.pdf
Arunachal Pradesh,2018,12,December,cumulative_fy,649.0,641.0,8.0,1.2,False,False,psp_energy-2018-12.pdf
Assam,2018,12,December,monthly,691.0,677.0,14.0,2.1,False,False,psp_energy-2018-12.pdf
Assam,2018,12,December,cumulative_fy,7535.0,7253.0,282.0,3.7,False,False,psp_energy-2018-12.pdf
Manipur,2018,12,December,monthly,89.0,89.0,1.0,0.6,False,False,psp_energy-2018-12.pdf
Manipur,2018,12,December,cumulative_fy,660.0,652.0,8.0,1.3,False,False,psp_energy-2018-12.pdf
Meghalaya,2018,12,December,monthly,192.0,192.0,0.0,0.1,False,False,psp_energy-2018-12.pdf
Meghalaya,2018,12,December,cumulative_fy,1396.0,1396.0,1.0,0.1,False,False,psp_energy-2018-12.pdf
Mizoram,2018,12,December,monthly,54.0,53.0,0.0,0.6,False,False,psp_energy-2018-12.pdf
Mizoram,2018,12,December,cumulative_fy,494.0,488.0,6.0,1.3,False,False,psp_energy-2018-12.pdf
Nagaland,2018,12,December,monthly,80.0,71.0,8.0,10.5,False,False,psp_energy-2018-12.pdf
Nagaland,2018,12,December,cumulative_fy,679.0,604.0,75.0,11.1,False,False,psp_energy-2018-12.pdf
Tripura,2018,12,December,monthly,166.0,165.0,0.0,0.2,False,False,psp_energy-2018-12.pdf
Tripura,2018,12,December,cumulative_fy,1413.0,1393.0,20.0,1.4,False,False,psp_energy-2018-12.pdf
North-Eastern Region,2018,12,December,monthly,1347.0,1323.0,25.0,1.8,True,False,psp_energy-2018-12.pdf
North-Eastern Region,2018,12,December,cumulative_fy,12826.0,12425.0,401.0,3.1,True,False,psp_energy-2018-12.pdf
All India,2018,12,December,monthly,101282.0,100727.0,554.0,0.5,False,True,psp_energy-2018-12.pdf
All India,2018,12,December,cumulative_fy,971049.0,965097.0,5952.0,0.6,False,True,psp_energy-2018-12.pdf
Chandigarh,2019,1,January,monthly,115.0,115.0,0.0,0.0,False,False,psp_energy-2019-01.pdf
Chandigarh,2019,1,January,cumulative_fy,1368.0,1368.0,0.0,0.0,False,False,psp_energy-2019-01.pdf
Delhi,2019,1,January,monthly,2141.0,2140.0,1.0,0.1,False,False,psp_energy-2019-01.pdf
Delhi,2019,1,January,cumulative_fy,28513.0,28497.0,16.0,0.1,False,False,psp_energy-2019-01.pdf
Haryana,2019,1,January,monthly,3939.0,3939.0,0.0,0.0,False,False,psp_energy-2019-01.pdf
Haryana,2019,1,January,cumulative_fy,46696.0,46696.0,0.0,0.0,False,False,psp_energy-2019-01.pdf
Himachal Pradesh,2019,1,January,monthly,901.0,892.0,9.0,1.0,False,False,psp_energy-2019-01.pdf
Himachal Pradesh,2019,1,January,cumulative_fy,8217.0,7987.0,230.0,2.8,False,False,psp_energy-2019-01.pdf
Jammu & Kashmir,2019,1,January,monthly,1893.0,1545.0,348.0,18.4,False,False,psp_energy-2019-01.pdf
Jammu & Kashmir,2019,1,January,cumulative_fy,16238.0,13134.0,3104.0,19.1,False,False,psp_energy-2019-01.pdf
Punjab,2019,1,January,monthly,3417.0,3417.0,0.0,0.0,False,False,psp_energy-2019-01.pdf
Punjab,2019,1,January,cumulative_fy,48822.0,48809.0,13.0,0.0,False,False,psp_energy-2019-01.pdf
Rajasthan,2019,1,January,monthly,7280.0,7261.0,20.0,0.3,False,False,psp_energy-2019-01.pdf
Rajasthan,2019,1,January,cumulative_fy,66569.0,66387.0,182.0,0.3,False,False,psp_energy-2019-01.pdf
Uttar Pradesh,2019,1,January,monthly,8682.0,8628.0,54.0,0.6,False,False,psp_energy-2019-01.pdf
Uttar Pradesh,2019,1,January,cumulative_fy,101095.0,100250.0,845.0,0.8,False,False,psp_energy-2019-01.pdf
Uttarakhand,2019,1,January,monthly,1192.0,1189.0,3.0,0.2,False,False,psp_energy-2019-01.pdf
Uttarakhand,2019,1,January,cumulative_fy,11740.0,11649.0,91.0,0.8,False,False,psp_energy-2019-01.pdf
Northern Region,2019,1,January,monthly,29559.0,29125.0,433.0,1.5,True,False,psp_energy-2019-01.pdf
Northern Region,2019,1,January,cumulative_fy,329258.0,324778.0,4480.0,1.4,True,False,psp_energy-2019-01.pdf
Chhattisgarh,2019,1,January,monthly,1990.0,1983.0,7.0,0.4,False,False,psp_energy-2019-01.pdf
Chhattisgarh,2019,1,January,cumulative_fy,21471.0,21433.0,39.0,0.2,False,False,psp_energy-2019-01.pdf
Gujarat,2019,1,January,monthly,9376.0,9376.0,0.0,0.0,False,False,psp_energy-2019-01.pdf
Gujarat,2019,1,January,cumulative_fy,98103.0,98087.0,15.0,0.0,False,False,psp_energy-2019-01.pdf
Madhya Pradesh,2019,1,January,monthly,7593.0,7593.0,0.0,0.0,False,False,psp_energy-2019-01.pdf
Madhya Pradesh,2019,1,January,cumulative_fy,63312.0,63310.0,2.0,0.0,False,False,psp_energy-2019-01.pdf
Maharashtra,2019,1,January,monthly,12201.0,12201.0,0.0,0.0,False,False,psp_energy-2019-01.pdf
Maharashtra,2019,1,January,cumulative_fy,133276.0,133139.0,137.0,0.1,False,False,psp_energy-2019-01.pdf
Daman & Diu,2019,1,January,monthly,208.0,208.0,0.0,0.0,False,False,psp_energy-2019-01.pdf
Daman & Diu,2019,1,January,cumulative_fy,2137.0,2137.0,0.0,0.0,False,False,psp_energy-2019-01.pdf
Dadra & Nagar Haveli,2019,1,January,monthly,540.0,540.0,0.0,0.0,False,False,psp_energy-2019-01.pdf
Dadra & Nagar Haveli,2019,1,January,cumulative_fy,5239.0,5239.0,0.0,0.0,False,False,psp_energy-2019-01.pdf
Goa,2019,1,January,monthly,343.0,343.0,0.0,0.0,False,False,psp_energy-2019-01.pdf
Goa,2019,1,January,cumulative_fy,3603.0,3599.0,3.0,0.1,False,False,psp_energy-2019-01.pdf
Western Region,2019,1,January,monthly,32251.0,32244.0,7.0,0.0,True,False,psp_energy-2019-01.pdf
Western Region,2019,1,January,cumulative_fy,327142.0,326945.0,197.0,0.1,True,False,psp_energy-2019-01.pdf
Andhra Pradesh,2019,1,January,monthly,4994.0,4991.0,2.0,0.0,False,False,psp_energy-2019-01.pdf
Andhra Pradesh,2019,1,January,cumulative_fy,52652.0,52595.0,57.0,0.1,False,False,psp_energy-2019-01.pdf
Telangana,2019,1,January,monthly,5405.0,5403.0,2.0,0.0,False,False,psp_energy-2019-01.pdf
Telangana,2019,1,January,cumulative_fy,54314.0,54253.0,61.0,0.1,False,False,psp_energy-2019-01.pdf
Karnataka,2019,1,January,monthly,6460.0,6458.0,3.0,0.0,False,False,psp_energy-2019-01.pdf
Karnataka,2019,1,January,cumulative_fy,57927.0,57860.0,67.0,0.1,False,False,psp_energy-2019-01.pdf
Kerala,2019,1,January,monthly,2002.0,2001.0,1.0,0.1,False,False,psp_energy-2019-01.pdf
Kerala,2019,1,January,cumulative_fy,20485.0,20370.0,115.0,0.6,False,False,psp_energy-2019-01.pdf
Tamil Nadu,2019,1,January,monthly,8499.0,8495.0,4.0,0.0,False,False,psp_energy-2019-01.pdf
Tamil Nadu,2019,1,January,cumulative_fy,90644.0,90544.0,100.0,0.1,False,False,psp_energy-2019-01.pdf
Puducherry,2019,1,January,monthly,223.0,223.0,0.0,0.0,False,False,psp_energy-2019-01.pdf
Puducherry,2019,1,January,cumulative_fy,2298.0,2289.0,9.0,0.4,False,False,psp_energy-2019-01.pdf
Lakshadweep,2019,1,January,monthly,4.0,4.0,0.0,0.0,False,False,psp_energy-2019-01.pdf
Lakshadweep,2019,1,January,cumulative_fy,39.0,39.0,0.0,0.0,False,False,psp_energy-2019-01.pdf
Southern Region,2019,1,January,monthly,27582.0,27570.0,12.0,0.0,True,False,psp_energy-2019-01.pdf
Southern Region,2019,1,January,cumulative_fy,278318.0,277911.0,408.0,0.1,True,False,psp_energy-2019-01.pdf
Bihar,2019,1,January,monthly,2311.0,2305.0,6.0,0.3,False,False,psp_energy-2019-01.pdf
Bihar,2019,1,January,cumulative_fy,25787.0,25563.0,224.0,0.9,False,False,psp_energy-2019-01.pdf
DVC,2019,1,January,monthly,1973.0,1966.0,7.0,0.4,False,False,psp_energy-2019-01.pdf
DVC,2019,1,January,cumulative_fy,19029.0,18660.0,369.0,1.9,False,False,psp_energy-2019-01.pdf
Jharkhand,2019,1,January,monthly,797.0,738.0,59.0,7.4,False,False,psp_energy-2019-01.pdf
Jharkhand,2019,1,January,cumulative_fy,7369.0,7149.0,220.0,3.0,False,False,psp_energy-2019-01.pdf
Odisha,2019,1,January,monthly,2244.0,2243.0,1.0,0.0,False,False,psp_energy-2019-01.pdf
Odisha,2019,1,January,cumulative_fy,27448.0,27420.0,28.0,0.1,False,False,psp_energy-2019-01.pdf
West Bengal,2019,1,January,monthly,3615.0,3609.0,7.0,0.2,False,False,psp_energy-2019-01.pdf
West Bengal,2019,1,January,cumulative_fy,43821.0,43664.0,158.0,0.4,False,False,psp_energy-2019-01.pdf
Sikkim,2019,1,January,monthly,52.0,52.0,0.0,0.0,False,False,psp_energy-2019-01.pdf
Sikkim,2019,1,January,cumulative_fy,433.0,433.0,0.0,0.1,False,False,psp_energy-2019-01.pdf
Andaman & Nicobar,2019,1,January,monthly,29.0,27.0,2.0,6.7,False,False,psp_energy-2019-01.pdf
Andaman & Nicobar,2019,1,January,cumulative_fy,288.0,269.0,19.0,6.7,False,False,psp_energy-2019-01.pdf
Eastern Region,2019,1,January,monthly,10992.0,10912.0,80.0,0.7,True,False,psp_energy-2019-01.pdf
Eastern Region,2019,1,January,cumulative_fy,123889.0,122889.0,999.0,0.8,True,False,psp_energy-2019-01.pdf
Arunachal Pradesh,2019,1,January,monthly,78.0,77.0,0.0,0.5,False,False,psp_energy-2019-01.pdf
Arunachal Pradesh,2019,1,January,cumulative_fy,726.0,718.0,8.0,1.1,False,False,psp_energy-2019-01.pdf
Assam,2019,1,January,monthly,682.0,673.0,10.0,1.4,False,False,psp_energy-2019-01.pdf
Assam,2019,1,January,cumulative_fy,8217.0,7926.0,291.0,3.5,False,False,psp_energy-2019-01.pdf
Manipur,2019,1,January,monthly,92.0,92.0,1.0,0.6,False,False,psp_energy-2019-01.pdf
Manipur,2019,1,January,cumulative_fy,752.0,743.0,9.0,1.2,False,False,psp_energy-2019-01.pdf
Meghalaya,2019,1,January,monthly,197.0,196.0,0.0,0.1,False,False,psp_energy-2019-01.pdf
Meghalaya,2019,1,January,cumulative_fy,1593.0,1592.0,1.0,0.1,False,False,psp_energy-2019-01.pdf
Mizoram,2019,1,January,monthly,54.0,53.0,1.0,1.0,False,False,psp_energy-2019-01.pdf
Mizoram,2019,1,January,cumulative_fy,548.0,541.0,7.0,1.2,False,False,psp_energy-2019-01.pdf
Nagaland,2019,1,January,monthly,79.0,71.0,8.0,10.6,False,False,psp_energy-2019-01.pdf
Nagaland,2019,1,January,cumulative_fy,758.0,674.0,84.0,11.0,False,False,psp_energy-2019-01.pdf
Tripura,2019,1,January,monthly,148.0,147.0,0.0,0.1,False,False,psp_energy-2019-01.pdf
Tripura,2019,1,January,cumulative_fy,1560.0,1540.0,20.0,1.3,False,False,psp_energy-2019-01.pdf
North-Eastern Region,2019,1,January,monthly,1329.0,1309.0,20.0,1.5,True,False,psp_energy-2019-01.pdf
North-Eastern Region,2019,1,January,cumulative_fy,14155.0,13734.0,420.0,3.0,True,False,psp_energy-2019-01.pdf
All India,2019,1,January,monthly,101713.0,101161.0,552.0,0.5,False,True,psp_energy-2019-01.pdf
All India,2019,1,January,cumulative_fy,1072762.0,1066258.0,6504.0,0.6,False,True,psp_energy-2019-01.pdf
Chandigarh,2019,2,February,monthly,97.0,97.0,0.0,0.0,False,False,psp_energy-2019-02.pdf
Chandigarh,2019,2,February,cumulative_fy,1465.0,1465.0,0.0,0.0,False,False,psp_energy-2019-02.pdf
Delhi,2019,2,February,monthly,1856.0,1855.0,0.0,0.0,False,False,psp_energy-2019-02.pdf
Delhi,2019,2,February,cumulative_fy,30368.0,30352.0,16.0,0.1,False,False,psp_energy-2019-02.pdf
Haryana,2019,2,February,monthly,3310.0,3310.0,0.0,0.0,False,False,psp_energy-2019-02.pdf
Haryana,2019,2,February,cumulative_fy,50006.0,50006.0,0.0,0.0,False,False,psp_energy-2019-02.pdf
Himachal Pradesh,2019,2,February,monthly,801.0,801.0,0.0,0.0,False,False,psp_energy-2019-02.pdf
Himachal Pradesh,2019,2,February,cumulative_fy,9018.0,8788.0,230.0,2.5,False,False,psp_energy-2019-02.pdf
Jammu & Kashmir,2019,2,February,monthly,1564.0,1296.0,268.0,17.1,False,False,psp_energy-2019-02.pdf
Jammu & Kashmir,2019,2,February,cumulative_fy,17802.0,14430.0,3372.0,18.9,False,False,psp_energy-2019-02.pdf
Punjab,2019,2,February,monthly,2889.0,2889.0,0.0,0.0,False,False,psp_energy-2019-02.pdf
Punjab,2019,2,February,cumulative_fy,51712.0,51699.0,13.0,0.0,False,False,psp_energy-2019-02.pdf
Rajasthan,2019,2,February,monthly,6486.0,6483.0,3.0,0.0,False,False,psp_energy-2019-02.pdf
Rajasthan,2019,2,February,cumulative_fy,73055.0,72870.0,185.0,0.3,False,False,psp_energy-2019-02.pdf
Uttar Pradesh,2019,2,February,monthly,7286.0,7210.0,76.0,1.0,False,False,psp_energy-2019-02.pdf
Uttar Pradesh,2019,2,February,cumulative_fy,108381.0,107460.0,921.0,0.8,False,False,psp_energy-2019-02.pdf
Uttarakhand,2019,2,February,monthly,1038.0,1037.0,1.0,0.1,False,False,psp_energy-2019-02.pdf
Uttarakhand,2019,2,February,cumulative_fy,12778.0,12686.0,92.0,0.7,False,False,psp_energy-2019-02.pdf
Northern Region,2019,2,February,monthly,25327.0,24979.0,348.0,1.4,True,False,psp_energy-2019-02.pdf
Northern Region,2019,2,February,cumulative_fy,354585.0,349757.0,4828.0,1.4,True,False,psp_energy-2019-02.pdf
Chhattisgarh,2019,2,February,monthly,2255.0,2247.0,8.0,0.3,False,False,psp_energy-2019-02.pdf
Chhattisgarh,2019,2,February,cumulative_fy,23726.0,23680.0,46.0,0.2,False,False,psp_energy-2019-02.pdf
Gujarat,2019,2,February,monthly,8517.0,8517.0,0.0,0.0,False,False,psp_energy-2019-02.pdf
Gujarat,2019,2,February,cumulative_fy,106620.0,106605.0,15.0,0.0,False,False,psp_energy-2019-02.pdf
Madhya Pradesh,2019,2,February,monthly,6225.0,6225.0,0.0,0.0,False,False,psp_energy-2019-02.pdf
Madhya Pradesh,2019,2,February,cumulative_fy,69537.0,69535.0,2.0,0.0,False,False,psp_energy-2019-02.pdf
Maharashtra,2019,2,February,monthly,11374.0,11374.0,0.0,0.0,False,False,psp_energy-2019-02.pdf
Maharashtra,2019,2,February,cumulative_fy,144650.0,144513.0,137.0,0.1,False,False,psp_energy-2019-02.pdf
Daman & Diu,2019,2,February,monthly,199.0,199.0,0.0,0.0,False,False,psp_energy-2019-02.pdf
Daman & Diu,2019,2,February,cumulative_fy,2336.0,2336.0,0.0,0.0,False,False,psp_energy-2019-02.pdf
Dadra & Nagar Haveli,2019,2,February,monthly,508.0,508.0,0.0,0.0,False,False,psp_energy-2019-02.pdf
Dadra & Nagar Haveli,2019,2,February,cumulative_fy,5748.0,5748.0,0.0,0.0,False,False,psp_energy-2019-02.pdf
Goa,2019,2,February,monthly,325.0,325.0,0.0,0.0,False,False,psp_energy-2019-02.pdf
Goa,2019,2,February,cumulative_fy,3928.0,3924.0,3.0,0.1,False,False,psp_energy-2019-02.pdf
Western Region,2019,2,February,monthly,29403.0,29395.0,8.0,0.0,True,False,psp_energy-2019-02.pdf
Western Region,2019,2,February,cumulative_fy,356545.0,356341.0,204.0,0.1,True,False,psp_energy-2019-02.pdf
Andhra Pradesh,2019,2,February,monthly,5053.0,5053.0,0.0,0.0,False,False,psp_energy-2019-02.pdf
Andhra Pradesh,2019,2,February,cumulative_fy,57704.0,57648.0,57.0,0.1,False,False,psp_energy-2019-02.pdf
Telangana,2019,2,February,monthly,5357.0,5357.0,0.0,0.0,False,False,psp_energy-2019-02.pdf
Telangana,2019,2,February,cumulative_fy,59671.0,59610.0,61.0,0.1,False,False,psp_energy-2019-02.pdf
Karnataka,2019,2,February,monthly,6233.0,6233.0,0.0,0.0,False,False,psp_energy-2019-02.pdf
Karnataka,2019,2,February,cumulative_fy,64161.0,64093.0,67.0,0.1,False,False,psp_energy-2019-02.pdf
Kerala,2019,2,February,monthly,2049.0,2048.0,2.0,0.1,False,False,psp_energy-2019-02.pdf
Kerala,2019,2,February,cumulative_fy,22534.0,22417.0,117.0,0.5,False,False,psp_energy-2019-02.pdf
Tamil Nadu,2019,2,February,monthly,8542.0,8542.0,0.0,0.0,False,False,psp_energy-2019-02.pdf
Tamil Nadu,2019,2,February,cumulative_fy,99186.0,99086.0,100.0,0.1,False,False,psp_energy-2019-02.pdf
Puducherry,2019,2,February,monthly,211.0,211.0,0.0,0.0,False,False,psp_energy-2019-02.pdf
Puducherry,2019,2,February,cumulative_fy,2509.0,2500.0,9.0,0.3,False,False,psp_energy-2019-02.pdf
Lakshadweep,2019,2,February,monthly,4.0,4.0,0.0,0.0,False,False,psp_energy-2019-02.pdf
Lakshadweep,2019,2,February,cumulative_fy,43.0,43.0,0.0,0.0,False,False,psp_energy-2019-02.pdf
Southern Region,2019,2,February,monthly,27445.0,27444.0,2.0,0.0,True,False,psp_energy-2019-02.pdf
Southern Region,2019,2,February,cumulative_fy,305764.0,305354.0,409.0,0.1,True,False,psp_energy-2019-02.pdf
Bihar,2019,2,February,monthly,1957.0,1951.0,6.0,0.3,False,False,psp_energy-2019-02.pdf
Bihar,2019,2,February,cumulative_fy,27745.0,27514.0,230.0,0.8,False,False,psp_energy-2019-02.pdf
DVC,2019,2,February,monthly,1741.0,1740.0,1.0,0.0,False,False,psp_energy-2019-02.pdf
DVC,2019,2,February,cumulative_fy,20770.0,20401.0,369.0,1.8,False,False,psp_energy-2019-02.pdf
Jharkhand,2019,2,February,monthly,643.0,633.0,10.0,1.6,False,False,psp_energy-2019-02.pdf
Jharkhand,2019,2,February,cumulative_fy,8012.0,7782.0,230.0,2.9,False,False,psp_energy-2019-02.pdf
Odisha,2019,2,February,monthly,2098.0,2097.0,1.0,0.0,False,False,psp_energy-2019-02.pdf
Odisha,2019,2,February,cumulative_fy,29546.0,29517.0,29.0,0.1,False,False,psp_energy-2019-02.pdf
West Bengal,2019,2,February,monthly,3446.0,3434.0,12.0,0.4,False,False,psp_energy-2019-02.pdf
West Bengal,2019,2,February,cumulative_fy,47268.0,47098.0,170.0,0.4,False,False,psp_energy-2019-02.pdf
Sikkim,2019,2,February,monthly,46.0,46.0,0.0,0.0,False,False,psp_energy-2019-02.pdf
Sikkim,2019,2,February,cumulative_fy,479.0,478.0,0.0,0.1,False,False,psp_energy-2019-02.pdf
Andaman & Nicobar,2019,2,February,monthly,29.0,27.0,2.0,6.7,False,False,psp_energy-2019-02.pdf
Andaman & Nicobar,2019,2,February,cumulative_fy,317.0,296.0,21.0,6.7,False,False,psp_energy-2019-02.pdf
Eastern Region,2019,2,February,monthly,9931.0,9901.0,30.0,0.3,True,False,psp_energy-2019-02.pdf
Eastern Region,2019,2,February,cumulative_fy,133820.0,132790.0,1029.0,0.8,True,False,psp_energy-2019-02.pdf
Arunachal Pradesh,2019,2,February,monthly,69.0,69.0,0.0,0.6,False,False,psp_energy-2019-02.pdf
Arunachal Pradesh,2019,2,February,cumulative_fy,796.0,787.0,9.0,1.1,False,False,psp_energy-2019-02.pdf
Assam,2019,2,February,monthly,635.0,621.0,14.0,2.1,False,False,psp_energy-2019-02.pdf
Assam,2019,2,February,cumulative_fy,8852.0,8547.0,305.0,3.4,False,False,psp_energy-2019-02.pdf
Manipur,2019,2,February,monthly,75.0,75.0,1.0,1.0,False,False,psp_energy-2019-02.pdf
Manipur,2019,2,February,cumulative_fy,828.0,818.0,10.0,1.2,False,False,psp_energy-2019-02.pdf
Meghalaya,2019,2,February,monthly,175.0,175.0,0.0,0.1,False,False,psp_energy-2019-02.pdf
Meghalaya,2019,2,February,cumulative_fy,1768.0,1767.0,1.0,0.1,False,False,psp_energy-2019-02.pdf
Mizoram,2019,2,February,monthly,47.0,47.0,1.0,1.2,False,False,psp_energy-2019-02.pdf
Mizoram,2019,2,February,cumulative_fy,595.0,588.0,7.0,1.2,False,False,psp_energy-2019-02.pdf
Nagaland,2019,2,February,monthly,65.0,56.0,8.0,13.0,False,False,psp_energy-2019-02.pdf
Nagaland,2019,2,February,cumulative_fy,823.0,730.0,92.0,11.2,False,False,psp_energy-2019-02.pdf
Tripura,2019,2,February,monthly,152.0,151.0,1.0,0.6,False,False,psp_energy-2019-02.pdf
Tripura,2019,2,February,cumulative_fy,1712.0,1691.0,21.0,1.2,False,False,psp_energy-2019-02.pdf
North-Eastern Region,2019,2,February,monthly,1218.0,1194.0,25.0,2.0,True,False,psp_energy-2019-02.pdf
North-Eastern Region,2019,2,February,cumulative_fy,15373.0,14928.0,445.0,2.9,True,False,psp_energy-2019-02.pdf
All India,2019,2,February,monthly,93325.0,92912.0,412.0,0.4,False,True,psp_energy-2019-02.pdf
All India,2019,2,February,cumulative_fy,1166087.0,1159170.0,6917.0,0.6,False,True,psp_energy-2019-02.pdf
Chandigarh,2019,3,March,monthly,106.0,106.0,0.0,0.0,False,False,psp_energy-2019-03.pdf
Chandigarh,2019,3,March,cumulative_fy,1571.0,1571.0,0.0,0.0,False,False,psp_energy-2019-03.pdf
Delhi,2019,3,March,monthly,1931.0,1930.0,1.0,0.0,False,False,psp_energy-2019-03.pdf
Delhi,2019,3,March,cumulative_fy,32299.0,32282.0,17.0,0.1,False,False,psp_energy-2019-03.pdf
Haryana,2019,3,March,monthly,3658.0,3658.0,0.0,0.0,False,False,psp_energy-2019-03.pdf
Haryana,2019,3,March,cumulative_fy,53665.0,53665.0,0.0,0.0,False,False,psp_energy-2019-03.pdf
Himachal Pradesh,2019,3,March,monthly,832.0,830.0,2.0,0.2,False,False,psp_energy-2019-03.pdf
Himachal Pradesh,2019,3,March,cumulative_fy,9850.0,9618.0,232.0,2.4,False,False,psp_energy-2019-03.pdf
Jammu & Kashmir,2019,3,March,monthly,1186.0,1186.0,0.0,0.0,False,False,psp_energy-2019-03.pdf
Jammu & Kashmir,2019,3,March,cumulative_fy,18988.0,15616.0,3372.0,17.8,False,False,psp_energy-2019-03.pdf
Punjab,2019,3,March,monthly,3616.0,3616.0,0.0,0.0,False,False,psp_energy-2019-03.pdf
Punjab,2019,3,March,cumulative_fy,55328.0,55315.0,13.0,0.0,False,False,psp_energy-2019-03.pdf
Rajasthan,2019,3,March,monthly,6760.0,6756.0,4.0,0.1,False,False,psp_energy-2019-03.pdf
Rajasthan,2019,3,March,cumulative_fy,79815.0,79626.0,189.0,0.2,False,False,psp_energy-2019-03.pdf
Uttar Pradesh,2019,3,March,monthly,8752.0,8689.0,63.0,0.7,False,False,psp_energy-2019-03.pdf
Uttar Pradesh,2019,3,March,cumulative_fy,117133.0,116149.0,984.0,0.8,False,False,psp_energy-2019-03.pdf
Uttarakhand,2019,3,March,monthly,1067.0,1067.0,0.0,0.0,False,False,psp_energy-2019-03.pdf
Uttarakhand,2019,3,March,cumulative_fy,13845.0,13753.0,92.0,0.7,False,False,psp_energy-2019-03.pdf
Northern Region,2019,3,March,monthly,27907.0,27838.0,69.0,0.2,True,False,psp_energy-2019-03.pdf
Northern Region,2019,3,March,cumulative_fy,382493.0,377595.0,4898.0,1.3,True,False,psp_energy-2019-03.pdf
Chhattisgarh,2019,3,March,monthly,2744.0,2737.0,8.0,0.3,False,False,psp_energy-2019-03.pdf
Chhattisgarh,2019,3,March,cumulative_fy,26471.0,26417.0,54.0,0.2,False,False,psp_energy-2019-03.pdf
Gujarat,2019,3,March,monthly,9752.0,9752.0,0.0,0.0,False,False,psp_energy-2019-03.pdf
Gujarat,2019,3,March,cumulative_fy,116372.0,116356.0,15.0,0.0,False,False,psp_energy-2019-03.pdf
Madhya Pradesh,2019,3,March,monthly,6519.0,6519.0,0.0,0.0,False,False,psp_energy-2019-03.pdf
Madhya Pradesh,2019,3,March,cumulative_fy,76056.0,76054.0,2.0,0.0,False,False,psp_energy-2019-03.pdf
Maharashtra,2019,3,March,monthly,13644.0,13644.0,0.0,0.0,False,False,psp_energy-2019-03.pdf
Maharashtra,2019,3,March,cumulative_fy,158295.0,158157.0,137.0,0.1,False,False,psp_energy-2019-03.pdf
Daman & Diu,2019,3,March,monthly,222.0,222.0,0.0,0.0,False,False,psp_energy-2019-03.pdf
Daman & Diu,2019,3,March,cumulative_fy,2558.0,2558.0,0.0,0.0,False,False,psp_energy-2019-03.pdf
Dadra & Nagar Haveli,2019,3,March,monthly,555.0,555.0,0.0,0.0,False,False,psp_energy-2019-03.pdf
Dadra & Nagar Haveli,2019,3,March,cumulative_fy,6303.0,6302.0,0.0,0.0,False,False,psp_energy-2019-03.pdf
Goa,2019,3,March,monthly,368.0,368.0,0.0,0.0,False,False,psp_energy-2019-03.pdf
Goa,2019,3,March,cumulative_fy,4295.0,4292.0,3.0,0.1,False,False,psp_energy-2019-03.pdf
Western Region,2019,3,March,monthly,33804.0,33796.0,8.0,0.0,True,False,psp_energy-2019-03.pdf
Western Region,2019,3,March,cumulative_fy,390349.0,390136.0,212.0,0.1,True,False,psp_energy-2019-03.pdf
Andhra Pradesh,2019,3,March,monthly,6157.0,6156.0,1.0,0.0,False,False,psp_energy-2019-03.pdf
Andhra Pradesh,2019,3,March,cumulative_fy,63861.0,63804.0,58.0,0.1,False,False,psp_energy-2019-03.pdf
Telangana,2019,3,March,monthly,6818.0,6816.0,1.0,0.0,False,False,psp_energy-2019-03.pdf
Telangana,2019,3,March,cumulative_fy,66489.0,66427.0,62.0,0.1,False,False,psp_energy-2019-03.pdf
Karnataka,2019,3,March,monthly,7603.0,7602.0,1.0,0.0,False,False,psp_energy-2019-03.pdf
Karnataka,2019,3,March,cumulative_fy,71764.0,71695.0,69.0,0.1,False,False,psp_energy-2019-03.pdf
Kerala,2019,3,March,monthly,2482.0,2481.0,1.0,0.0,False,False,psp_energy-2019-03.pdf
Kerala,2019,3,March,cumulative_fy,25016.0,24898.0,118.0,0.5,False,False,psp_energy-2019-03.pdf
Tamil Nadu,2019,3,March,monthly,10297.0,10295.0,2.0,0.0,False,False,psp_energy-2019-03.pdf
Tamil Nadu,2019,3,March,cumulative_fy,109482.0,109380.0,102.0,0.1,False,False,psp_energy-2019-03.pdf
Puducherry,2019,3,March,monthly,257.0,256.0,1.0,0.4,False,False,psp_energy-2019-03.pdf
Puducherry,2019,3,March,cumulative_fy,2766.0,2756.0,10.0,0.3,False,False,psp_energy-2019-03.pdf
Lakshadweep,2019,3,March,monthly,4.0,4.0,0.0,0.0,False,False,psp_energy-2019-03.pdf
Lakshadweep,2019,3,March,cumulative_fy,46.0,46.0,0.0,0.0,False,False,psp_energy-2019-03.pdf
Southern Region,2019,3,March,monthly,33614.0,33606.0,8.0,0.0,True,False,psp_energy-2019-03.pdf
Southern Region,2019,3,March,cumulative_fy,339377.0,338960.0,417.0,0.1,True,False,psp_energy-2019-03.pdf
Bihar,2019,3,March,monthly,2317.0,2311.0,6.0,0.3,False,False,psp_energy-2019-03.pdf
Bihar,2019,3,March,cumulative_fy,30061.0,29825.0,236.0,0.8,False,False,psp_energy-2019-03.pdf
DVC,2019,3,March,monthly,1974.0,1972.0,3.0,0.1,False,False,psp_energy-2019-03.pdf
DVC,2019,3,March,cumulative_fy,22745.0,22372.0,372.0,1.6,False,False,psp_energy-2019-03.pdf
Jharkhand,2019,3,March,monthly,724.0,707.0,17.0,2.3,False,False,psp_energy-2019-03.pdf
Jharkhand,2019,3,March,cumulative_fy,8737.0,8490.0,247.0,2.8,False,False,psp_energy-2019-03.pdf
Odisha,2019,3,March,monthly,2599.0,2598.0,1.0,0.0,False,False,psp_energy-2019-03.pdf
Odisha,2019,3,March,cumulative_fy,32145.0,32115.0,30.0,0.1,False,False,psp_energy-2019-03.pdf
West Bengal,2019,3,March,monthly,4203.0,4189.0,14.0,0.3,False,False,psp_energy-2019-03.pdf
West Bengal,2019,3,March,cumulative_fy,51471.0,51287.0,184.0,0.4,False,False,psp_energy-2019-03.pdf
Sikkim,2019,3,March,monthly,48.0,48.0,0.0,0.0,False,False,psp_energy-2019-03.pdf
Sikkim,2019,3,March,cumulative_fy,527.0,527.0,0.0,0.1,False,False,psp_energy-2019-03.pdf
Andaman & Nicobar,2019,3,March,monthly,29.0,27.0,2.0,6.7,False,False,psp_energy-2019-03.pdf
Andaman & Nicobar,2019,3,March,cumulative_fy,346.0,323.0,23.0,6.7,False,False,psp_energy-2019-03.pdf
Eastern Region,2019,3,March,monthly,11866.0,11825.0,41.0,0.3,True,False,psp_energy-2019-03.pdf
Eastern Region,2019,3,March,cumulative_fy,145686.0,144616.0,1070.0,0.7,True,False,psp_energy-2019-03.pdf
Arunachal Pradesh,2019,3,March,monthly,73.0,73.0,0.0,0.6,False,False,psp_energy-2019-03.pdf
Arunachal Pradesh,2019,3,March,cumulative_fy,869.0,859.0,9.0,1.1,False,False,psp_energy-2019-03.pdf
Assam,2019,3,March,monthly,715.0,691.0,23.0,3.3,False,False,psp_energy-2019-03.pdf
Assam,2019,3,March,cumulative_fy,9566.0,9238.0,328.0,3.4,False,False,psp_energy-2019-03.pdf
Manipur,2019,3,March,monthly,77.0,77.0,1.0,0.9,False,False,psp_energy-2019-03.pdf
Manipur,2019,3,March,cumulative_fy,905.0,895.0,10.0,1.2,False,False,psp_energy-2019-03.pdf
Meghalaya,2019,3,March,monthly,189.0,188.0,1.0,0.3,False,False,psp_energy-2019-03.pdf
Meghalaya,2019,3,March,cumulative_fy,1957.0,1956.0,2.0,0.1,False,False,psp_energy-2019-03.pdf
Mizoram,2019,3,March,monthly,48.0,48.0,0.0,1.0,False,False,psp_energy-2019-03.pdf
Mizoram,2019,3,March,cumulative_fy,643.0,635.0,8.0,1.2,False,False,psp_energy-2019-03.pdf
Nagaland,2019,3,March,monthly,65.0,64.0,1.0,1.9,False,False,psp_energy-2019-03.pdf
Nagaland,2019,3,March,cumulative_fy,888.0,795.0,93.0,10.5,False,False,psp_energy-2019-03.pdf
Tripura,2019,3,March,monthly,151.0,150.0,0.0,0.3,False,False,psp_energy-2019-03.pdf
Tripura,2019,3,March,cumulative_fy,1863.0,1841.0,22.0,1.2,False,False,psp_energy-2019-03.pdf
North-Eastern Region,2019,3,March,monthly,1318.0,1291.0,27.0,2.1,True,False,psp_energy-2019-03.pdf
North-Eastern Region,2019,3,March,cumulative_fy,16691.0,16219.0,472.0,2.8,True,False,psp_energy-2019-03.pdf
All India,2019,3,March,monthly,108508.0,108355.0,153.0,0.1,False,True,psp_energy-2019-03.pdf
All India,2019,3,March,cumulative_fy,1274595.0,1267526.0,7070.0,0.6,False,True,psp_energy-2019-03.pdf
Chandigarh,2019,4,April,monthly,117.0,117.0,0.0,0.0,False,False,psp_energy-2019-04.pdf
Delhi,2019,4,April,monthly,2698.0,2698.0,1.0,0.0,False,False,psp_energy-2019-04.pdf
Haryana,2019,4,April,monthly,3773.0,3773.0,0.0,0.0,False,False,psp_energy-2019-04.pdf
Himachal Pradesh,2019,4,April,monthly,781.0,781.0,0.0,0.0,False,False,psp_energy-2019-04.pdf
Jammu & Kashmir,2019,4,April,monthly,1604.0,1296.0,308.0,19.2,False,False,psp_energy-2019-04.pdf
Punjab,2019,4,April,monthly,3706.0,3706.0,0.0,0.0,False,False,psp_energy-2019-04.pdf
Rajasthan,2019,4,April,monthly,6192.0,6190.0,2.0,0.0,False,False,psp_energy-2019-04.pdf
Uttar Pradesh,2019,4,April,monthly,10154.0,10123.0,32.0,0.3,False,False,psp_energy-2019-04.pdf
Uttarakhand,2019,4,April,monthly,1120.0,1120.0,0.0,0.0,False,False,psp_energy-2019-04.pdf
Northern Region,2019,4,April,monthly,30147.0,29804.0,343.0,1.1,True,False,psp_energy-2019-04.pdf
Chhattisgarh,2019,4,April,monthly,2972.0,2971.0,1.0,0.0,False,False,psp_energy-2019-04.pdf
Gujarat,2019,4,April,monthly,10540.0,10540.0,0.0,0.0,False,False,psp_energy-2019-04.pdf
Madhya Pradesh,2019,4,April,monthly,6233.0,6233.0,0.0,0.0,False,False,psp_energy-2019-04.pdf
Maharashtra,2019,4,April,monthly,14319.0,14319.0,0.0,0.0,False,False,psp_energy-2019-04.pdf
Daman & Diu,2019,4,April,monthly,221.0,221.0,0.0,0.0,False,False,psp_energy-2019-04.pdf
DNH,2019,4,April,monthly,554.0,554.0,0.0,0.0,False,False,psp_energy-2019-04.pdf
Goa,2019,4,April,monthly,397.0,397.0,0.0,0.0,False,False,psp_energy-2019-04.pdf
Western Region,2019,4,April,monthly,35235.0,35234.0,1.0,0.0,True,False,psp_energy-2019-04.pdf
Andhra Pradesh,2019,4,April,monthly,5784.0,5784.0,0.0,0.0,False,False,psp_energy-2019-04.pdf
Telangana,2019,4,April,monthly,5576.0,5576.0,0.0,0.0,False,False,psp_energy-2019-04.pdf
Karnataka,2019,4,April,monthly,7011.0,7011.0,0.0,0.0,False,False,psp_energy-2019-04.pdf
Kerala,2019,4,April,monthly,2428.0,2427.0,2.0,0.1,False,False,psp_energy-2019-04.pdf
Tamil Nadu,2019,4,April,monthly,10061.0,10061.0,0.0,0.0,False,False,psp_energy-2019-04.pdf
Puducherry,2019,4,April,monthly,264.0,264.0,0.0,0.0,False,False,psp_energy-2019-04.pdf
Lakshadweep,2019,4,April,monthly,,,0.0,0.0,False,False,psp_energy-2019-04.pdf
Southern Region,2019,4,April,monthly,,,2.0,0.0,True,False,psp_energy-2019-04.pdf
Bihar,2019,4,April,monthly,2584.0,2581.0,3.0,0.1,False,False,psp_energy-2019-04.pdf
DVC,2019,4,April,monthly,1944.0,1942.0,2.0,0.1,False,False,psp_energy-2019-04.pdf
Jharkhand,2019,4,April,monthly,716.0,706.0,10.0,1.4,False,False,psp_energy-2019-04.pdf
Odisha,2019,4,April,monthly,2701.0,2701.0,0.0,0.0,False,False,psp_energy-2019-04.pdf
West Bengal,2019,4,April,monthly,4805.0,4782.0,23.0,0.5,False,False,psp_energy-2019-04.pdf
Sikkim,2019,4,April,monthly,42.0,42.0,0.0,0.0,False,False,psp_energy-2019-04.pdf
Andaman & Nicobar,2019,4,April,monthly,29.0,27.0,2.0,7.0,False,False,psp_energy-2019-04.pdf
Eastern Region,2019,4,April,monthly,12792.0,12754.0,38.0,0.3,True,False,psp_energy-2019-04.pdf
Arunachal Pradesh,2019,4,April,monthly,62.0,62.0,0.0,0.6,False,False,psp_energy-2019-04.pdf
Assam,2019,4,April,monthly,754.0,696.0,58.0,7.7,False,False,psp_energy-2019-04.pdf
Manipur,2019,4,April,monthly,62.0,61.0,1.0,1.7,False,False,psp_energy-2019-04.pdf
Meghalaya,2019,4,April,monthly,169.0,159.0,10.0,6.0,False,False,psp_energy-2019-04.pdf
Mizoram,2019,4,April,monthly,45.0,44.0,0.0,1.0,False,False,psp_energy-2019-04.pdf
Nagaland,2019,4,April,monthly,59.0,58.0,0.0,0.8,False,False,psp_energy-2019-04.pdf
Tripura,2019,4,April,monthly,119.0,117.0,2.0,1.3,False,False,psp_energy-2019-04.pdf
North-Eastern Region,2019,4,April,monthly,1270.0,1198.0,72.0,5.7,True,False,psp_energy-2019-04.pdf
All India,2019,4,April,monthly,110567.0,110112.0,455.0,0.4,False,True,psp_energy-2019-04.pdf
Chandigarh,2019,5,May,monthly,180.0,180.0,0.0,0.0,False,False,psp_energy-2019-05.pdf
Chandigarh,2019,5,May,cumulative_fy,297.0,297.0,0.0,0.0,False,False,psp_energy-2019-05.pdf
Delhi,2019,5,May,monthly,3367.0,3366.0,1.0,0.0,False,False,psp_energy-2019-05.pdf
Delhi,2019,5,May,cumulative_fy,6066.0,6064.0,2.0,0.0,False,False,psp_energy-2019-05.pdf
Haryana,2019,5,May,monthly,4907.0,4907.0,0.0,0.0,False,False,psp_energy-2019-05.pdf
Haryana,2019,5,May,cumulative_fy,8679.0,8679.0,0.0,0.0,False,False,psp_energy-2019-05.pdf
Himachal Pradesh,2019,5,May,monthly,868.0,849.0,19.0,2.1,False,False,psp_energy-2019-05.pdf
Himachal Pradesh,2019,5,May,cumulative_fy,1649.0,1631.0,19.0,1.1,False,False,psp_energy-2019-05.pdf
Jammu & Kashmir,2019,5,May,monthly,1751.0,1425.0,326.0,18.6,False,False,psp_energy-2019-05.pdf
Jammu & Kashmir,2019,5,May,cumulative_fy,3355.0,2721.0,634.0,18.9,False,False,psp_energy-2019-05.pdf
Punjab,2019,5,May,monthly,4792.0,4786.0,6.0,0.1,False,False,psp_energy-2019-05.pdf
Punjab,2019,5,May,cumulative_fy,8498.0,8492.0,6.0,0.1,False,False,psp_energy-2019-05.pdf
Rajasthan,2019,5,May,monthly,7111.0,7100.0,11.0,0.2,False,False,psp_energy-2019-05.pdf
Rajasthan,2019,5,May,cumulative_fy,13303.0,13290.0,13.0,0.1,False,False,psp_energy-2019-05.pdf
Uttar Pradesh,2019,5,May,monthly,12955.0,12908.0,48.0,0.4,False,False,psp_energy-2019-05.pdf
Uttar Pradesh,2019,5,May,cumulative_fy,23110.0,23030.0,79.0,0.3,False,False,psp_energy-2019-05.pdf
Uttarakhand,2019,5,May,monthly,1406.0,1322.0,83.0,5.9,False,False,psp_energy-2019-05.pdf
Uttarakhand,2019,5,May,cumulative_fy,2526.0,2442.0,84.0,3.3,False,False,psp_energy-2019-05.pdf
Northern Region,2019,5,May,monthly,37338.0,36843.0,494.0,1.3,True,False,psp_energy-2019-05.pdf
Northern Region,2019,5,May,cumulative_fy,67484.0,66647.0,837.0,1.2,True,False,psp_energy-2019-05.pdf
Chhattisgarh,2019,5,May,monthly,2811.0,2811.0,0.0,0.0,False,False,psp_energy-2019-05.pdf
Chhattisgarh,2019,5,May,cumulative_fy,5783.0,5782.0,1.0,0.0,False,False,psp_energy-2019-05.pdf
Gujarat,2019,5,May,monthly,11026.0,11026.0,0.0,0.0,False,False,psp_energy-2019-05.pdf
Gujarat,2019,5,May,cumulative_fy,21565.0,21565.0,0.0,0.0,False,False,psp_energy-2019-05.pdf
Madhya Pradesh,2019,5,May,monthly,6720.0,6720.0,0.0,0.0,False,False,psp_energy-2019-05.pdf
Madhya Pradesh,2019,5,May,cumulative_fy,12953.0,12953.0,0.0,0.0,False,False,psp_energy-2019-05.pdf
Maharashtra,2019,5,May,monthly,14989.0,14989.0,0.0,0.0,False,False,psp_energy-2019-05.pdf
Maharashtra,2019,5,May,cumulative_fy,29308.0,29307.0,0.0,0.0,False,False,psp_energy-2019-05.pdf
Daman & Diu,2019,5,May,monthly,219.0,219.0,0.0,0.0,False,False,psp_energy-2019-05.pdf
Daman & Diu,2019,5,May,cumulative_fy,440.0,440.0,0.0,0.0,False,False,psp_energy-2019-05.pdf
Dadra & Nagar Haveli,2019,5,May,monthly,554.0,554.0,0.0,0.0,False,False,psp_energy-2019-05.pdf
Dadra & Nagar Haveli,2019,5,May,cumulative_fy,1108.0,1108.0,0.0,0.0,False,False,psp_energy-2019-05.pdf
Goa,2019,5,May,monthly,411.0,411.0,0.0,0.0,False,False,psp_energy-2019-05.pdf
Goa,2019,5,May,cumulative_fy,807.0,807.0,0.0,0.0,False,False,psp_energy-2019-05.pdf
Western Region,2019,5,May,monthly,36730.0,36730.0,0.0,0.0,True,False,psp_energy-2019-05.pdf
Western Region,2019,5,May,cumulative_fy,71965.0,71964.0,1.0,0.0,True,False,psp_energy-2019-05.pdf
Andhra Pradesh,2019,5,May,monthly,6125.0,6118.0,7.0,0.1,False,False,psp_energy-2019-05.pdf
Andhra Pradesh,2019,5,May,cumulative_fy,11910.0,11902.0,7.0,0.1,False,False,psp_energy-2019-05.pdf
Telangana,2019,5,May,monthly,5283.0,5283.0,1.0,0.0,False,False,psp_energy-2019-05.pdf
Telangana,2019,5,May,cumulative_fy,10859.0,10859.0,1.0,0.0,False,False,psp_energy-2019-05.pdf
Karnataka,2019,5,May,monthly,6696.0,6695.0,1.0,0.0,False,False,psp_energy-2019-05.pdf
Karnataka,2019,5,May,cumulative_fy,13707.0,13706.0,1.0,0.0,False,False,psp_energy-2019-05.pdf
Kerala,2019,5,May,monthly,2567.0,2558.0,9.0,0.3,False,False,psp_energy-2019-05.pdf
Kerala,2019,5,May,cumulative_fy,4995.0,4985.0,10.0,0.2,False,False,psp_energy-2019-05.pdf
Tamil Nadu,2019,5,May,monthly,10333.0,10332.0,1.0,0.0,False,False,psp_energy-2019-05.pdf
Tamil Nadu,2019,5,May,cumulative_fy,20394.0,20393.0,1.0,0.0,False,False,psp_energy-2019-05.pdf
Puducherry,2019,5,May,monthly,277.0,276.0,1.0,0.3,False,False,psp_energy-2019-05.pdf
Puducherry,2019,5,May,cumulative_fy,541.0,540.0,1.0,0.1,False,False,psp_energy-2019-05.pdf
Lakshadweep,2019,5,May,monthly,4.0,4.0,0.0,0.0,False,False,psp_energy-2019-05.pdf
Lakshadweep,2019,5,May,cumulative_fy,,,0.0,0.0,False,False,psp_energy-2019-05.pdf
Southern Region,2019,5,May,monthly,31281.0,31261.0,19.0,0.1,True,False,psp_energy-2019-05.pdf
Southern Region,2019,5,May,cumulative_fy,,,21.0,0.0,True,False,psp_energy-2019-05.pdf
Bihar,2019,5,May,monthly,3084.0,3082.0,2.0,0.1,False,False,psp_energy-2019-05.pdf
Bihar,2019,5,May,cumulative_fy,5668.0,5663.0,6.0,0.1,False,False,psp_energy-2019-05.pdf
DVC,2019,5,May,monthly,2015.0,2015.0,0.0,0.0,False,False,psp_energy-2019-05.pdf
DVC,2019,5,May,cumulative_fy,3959.0,3956.0,2.0,0.1,False,False,psp_energy-2019-05.pdf
Jharkhand,2019,5,May,monthly,816.0,808.0,8.0,1.0,False,False,psp_energy-2019-05.pdf
Jharkhand,2019,5,May,cumulative_fy,1532.0,1514.0,18.0,1.2,False,False,psp_energy-2019-05.pdf
Odisha,2019,5,May,monthly,2603.0,2603.0,0.0,0.0,False,False,psp_energy-2019-05.pdf
Odisha,2019,5,May,cumulative_fy,5304.0,5304.0,0.0,0.0,False,False,psp_energy-2019-05.pdf
West Bengal,2019,5,May,monthly,5363.0,5342.0,21.0,0.4,False,False,psp_energy-2019-05.pdf
West Bengal,2019,5,May,cumulative_fy,10168.0,10124.0,44.0,0.4,False,False,psp_energy-2019-05.pdf
Sikkim,2019,5,May,monthly,41.0,41.0,0.0,0.0,False,False,psp_energy-2019-05.pdf
Sikkim,2019,5,May,cumulative_fy,83.0,83.0,0.0,0.0,False,False,psp_energy-2019-05.pdf
Andaman & Nicobar,2019,5,May,monthly,29.0,27.0,2.0,7.0,False,False,psp_energy-2019-05.pdf
Andaman & Nicobar,2019,5,May,cumulative_fy,58.0,54.0,4.0,6.7,False,False,psp_energy-2019-05.pdf
Eastern Region,2019,5,May,monthly,13922.0,13891.0,32.0,0.2,True,False,psp_energy-2019-05.pdf
Eastern Region,2019,5,May,cumulative_fy,26714.0,26644.0,69.0,0.3,True,False,psp_energy-2019-05.pdf
Arunachal Pradesh,2019,5,May,monthly,61.0,60.0,0.0,0.7,False,False,psp_energy-2019-05.pdf
Arunachal Pradesh,2019,5,May,cumulative_fy,123.0,122.0,1.0,0.7,False,False,psp_energy-2019-05.pdf
Assam,2019,5,May,monthly,816.0,734.0,81.0,10.0,False,False,psp_energy-2019-05.pdf
Assam,2019,5,May,cumulative_fy,1570.0,1430.0,139.0,8.9,False,False,psp_energy-2019-05.pdf
Manipur,2019,5,May,monthly,71.0,70.0,1.0,0.8,False,False,psp_energy-2019-05.pdf
Manipur,2019,5,May,cumulative_fy,133.0,131.0,2.0,1.2,False,False,psp_energy-2019-05.pdf
Meghalaya,2019,5,May,monthly,162.0,154.0,8.0,5.2,False,False,psp_energy-2019-05.pdf
Meghalaya,2019,5,May,cumulative_fy,331.0,312.0,19.0,5.6,False,False,psp_energy-2019-05.pdf
Mizoram,2019,5,May,monthly,46.0,46.0,0.0,0.8,False,False,psp_energy-2019-05.pdf
Mizoram,2019,5,May,cumulative_fy,91.0,90.0,1.0,0.9,False,False,psp_energy-2019-05.pdf
Nagaland,2019,5,May,monthly,66.0,65.0,1.0,0.9,False,False,psp_energy-2019-05.pdf
Nagaland,2019,5,May,cumulative_fy,124.0,123.0,1.0,0.9,False,False,psp_energy-2019-05.pdf
Tripura,2019,5,May,monthly,168.0,165.0,2.0,1.5,False,False,psp_energy-2019-05.pdf
Tripura,2019,5,May,cumulative_fy,286.0,282.0,4.0,1.4,False,False,psp_energy-2019-05.pdf
North-Eastern Region,2019,5,May,monthly,1389.0,1294.0,94.0,6.8,True,False,psp_energy-2019-05.pdf
North-Eastern Region,2019,5,May,cumulative_fy,2658.0,2492.0,166.0,6.2,True,False,psp_energy-2019-05.pdf
All India,2019,5,May,monthly,120659.0,120020.0,639.0,0.5,False,True,psp_energy-2019-05.pdf
All India,2019,5,May,cumulative_fy,231227.0,230132.0,1094.0,0.5,False,True,psp_energy-2019-05.pdf
Chandigarh,2019,6,June,monthly,211.0,211.0,0.0,0.0,False,False,psp_energy-2019-06.pdf
Chandigarh,2019,6,June,cumulative_fy,508.0,508.0,0.0,0.0,False,False,psp_energy-2019-06.pdf
Delhi,2019,6,June,monthly,3833.0,3831.0,2.0,0.0,False,False,psp_energy-2019-06.pdf
Delhi,2019,6,June,cumulative_fy,9898.0,9895.0,4.0,0.0,False,False,psp_energy-2019-06.pdf
Haryana,2019,6,June,monthly,5883.0,5879.0,3.0,0.1,False,False,psp_energy-2019-06.pdf
Haryana,2019,6,June,cumulative_fy,14562.0,14559.0,3.0,0.0,False,False,psp_energy-2019-06.pdf
Himachal Pradesh,2019,6,June,monthly,958.0,957.0,1.0,0.1,False,False,psp_energy-2019-06.pdf
Himachal Pradesh,2019,6,June,cumulative_fy,2607.0,2588.0,20.0,0.8,False,False,psp_energy-2019-06.pdf
Jammu & Kashmir,2019,6,June,monthly,1719.0,1399.0,320.0,18.6,False,False,psp_energy-2019-06.pdf
Jammu & Kashmir,2019,6,June,cumulative_fy,5074.0,4120.0,954.0,18.8,False,False,psp_energy-2019-06.pdf
Punjab,2019,6,June,monthly,6886.0,6886.0,0.0,0.0,False,False,psp_energy-2019-06.pdf
Punjab,2019,6,June,cumulative_fy,15385.0,15379.0,6.0,0.0,False,False,psp_energy-2019-06.pdf
Rajasthan,2019,6,June,monthly,7745.0,7738.0,8.0,0.1,False,False,psp_energy-2019-06.pdf
Rajasthan,2019,6,June,cumulative_fy,21049.0,21028.0,21.0,0.1,False,False,psp_energy-2019-06.pdf
Uttar Pradesh,2019,6,June,monthly,12947.0,12808.0,139.0,1.1,False,False,psp_energy-2019-06.pdf
Uttar Pradesh,2019,6,June,cumulative_fy,36057.0,35839.0,218.0,0.6,False,False,psp_energy-2019-06.pdf
Uttarakhand,2019,6,June,monthly,1441.0,1441.0,0.0,0.0,False,False,psp_energy-2019-06.pdf
Uttarakhand,2019,6,June,cumulative_fy,3967.0,3883.0,84.0,2.1,False,False,psp_energy-2019-06.pdf
Northern Region,2019,6,June,monthly,41624.0,41151.0,473.0,1.1,True,False,psp_energy-2019-06.pdf
Northern Region,2019,6,June,cumulative_fy,109108.0,107798.0,1310.0,1.2,True,False,psp_energy-2019-06.pdf
Chhattisgarh,2019,6,June,monthly,2334.0,2334.0,0.0,0.0,False,False,psp_energy-2019-06.pdf
Chhattisgarh,2019,6,June,cumulative_fy,8117.0,8116.0,1.0,0.0,False,False,psp_energy-2019-06.pdf
Gujarat,2019,6,June,monthly,9967.0,9967.0,0.0,0.0,False,False,psp_energy-2019-06.pdf
Gujarat,2019,6,June,cumulative_fy,31532.0,31532.0,0.0,0.0,False,False,psp_energy-2019-06.pdf
Madhya Pradesh,2019,6,June,monthly,6230.0,6230.0,0.0,0.0,False,False,psp_energy-2019-06.pdf
Madhya Pradesh,2019,6,June,cumulative_fy,19183.0,19183.0,0.0,0.0,False,False,psp_energy-2019-06.pdf
Maharashtra,2019,6,June,monthly,13420.0,13420.0,0.0,0.0,False,False,psp_energy-2019-06.pdf
Maharashtra,2019,6,June,cumulative_fy,42727.0,42727.0,0.0,0.0,False,False,psp_energy-2019-06.pdf
Daman & Diu,2019,6,June,monthly,214.0,214.0,0.0,0.0,False,False,psp_energy-2019-06.pdf
Daman & Diu,2019,6,June,cumulative_fy,655.0,655.0,0.0,0.0,False,False,psp_energy-2019-06.pdf
Dadra & Nagar Haveli,2019,6,June,monthly,530.0,530.0,0.0,0.0,False,False,psp_energy-2019-06.pdf
Dadra & Nagar Haveli,2019,6,June,cumulative_fy,1639.0,1639.0,0.0,0.0,False,False,psp_energy-2019-06.pdf
Goa,2019,6,June,monthly,364.0,364.0,0.0,0.0,False,False,psp_energy-2019-06.pdf
Goa,2019,6,June,cumulative_fy,1171.0,1171.0,0.0,0.0,False,False,psp_energy-2019-06.pdf
Western Region,2019,6,June,monthly,33059.0,33059.0,0.0,0.0,True,False,psp_energy-2019-06.pdf
Western Region,2019,6,June,cumulative_fy,105024.0,105023.0,1.0,0.0,True,False,psp_energy-2019-06.pdf
Andhra Pradesh,2019,6,June,monthly,5712.0,5705.0,7.0,0.1,False,False,psp_energy-2019-06.pdf
Andhra Pradesh,2019,6,June,cumulative_fy,17621.0,17607.0,14.0,0.1,False,False,psp_energy-2019-06.pdf
Telangana,2019,6,June,monthly,4805.0,4804.0,2.0,0.0,False,False,psp_energy-2019-06.pdf
Telangana,2019,6,June,cumulative_fy,15664.0,15662.0,2.0,0.0,False,False,psp_energy-2019-06.pdf
Karnataka,2019,6,June,monthly,5792.0,5791.0,2.0,0.0,False,False,psp_energy-2019-06.pdf
Karnataka,2019,6,June,cumulative_fy,19499.0,19497.0,2.0,0.0,False,False,psp_energy-2019-06.pdf
Kerala,2019,6,June,monthly,2180.0,2176.0,5.0,0.2,False,False,psp_energy-2019-06.pdf
Kerala,2019,6,June,cumulative_fy,7175.0,7160.0,15.0,0.2,False,False,psp_energy-2019-06.pdf
Tamil Nadu,2019,6,June,monthly,9807.0,9804.0,2.0,0.0,False,False,psp_energy-2019-06.pdf
Tamil Nadu,2019,6,June,cumulative_fy,30201.0,30197.0,3.0,0.0,False,False,psp_energy-2019-06.pdf
Puducherry,2019,6,June,monthly,270.0,269.0,0.0,0.1,False,False,psp_energy-2019-06.pdf
Puducherry,2019,6,June,cumulative_fy,811.0,810.0,1.0,0.1,False,False,psp_energy-2019-06.pdf
Lakshadweep,2019,6,June,monthly,4.0,4.0,0.0,0.0,False,False,psp_energy-2019-06.pdf
Lakshadweep,2019,6,June,cumulative_fy,12.0,12.0,0.0,0.0,False,False,psp_energy-2019-06.pdf
Southern Region,2019,6,June,monthly,28566.0,28549.0,17.0,0.1,True,False,psp_energy-2019-06.pdf
Southern Region,2019,6,June,cumulative_fy,90972.0,90934.0,38.0,0.0,True,False,psp_energy-2019-06.pdf
Bihar,2019,6,June,monthly,3067.0,3058.0,8.0,0.3,False,False,psp_energy-2019-06.pdf
Bihar,2019,6,June,cumulative_fy,8735.0,8721.0,14.0,0.2,False,False,psp_energy-2019-06.pdf
DVC,2019,6,June,monthly,1924.0,1924.0,0.0,0.0,False,False,psp_energy-2019-06.pdf
DVC,2019,6,June,cumulative_fy,5883.0,5880.0,2.0,0.0,False,False,psp_energy-2019-06.pdf
Jharkhand,2019,6,June,monthly,768.0,759.0,9.0,1.2,False,False,psp_energy-2019-06.pdf
Jharkhand,2019,6,June,cumulative_fy,2300.0,2273.0,27.0,1.2,False,False,psp_energy-2019-06.pdf
Odisha,2019,6,June,monthly,2691.0,2691.0,0.0,0.0,False,False,psp_energy-2019-06.pdf
Odisha,2019,6,June,cumulative_fy,7996.0,7996.0,0.0,0.0,False,False,psp_energy-2019-06.pdf
West Bengal,2019,6,June,monthly,5294.0,5278.0,17.0,0.3,False,False,psp_energy-2019-06.pdf
West Bengal,2019,6,June,cumulative_fy,15462.0,15402.0,60.0,0.4,False,False,psp_energy-2019-06.pdf
Sikkim,2019,6,June,monthly,42.0,42.0,0.0,0.0,False,False,psp_energy-2019-06.pdf
Sikkim,2019,6,June,cumulative_fy,125.0,125.0,0.0,0.0,False,False,psp_energy-2019-06.pdf
Andaman & Nicobar,2019,6,June,monthly,29.0,27.0,2.0,7.0,False,False,psp_energy-2019-06.pdf
Andaman & Nicobar,2019,6,June,cumulative_fy,87.0,81.0,6.0,6.7,False,False,psp_energy-2019-06.pdf
Eastern Region,2019,6,June,monthly,13787.0,13753.0,34.0,0.2,True,False,psp_energy-2019-06.pdf
Eastern Region,2019,6,June,cumulative_fy,40501.0,40397.0,104.0,0.3,True,False,psp_energy-2019-06.pdf
Arunachal Pradesh,2019,6,June,monthly,69.0,68.0,0.0,0.6,False,False,psp_energy-2019-06.pdf
Arunachal Pradesh,2019,6,June,cumulative_fy,191.0,190.0,1.0,0.6,False,False,psp_energy-2019-06.pdf
Assam,2019,6,June,monthly,965.0,917.0,48.0,5.0,False,False,psp_energy-2019-06.pdf
Assam,2019,6,June,cumulative_fy,2535.0,2348.0,187.0,7.4,False,False,psp_energy-2019-06.pdf
Manipur,2019,6,June,monthly,70.0,70.0,1.0,0.8,False,False,psp_energy-2019-06.pdf
Manipur,2019,6,June,cumulative_fy,203.0,201.0,2.0,1.1,False,False,psp_energy-2019-06.pdf
Meghalaya,2019,6,June,monthly,169.0,168.0,0.0,0.3,False,False,psp_energy-2019-06.pdf
Meghalaya,2019,6,June,cumulative_fy,499.0,481.0,19.0,3.8,False,False,psp_energy-2019-06.pdf
Mizoram,2019,6,June,monthly,47.0,46.0,0.0,0.8,False,False,psp_energy-2019-06.pdf
Mizoram,2019,6,June,cumulative_fy,138.0,136.0,1.0,0.9,False,False,psp_energy-2019-06.pdf
Nagaland,2019,6,June,monthly,70.0,70.0,0.0,0.7,False,False,psp_energy-2019-06.pdf
Nagaland,2019,6,June,cumulative_fy,194.0,193.0,2.0,0.8,False,False,psp_energy-2019-06.pdf
Tripura,2019,6,June,monthly,148.0,137.0,10.0,7.0,False,False,psp_energy-2019-06.pdf
Tripura,2019,6,June,cumulative_fy,434.0,420.0,14.0,3.3,False,False,psp_energy-2019-06.pdf
North-Eastern Region,2019,6,June,monthly,1537.0,1476.0,61.0,3.9,True,False,psp_energy-2019-06.pdf
North-Eastern Region,2019,6,June,cumulative_fy,4195.0,3969.0,227.0,5.4,True,False,psp_energy-2019-06.pdf
All India,2019,6,June,monthly,118573.0,117988.0,585.0,0.5,False,True,psp_energy-2019-06.pdf
All India,2019,6,June,cumulative_fy,349799.0,348120.0,1679.0,0.5,False,True,psp_energy-2019-06.pdf
Chandigarh,2019,7,July,monthly,211.0,211.0,0.0,0.0,False,False,psp_energy-2019-07.pdf
Chandigarh,2019,7,July,cumulative_fy,720.0,720.0,0.0,0.0,False,False,psp_energy-2019-07.pdf
Delhi,2019,7,July,monthly,3769.0,3767.0,2.0,0.0,False,False,psp_energy-2019-07.pdf
Delhi,2019,7,July,cumulative_fy,13667.0,13661.0,6.0,0.0,False,False,psp_energy-2019-07.pdf
Haryana,2019,7,July,monthly,6281.0,6281.0,0.0,0.0,False,False,psp_energy-2019-07.pdf
Haryana,2019,7,July,cumulative_fy,20843.0,20839.0,3.0,0.0,False,False,psp_energy-2019-07.pdf
Himachal Pradesh,2019,7,July,monthly,981.0,963.0,18.0,1.8,False,False,psp_energy-2019-07.pdf
Himachal Pradesh,2019,7,July,cumulative_fy,3589.0,3551.0,38.0,1.1,False,False,psp_energy-2019-07.pdf
Jammu & Kashmir,2019,7,July,monthly,1603.0,1180.0,424.0,26.4,False,False,psp_energy-2019-07.pdf
Jammu & Kashmir,2019,7,July,cumulative_fy,6678.0,5300.0,1378.0,20.6,False,False,psp_energy-2019-07.pdf
Punjab,2019,7,July,monthly,7431.0,7431.0,0.0,0.0,False,False,psp_energy-2019-07.pdf
Punjab,2019,7,July,cumulative_fy,22815.0,22809.0,6.0,0.0,False,False,psp_energy-2019-07.pdf
Rajasthan,2019,7,July,monthly,7372.0,7363.0,9.0,0.1,False,False,psp_energy-2019-07.pdf
Rajasthan,2019,7,July,cumulative_fy,28420.0,28391.0,30.0,0.1,False,False,psp_energy-2019-07.pdf
Uttar Pradesh,2019,7,July,monthly,12314.0,12123.0,190.0,1.5,False,False,psp_energy-2019-07.pdf
Uttar Pradesh,2019,7,July,cumulative_fy,48371.0,47962.0,408.0,0.8,False,False,psp_energy-2019-07.pdf
Uttarakhand,2019,7,July,monthly,1416.0,1416.0,0.0,0.0,False,False,psp_energy-2019-07.pdf
Uttarakhand,2019,7,July,cumulative_fy,5383.0,5299.0,84.0,1.6,False,False,psp_energy-2019-07.pdf
Northern Region,2019,7,July,monthly,41377.0,40734.0,643.0,1.6,True,False,psp_energy-2019-07.pdf
Northern Region,2019,7,July,cumulative_fy,150485.0,148532.0,1953.0,1.3,True,False,psp_energy-2019-07.pdf
Chhattisgarh,2019,7,July,monthly,2864.0,2864.0,0.0,0.0,False,False,psp_energy-2019-07.pdf
Chhattisgarh,2019,7,July,cumulative_fy,10980.0,10979.0,1.0,0.0,False,False,psp_energy-2019-07.pdf
Gujarat,2019,7,July,monthly,10077.0,10076.0,1.0,0.0,False,False,psp_energy-2019-07.pdf
Gujarat,2019,7,July,cumulative_fy,41610.0,41609.0,1.0,0.0,False,False,psp_energy-2019-07.pdf
Madhya Pradesh,2019,7,July,monthly,5845.0,5845.0,0.0,0.0,False,False,psp_energy-2019-07.pdf
Madhya Pradesh,2019,7,July,cumulative_fy,25028.0,25028.0,0.0,0.0,False,False,psp_energy-2019-07.pdf
Maharashtra,2019,7,July,monthly,12151.0,12151.0,0.0,0.0,False,False,psp_energy-2019-07.pdf
Maharashtra,2019,7,July,cumulative_fy,54879.0,54878.0,0.0,0.0,False,False,psp_energy-2019-07.pdf
Daman & Diu,2019,7,July,monthly,225.0,225.0,0.0,0.0,False,False,psp_energy-2019-07.pdf
Daman & Diu,2019,7,July,cumulative_fy,880.0,880.0,0.0,0.0,False,False,psp_energy-2019-07.pdf
Dadra & Nagar Haveli,2019,7,July,monthly,578.0,578.0,0.0,0.0,False,False,psp_energy-2019-07.pdf
Dadra & Nagar Haveli,2019,7,July,cumulative_fy,2217.0,2217.0,0.0,0.0,False,False,psp_energy-2019-07.pdf
Goa,2019,7,July,monthly,342.0,342.0,0.0,0.0,False,False,psp_energy-2019-07.pdf
Goa,2019,7,July,cumulative_fy,1513.0,1513.0,0.0,0.0,False,False,psp_energy-2019-07.pdf
Western Region,2019,7,July,monthly,32083.0,32081.0,1.0,0.0,True,False,psp_energy-2019-07.pdf
Western Region,2019,7,July,cumulative_fy,137107.0,137104.0,3.0,0.0,True,False,psp_energy-2019-07.pdf
Andhra Pradesh,2019,7,July,monthly,5483.0,5482.0,0.0,0.0,False,False,psp_energy-2019-07.pdf
Andhra Pradesh,2019,7,July,cumulative_fy,23104.0,23090.0,14.0,0.1,False,False,psp_energy-2019-07.pdf
Telangana,2019,7,July,monthly,5157.0,5157.0,0.0,0.0,False,False,psp_energy-2019-07.pdf
Telangana,2019,7,July,cumulative_fy,20822.0,20820.0,2.0,0.0,False,False,psp_energy-2019-07.pdf
Karnataka,2019,7,July,monthly,5702.0,5702.0,0.0,0.0,False,False,psp_energy-2019-07.pdf
Karnataka,2019,7,July,cumulative_fy,25202.0,25199.0,2.0,0.0,False,False,psp_energy-2019-07.pdf
Kerala,2019,7,July,monthly,2098.0,2091.0,8.0,0.4,False,False,psp_energy-2019-07.pdf
Kerala,2019,7,July,cumulative_fy,9273.0,9251.0,23.0,0.2,False,False,psp_energy-2019-07.pdf
Tamil Nadu,2019,7,July,monthly,9648.0,9648.0,0.0,0.0,False,False,psp_energy-2019-07.pdf
Tamil Nadu,2019,7,July,cumulative_fy,39848.0,39845.0,3.0,0.0,False,False,psp_energy-2019-07.pdf
Puducherry,2019,7,July,monthly,257.0,257.0,0.0,0.0,False,False,psp_energy-2019-07.pdf
Puducherry,2019,7,July,cumulative_fy,1068.0,1067.0,1.0,0.1,False,False,psp_energy-2019-07.pdf
Lakshadweep,2019,7,July,monthly,4.0,4.0,0.0,0.0,False,False,psp_energy-2019-07.pdf
Lakshadweep,2019,7,July,cumulative_fy,16.0,16.0,0.0,0.0,False,False,psp_energy-2019-07.pdf
Southern Region,2019,7,July,monthly,28345.0,28337.0,8.0,0.0,True,False,psp_energy-2019-07.pdf
Southern Region,2019,7,July,cumulative_fy,119317.0,119271.0,46.0,0.0,True,False,psp_energy-2019-07.pdf
Bihar,2019,7,July,monthly,2881.0,2869.0,13.0,0.4,False,False,psp_energy-2019-07.pdf
Bihar,2019,7,July,cumulative_fy,11616.0,11590.0,27.0,0.2,False,False,psp_energy-2019-07.pdf
DVC,2019,7,July,monthly,1954.0,1954.0,0.0,0.0,False,False,psp_energy-2019-07.pdf
DVC,2019,7,July,cumulative_fy,7837.0,7835.0,2.0,0.0,False,False,psp_energy-2019-07.pdf
Jharkhand,2019,7,July,monthly,751.0,745.0,6.0,0.8,False,False,psp_energy-2019-07.pdf
Jharkhand,2019,7,July,cumulative_fy,3051.0,3018.0,33.0,1.1,False,False,psp_energy-2019-07.pdf
Odisha,2019,7,July,monthly,2834.0,2834.0,0.0,0.0,False,False,psp_energy-2019-07.pdf
Odisha,2019,7,July,cumulative_fy,10830.0,10830.0,0.0,0.0,False,False,psp_energy-2019-07.pdf
West Bengal,2019,7,July,monthly,5419.0,5407.0,12.0,0.2,False,False,psp_energy-2019-07.pdf
West Bengal,2019,7,July,cumulative_fy,20881.0,20809.0,72.0,0.3,False,False,psp_energy-2019-07.pdf
Sikkim,2019,7,July,monthly,40.0,40.0,0.0,0.0,False,False,psp_energy-2019-07.pdf
Sikkim,2019,7,July,cumulative_fy,166.0,166.0,0.0,0.0,False,False,psp_energy-2019-07.pdf
Andaman & Nicobar,2019,7,July,monthly,29.0,27.0,2.0,7.0,False,False,psp_energy-2019-07.pdf
Andaman & Nicobar,2019,7,July,cumulative_fy,115.0,108.0,8.0,6.7,False,False,psp_energy-2019-07.pdf
Eastern Region,2019,7,July,monthly,13880.0,13850.0,30.0,0.2,True,False,psp_energy-2019-07.pdf
Eastern Region,2019,7,July,cumulative_fy,54380.0,54247.0,134.0,0.2,True,False,psp_energy-2019-07.pdf
Arunachal Pradesh,2019,7,July,monthly,69.0,69.0,0.0,0.5,False,False,psp_energy-2019-07.pdf
Arunachal Pradesh,2019,7,July,cumulative_fy,261.0,259.0,2.0,0.6,False,False,psp_energy-2019-07.pdf
Assam,2019,7,July,monthly,955.0,899.0,56.0,5.9,False,False,psp_energy-2019-07.pdf
Assam,2019,7,July,cumulative_fy,3490.0,3247.0,243.0,7.0,False,False,psp_energy-2019-07.pdf
Manipur,2019,7,July,monthly,75.0,74.0,0.0,0.6,False,False,psp_energy-2019-07.pdf
Manipur,2019,7,July,cumulative_fy,278.0,275.0,3.0,1.0,False,False,psp_energy-2019-07.pdf
Meghalaya,2019,7,July,monthly,171.0,171.0,0.0,0.1,False,False,psp_energy-2019-07.pdf
Meghalaya,2019,7,July,cumulative_fy,671.0,652.0,19.0,2.8,False,False,psp_energy-2019-07.pdf
Mizoram,2019,7,July,monthly,56.0,56.0,0.0,0.6,False,False,psp_energy-2019-07.pdf
Mizoram,2019,7,July,cumulative_fy,194.0,192.0,2.0,0.8,False,False,psp_energy-2019-07.pdf
Nagaland,2019,7,July,monthly,70.0,70.0,0.0,0.6,False,False,psp_energy-2019-07.pdf
Nagaland,2019,7,July,cumulative_fy,265.0,263.0,2.0,0.8,False,False,psp_energy-2019-07.pdf
Tripura,2019,7,July,monthly,145.0,144.0,1.0,0.9,False,False,psp_energy-2019-07.pdf
Tripura,2019,7,July,cumulative_fy,579.0,564.0,16.0,2.7,False,False,psp_energy-2019-07.pdf
North-Eastern Region,2019,7,July,monthly,1541.0,1482.0,59.0,3.8,True,False,psp_energy-2019-07.pdf
North-Eastern Region,2019,7,July,cumulative_fy,5736.0,5451.0,286.0,5.0,True,False,psp_energy-2019-07.pdf
All India,2019,7,July,monthly,117226.0,116485.0,741.0,0.6,False,True,psp_energy-2019-07.pdf
All India,2019,7,July,cumulative_fy,467025.0,464605.0,2420.0,0.5,False,True,psp_energy-2019-07.pdf
Chandigarh,2019,8,August,monthly,172.0,172.0,0.0,0.0,False,False,psp_energy-2019-08.pdf
Chandigarh,2019,8,August,cumulative_fy,892.0,892.0,0.0,0.0,False,False,psp_energy-2019-08.pdf
Delhi,2019,8,August,monthly,3547.0,3546.0,1.0,0.0,False,False,psp_energy-2019-08.pdf
Delhi,2019,8,August,cumulative_fy,17214.0,17208.0,7.0,0.0,False,False,psp_energy-2019-08.pdf
Haryana,2019,8,August,monthly,5925.0,5915.0,10.0,0.2,False,False,psp_energy-2019-08.pdf
Haryana,2019,8,August,cumulative_fy,26768.0,26755.0,13.0,0.0,False,False,psp_energy-2019-08.pdf
Himachal Pradesh,2019,8,August,monthly,903.0,903.0,0.0,0.0,False,False,psp_energy-2019-08.pdf
Himachal Pradesh,2019,8,August,cumulative_fy,4491.0,4454.0,38.0,0.8,False,False,psp_energy-2019-08.pdf
Jammu & Kashmir,2019,8,August,monthly,1535.0,1238.0,297.0,19.4,False,False,psp_energy-2019-08.pdf
Jammu & Kashmir,2019,8,August,cumulative_fy,8213.0,6538.0,1675.0,20.4,False,False,psp_energy-2019-08.pdf
Punjab,2019,8,August,monthly,7110.0,7110.0,0.0,0.0,False,False,psp_energy-2019-08.pdf
Punjab,2019,8,August,cumulative_fy,29925.0,29919.0,6.0,0.0,False,False,psp_energy-2019-08.pdf
Rajasthan,2019,8,August,monthly,6270.0,6270.0,0.0,0.0,False,False,psp_energy-2019-08.pdf
Rajasthan,2019,8,August,cumulative_fy,34690.0,34660.0,30.0,0.1,False,False,psp_energy-2019-08.pdf
Uttar Pradesh,2019,8,August,monthly,12428.0,12263.0,166.0,1.3,False,False,psp_energy-2019-08.pdf
Uttar Pradesh,2019,8,August,cumulative_fy,60799.0,60225.0,574.0,0.9,False,False,psp_energy-2019-08.pdf
Uttarakhand,2019,8,August,monthly,1263.0,1254.0,9.0,0.7,False,False,psp_energy-2019-08.pdf
Uttarakhand,2019,8,August,cumulative_fy,6646.0,6553.0,93.0,1.4,False,False,psp_energy-2019-08.pdf
Northern Region,2019,8,August,monthly,39153.0,38670.0,483.0,1.2,True,False,psp_energy-2019-08.pdf
Northern Region,2019,8,August,cumulative_fy,189638.0,187202.0,2435.0,1.3,True,False,psp_energy-2019-08.pdf
Chhattisgarh,2019,8,August,monthly,2775.0,2774.0,1.0,0.0,False,False,psp_energy-2019-08.pdf
Chhattisgarh,2019,8,August,cumulative_fy,13756.0,13754.0,2.0,0.0,False,False,psp_energy-2019-08.pdf
Gujarat,2019,8,August,monthly,8441.0,8441.0,0.0,0.0,False,False,psp_energy-2019-08.pdf
Gujarat,2019,8,August,cumulative_fy,50051.0,50050.0,1.0,0.0,False,False,psp_energy-2019-08.pdf
Madhya Pradesh,2019,8,August,monthly,5493.0,5493.0,0.0,0.0,False,False,psp_energy-2019-08.pdf
Madhya Pradesh,2019,8,August,cumulative_fy,30521.0,30521.0,0.0,0.0,False,False,psp_energy-2019-08.pdf
Maharashtra,2019,8,August,monthly,11849.0,11849.0,0.0,0.0,False,False,psp_energy-2019-08.pdf
Maharashtra,2019,8,August,cumulative_fy,66728.0,66727.0,0.0,0.0,False,False,psp_energy-2019-08.pdf
Daman & Diu,2019,8,August,monthly,219.0,219.0,0.0,0.0,False,False,psp_energy-2019-08.pdf
Daman & Diu,2019,8,August,cumulative_fy,1099.0,1099.0,0.0,0.0,False,False,psp_energy-2019-08.pdf
Dadra & Nagar Haveli,2019,8,August,monthly,567.0,567.0,0.0,0.0,False,False,psp_energy-2019-08.pdf
Dadra & Nagar Haveli,2019,8,August,cumulative_fy,2784.0,2784.0,0.0,0.0,False,False,psp_energy-2019-08.pdf
Goa,2019,8,August,monthly,319.0,319.0,0.0,0.0,False,False,psp_energy-2019-08.pdf
Goa,2019,8,August,cumulative_fy,1832.0,1832.0,0.0,0.0,False,False,psp_energy-2019-08.pdf
Western Region,2019,8,August,monthly,29664.0,29663.0,1.0,0.0,True,False,psp_energy-2019-08.pdf
Western Region,2019,8,August,cumulative_fy,166771.0,166767.0,4.0,0.0,True,False,psp_energy-2019-08.pdf
Andhra Pradesh,2019,8,August,monthly,5369.0,5361.0,8.0,0.1,False,False,psp_energy-2019-08.pdf
Andhra Pradesh,2019,8,August,cumulative_fy,28473.0,28451.0,22.0,0.1,False,False,psp_energy-2019-08.pdf
Telangana,2019,8,August,monthly,5988.0,5988.0,0.0,0.0,False,False,psp_energy-2019-08.pdf
Telangana,2019,8,August,cumulative_fy,26809.0,26807.0,2.0,0.0,False,False,psp_energy-2019-08.pdf
Karnataka,2019,8,August,monthly,5026.0,5026.0,0.0,0.0,False,False,psp_energy-2019-08.pdf
Karnataka,2019,8,August,cumulative_fy,30228.0,30225.0,2.0,0.0,False,False,psp_energy-2019-08.pdf
Kerala,2019,8,August,monthly,1916.0,1909.0,7.0,0.4,False,False,psp_energy-2019-08.pdf
Kerala,2019,8,August,cumulative_fy,11189.0,11159.0,30.0,0.3,False,False,psp_energy-2019-08.pdf
Tamil Nadu,2019,8,August,monthly,9030.0,9030.0,0.0,0.0,False,False,psp_energy-2019-08.pdf
Tamil Nadu,2019,8,August,cumulative_fy,48878.0,48875.0,3.0,0.0,False,False,psp_energy-2019-08.pdf
Puducherry,2019,8,August,monthly,245.0,245.0,0.0,0.0,False,False,psp_energy-2019-08.pdf
Puducherry,2019,8,August,cumulative_fy,1313.0,1312.0,1.0,0.1,False,False,psp_energy-2019-08.pdf
Lakshadweep,2019,8,August,monthly,4.0,4.0,0.0,0.0,False,False,psp_energy-2019-08.pdf
Lakshadweep,2019,8,August,cumulative_fy,19.0,19.0,0.0,0.0,False,False,psp_energy-2019-08.pdf
Southern Region,2019,8,August,monthly,27573.0,27559.0,15.0,0.1,True,False,psp_energy-2019-08.pdf
Southern Region,2019,8,August,cumulative_fy,146890.0,146830.0,60.0,0.0,True,False,psp_energy-2019-08.pdf
Bihar,2019,8,August,monthly,3348.0,3324.0,24.0,0.7,False,False,psp_energy-2019-08.pdf
Bihar,2019,8,August,cumulative_fy,14964.0,14914.0,50.0,0.3,False,False,psp_energy-2019-08.pdf
DVC,2019,8,August,monthly,1875.0,1875.0,0.0,0.0,False,False,psp_energy-2019-08.pdf
DVC,2019,8,August,cumulative_fy,9712.0,9709.0,2.0,0.0,False,False,psp_energy-2019-08.pdf
Jharkhand,2019,8,August,monthly,752.0,749.0,4.0,0.5,False,False,psp_energy-2019-08.pdf
Jharkhand,2019,8,August,cumulative_fy,3803.0,3767.0,37.0,1.0,False,False,psp_energy-2019-08.pdf
Odisha,2019,8,August,monthly,2908.0,2908.0,0.0,0.0,False,False,psp_energy-2019-08.pdf
Odisha,2019,8,August,cumulative_fy,13738.0,13738.0,0.0,0.0,False,False,psp_energy-2019-08.pdf
West Bengal,2019,8,August,monthly,5266.0,5251.0,15.0,0.3,False,False,psp_energy-2019-08.pdf
West Bengal,2019,8,August,cumulative_fy,26147.0,26060.0,87.0,0.3,False,False,psp_energy-2019-08.pdf
Sikkim,2019,8,August,monthly,43.0,43.0,0.0,0.0,False,False,psp_energy-2019-08.pdf
Sikkim,2019,8,August,cumulative_fy,208.0,208.0,0.0,0.0,False,False,psp_energy-2019-08.pdf
Andaman & Nicobar,2019,8,August,monthly,29.0,27.0,2.0,7.0,False,False,psp_energy-2019-08.pdf
Andaman & Nicobar,2019,8,August,cumulative_fy,144.0,135.0,10.0,6.7,False,False,psp_energy-2019-08.pdf
Eastern Region,2019,8,August,monthly,14191.0,14149.0,42.0,0.3,True,False,psp_energy-2019-08.pdf
Eastern Region,2019,8,August,cumulative_fy,68572.0,68396.0,176.0,0.3,True,False,psp_energy-2019-08.pdf
Arunachal Pradesh,2019,8,August,monthly,68.0,67.0,0.0,0.7,False,False,psp_energy-2019-08.pdf
Arunachal Pradesh,2019,8,August,cumulative_fy,328.0,326.0,2.0,0.6,False,False,psp_energy-2019-08.pdf
Assam,2019,8,August,monthly,948.0,899.0,48.0,5.1,False,False,psp_energy-2019-08.pdf
Assam,2019,8,August,cumulative_fy,4437.0,4146.0,292.0,6.6,False,False,psp_energy-2019-08.pdf
Manipur,2019,8,August,monthly,75.0,74.0,1.0,0.7,False,False,psp_energy-2019-08.pdf
Manipur,2019,8,August,cumulative_fy,353.0,350.0,3.0,0.9,False,False,psp_energy-2019-08.pdf
Meghalaya,2019,8,August,monthly,171.0,171.0,0.0,0.1,False,False,psp_energy-2019-08.pdf
Meghalaya,2019,8,August,cumulative_fy,842.0,823.0,19.0,2.3,False,False,psp_energy-2019-08.pdf
Mizoram,2019,8,August,monthly,56.0,56.0,0.0,0.9,False,False,psp_energy-2019-08.pdf
Mizoram,2019,8,August,cumulative_fy,250.0,248.0,2.0,0.8,False,False,psp_energy-2019-08.pdf
Nagaland,2019,8,August,monthly,70.0,70.0,1.0,1.0,False,False,psp_energy-2019-08.pdf
Nagaland,2019,8,August,cumulative_fy,335.0,332.0,3.0,0.8,False,False,psp_energy-2019-08.pdf
Tripura,2019,8,August,monthly,150.0,144.0,7.0,4.3,False,False,psp_energy-2019-08.pdf
Tripura,2019,8,August,cumulative_fy,729.0,707.0,22.0,3.0,False,False,psp_energy-2019-08.pdf
North-Eastern Region,2019,8,August,monthly,1538.0,1481.0,57.0,3.7,True,False,psp_energy-2019-08.pdf
North-Eastern Region,2019,8,August,cumulative_fy,7274.0,6931.0,343.0,4.7,True,False,psp_energy-2019-08.pdf
All India,2019,8,August,monthly,112119.0,111521.0,598.0,0.5,False,True,psp_energy-2019-08.pdf
All India,2019,8,August,cumulative_fy,579145.0,576127.0,3018.0,0.5,False,True,psp_energy-2019-08.pdf
Chandigarh,2019,9,September,monthly,149.0,149.0,0.0,0.0,False,False,psp_energy-2019-09.pdf
Chandigarh,2019,9,September,cumulative_fy,1041.0,1041.0,0.0,0.0,False,False,psp_energy-2019-09.pdf
Delhi,2019,9,September,monthly,3463.0,3463.0,1.0,0.0,False,False,psp_energy-2019-09.pdf
Delhi,2019,9,September,cumulative_fy,20678.0,20670.0,8.0,0.0,False,False,psp_energy-2019-09.pdf
Haryana,2019,9,September,monthly,5953.0,5953.0,0.0,0.0,False,False,psp_energy-2019-09.pdf
Haryana,2019,9,September,cumulative_fy,32721.0,32708.0,13.0,0.0,False,False,psp_energy-2019-09.pdf
Himachal Pradesh,2019,9,September,monthly,891.0,891.0,0.0,0.0,False,False,psp_energy-2019-09.pdf
Himachal Pradesh,2019,9,September,cumulative_fy,5382.0,5345.0,38.0,0.7,False,False,psp_energy-2019-09.pdf
Jammu & Kashmir,2019,9,September,monthly,1487.0,1203.0,285.0,19.2,False,False,psp_energy-2019-09.pdf
Jammu & Kashmir,2019,9,September,cumulative_fy,9700.0,7740.0,1960.0,20.2,False,False,psp_energy-2019-09.pdf
Punjab,2019,9,September,monthly,6721.0,6721.0,0.0,0.0,False,False,psp_energy-2019-09.pdf
Punjab,2019,9,September,cumulative_fy,36646.0,36640.0,6.0,0.0,False,False,psp_energy-2019-09.pdf
Rajasthan,2019,9,September,monthly,6868.0,6867.0,1.0,0.0,False,False,psp_energy-2019-09.pdf
Rajasthan,2019,9,September,cumulative_fy,41558.0,41527.0,31.0,0.1,False,False,psp_energy-2019-09.pdf
Uttar Pradesh,2019,9,September,monthly,11580.0,11287.0,293.0,2.5,False,False,psp_energy-2019-09.pdf
Uttar Pradesh,2019,9,September,cumulative_fy,72379.0,71512.0,867.0,1.2,False,False,psp_energy-2019-09.pdf
Uttarakhand,2019,9,September,monthly,1310.0,1310.0,0.0,0.0,False,False,psp_energy-2019-09.pdf
Uttarakhand,2019,9,September,cumulative_fy,7956.0,7863.0,93.0,1.2,False,False,psp_energy-2019-09.pdf
Northern Region,2019,9,September,monthly,38422.0,37843.0,580.0,1.5,True,False,psp_energy-2019-09.pdf
Northern Region,2019,9,September,cumulative_fy,228060.0,225045.0,3015.0,1.3,True,False,psp_energy-2019-09.pdf
Chhattisgarh,2019,9,September,monthly,2686.0,2685.0,0.0,0.0,False,False,psp_energy-2019-09.pdf
Chhattisgarh,2019,9,September,cumulative_fy,16441.0,16439.0,2.0,0.0,False,False,psp_energy-2019-09.pdf
Gujarat,2019,9,September,monthly,8438.0,8438.0,0.0,0.0,False,False,psp_energy-2019-09.pdf
Gujarat,2019,9,September,cumulative_fy,58489.0,58488.0,1.0,0.0,False,False,psp_energy-2019-09.pdf
Madhya Pradesh,2019,9,September,monthly,5099.0,5099.0,0.0,0.0,False,False,psp_energy-2019-09.pdf
Madhya Pradesh,2019,9,September,cumulative_fy,35619.0,35619.0,0.0,0.0,False,False,psp_energy-2019-09.pdf
Maharashtra,2019,9,September,monthly,11411.0,11411.0,0.0,0.0,False,False,psp_energy-2019-09.pdf
Maharashtra,2019,9,September,cumulative_fy,78139.0,78138.0,0.0,0.0,False,False,psp_energy-2019-09.pdf
Daman & Diu,2019,9,September,monthly,213.0,213.0,0.0,0.0,False,False,psp_energy-2019-09.pdf
Daman & Diu,2019,9,September,cumulative_fy,1312.0,1312.0,0.0,0.0,False,False,psp_energy-2019-09.pdf
Dadra & Nagar Haveli,2019,9,September,monthly,551.0,551.0,0.0,0.0,False,False,psp_energy-2019-09.pdf
Dadra & Nagar Haveli,2019,9,September,cumulative_fy,3335.0,3335.0,0.0,0.0,False,False,psp_energy-2019-09.pdf
Goa,2019,9,September,monthly,322.0,322.0,0.0,0.0,False,False,psp_energy-2019-09.pdf
Goa,2019,9,September,cumulative_fy,2154.0,2154.0,0.0,0.0,False,False,psp_energy-2019-09.pdf
Western Region,2019,9,September,monthly,28719.0,28719.0,0.0,0.0,True,False,psp_energy-2019-09.pdf
Western Region,2019,9,September,cumulative_fy,195490.0,195486.0,4.0,0.0,True,False,psp_energy-2019-09.pdf
Andhra Pradesh,2019,9,September,monthly,5016.0,5000.0,16.0,0.3,False,False,psp_energy-2019-09.pdf
Andhra Pradesh,2019,9,September,cumulative_fy,33489.0,33451.0,38.0,0.1,False,False,psp_energy-2019-09.pdf
Telangana,2019,9,September,monthly,5325.0,5325.0,0.0,0.0,False,False,psp_energy-2019-09.pdf
Telangana,2019,9,September,cumulative_fy,32135.0,32132.0,2.0,0.0,False,False,psp_energy-2019-09.pdf
Karnataka,2019,9,September,monthly,5218.0,5218.0,0.0,0.0,False,False,psp_energy-2019-09.pdf
Karnataka,2019,9,September,cumulative_fy,35446.0,35443.0,2.0,0.0,False,False,psp_energy-2019-09.pdf
Kerala,2019,9,September,monthly,1993.0,1987.0,6.0,0.3,False,False,psp_energy-2019-09.pdf
Kerala,2019,9,September,cumulative_fy,13182.0,13146.0,36.0,0.3,False,False,psp_energy-2019-09.pdf
Tamil Nadu,2019,9,September,monthly,8482.0,8482.0,0.0,0.0,False,False,psp_energy-2019-09.pdf
Tamil Nadu,2019,9,September,cumulative_fy,57360.0,57357.0,3.0,0.0,False,False,psp_energy-2019-09.pdf
Puducherry,2019,9,September,monthly,229.0,228.0,0.0,0.1,False,False,psp_energy-2019-09.pdf
Puducherry,2019,9,September,cumulative_fy,1541.0,1540.0,1.0,0.1,False,False,psp_energy-2019-09.pdf
Lakshadweep,2019,9,September,monthly,4.0,4.0,0.0,0.0,False,False,psp_energy-2019-09.pdf
Lakshadweep,2019,9,September,cumulative_fy,23.0,23.0,0.0,0.0,False,False,psp_energy-2019-09.pdf
Southern Region,2019,9,September,monthly,26263.0,26241.0,22.0,0.1,True,False,psp_energy-2019-09.pdf
Southern Region,2019,9,September,cumulative_fy,173154.0,173071.0,83.0,0.0,True,False,psp_energy-2019-09.pdf
Bihar,2019,9,September,monthly,2952.0,2933.0,19.0,0.6,False,False,psp_energy-2019-09.pdf
Bihar,2019,9,September,cumulative_fy,17916.0,17848.0,69.0,0.4,False,False,psp_energy-2019-09.pdf
DVC,2019,9,September,monthly,1797.0,1797.0,0.0,0.0,False,False,psp_energy-2019-09.pdf
DVC,2019,9,September,cumulative_fy,11509.0,11507.0,2.0,0.0,False,False,psp_energy-2019-09.pdf
Jharkhand,2019,9,September,monthly,734.0,732.0,2.0,0.3,False,False,psp_energy-2019-09.pdf
Jharkhand,2019,9,September,cumulative_fy,4538.0,4499.0,39.0,0.9,False,False,psp_energy-2019-09.pdf
Odisha,2019,9,September,monthly,2819.0,2819.0,0.0,0.0,False,False,psp_energy-2019-09.pdf
Odisha,2019,9,September,cumulative_fy,16556.0,16556.0,0.0,0.0,False,False,psp_energy-2019-09.pdf
West Bengal,2019,9,September,monthly,4932.0,4919.0,14.0,0.3,False,False,psp_energy-2019-09.pdf
West Bengal,2019,9,September,cumulative_fy,31079.0,30978.0,101.0,0.3,False,False,psp_energy-2019-09.pdf
Sikkim,2019,9,September,monthly,42.0,42.0,0.0,0.0,False,False,psp_energy-2019-09.pdf
Sikkim,2019,9,September,cumulative_fy,251.0,251.0,0.0,0.0,False,False,psp_energy-2019-09.pdf
Andaman & Nicobar,2019,9,September,monthly,29.0,27.0,2.0,7.0,False,False,psp_energy-2019-09.pdf
Andaman & Nicobar,2019,9,September,cumulative_fy,173.0,162.0,12.0,6.7,False,False,psp_energy-2019-09.pdf
Eastern Region,2019,9,September,monthly,13277.0,13242.0,35.0,0.3,True,False,psp_energy-2019-09.pdf
Eastern Region,2019,9,September,cumulative_fy,81849.0,81638.0,211.0,0.3,True,False,psp_energy-2019-09.pdf
Arunachal Pradesh,2019,9,September,monthly,58.0,58.0,0.0,0.6,False,False,psp_energy-2019-09.pdf
Arunachal Pradesh,2019,9,September,cumulative_fy,386.0,384.0,2.0,0.6,False,False,psp_energy-2019-09.pdf
Assam,2019,9,September,monthly,994.0,899.0,95.0,9.6,False,False,psp_energy-2019-09.pdf
Assam,2019,9,September,cumulative_fy,5432.0,5045.0,387.0,7.1,False,False,psp_energy-2019-09.pdf
Manipur,2019,9,September,monthly,75.0,74.0,0.0,0.6,False,False,psp_energy-2019-09.pdf
Manipur,2019,9,September,cumulative_fy,427.0,424.0,4.0,0.8,False,False,psp_energy-2019-09.pdf
Meghalaya,2019,9,September,monthly,171.0,171.0,0.0,0.1,False,False,psp_energy-2019-09.pdf
Meghalaya,2019,9,September,cumulative_fy,1013.0,994.0,19.0,1.9,False,False,psp_energy-2019-09.pdf
Mizoram,2019,9,September,monthly,56.0,56.0,0.0,0.7,False,False,psp_energy-2019-09.pdf
Mizoram,2019,9,September,cumulative_fy,306.0,303.0,2.0,0.8,False,False,psp_energy-2019-09.pdf
Nagaland,2019,9,September,monthly,70.0,70.0,0.0,0.6,False,False,psp_energy-2019-09.pdf
Nagaland,2019,9,September,cumulative_fy,405.0,402.0,3.0,0.8,False,False,psp_energy-2019-09.pdf
Tripura,2019,9,September,monthly,144.0,144.0,1.0,0.6,False,False,psp_energy-2019-09.pdf
Tripura,2019,9,September,cumulative_fy,874.0,851.0,23.0,2.6,False,False,psp_energy-2019-09.pdf
North-Eastern Region,2019,9,September,monthly,1569.0,1471.0,98.0,6.2,True,False,psp_energy-2019-09.pdf
North-Eastern Region,2019,9,September,cumulative_fy,8843.0,8402.0,441.0,5.0,True,False,psp_energy-2019-09.pdf
All India,2019,9,September,monthly,108250.0,107515.0,735.0,0.7,False,True,psp_energy-2019-09.pdf
All India,2019,9,September,cumulative_fy,687395.0,683642.0,3753.0,0.5,False,True,psp_energy-2019-09.pdf
Chandigarh,2019,10,October,monthly,123.0,123.0,0.0,0.0,False,False,psp_energy-2019-10.pdf
Chandigarh,2019,10,October,cumulative_fy,1164.0,1164.0,0.0,0.0,False,False,psp_energy-2019-10.pdf
Delhi,2019,10,October,monthly,2469.0,2469.0,0.0,0.0,False,False,psp_energy-2019-10.pdf
Delhi,2019,10,October,cumulative_fy,23147.0,23140.0,8.0,0.0,False,False,psp_energy-2019-10.pdf
Haryana,2019,10,October,monthly,4315.0,4315.0,0.0,0.0,False,False,psp_energy-2019-10.pdf
Haryana,2019,10,October,cumulative_fy,37036.0,37023.0,13.0,0.0,False,False,psp_energy-2019-10.pdf
Himachal Pradesh,2019,10,October,monthly,800.0,793.0,6.0,0.8,False,False,psp_energy-2019-10.pdf
Himachal Pradesh,2019,10,October,cumulative_fy,6182.0,6138.0,44.0,0.7,False,False,psp_energy-2019-10.pdf
Jammu & Kashmir,2019,10,October,monthly,1529.0,1237.0,292.0,19.1,False,False,psp_energy-2019-10.pdf
Jammu & Kashmir,2019,10,October,cumulative_fy,11229.0,8977.0,2252.0,20.1,False,False,psp_energy-2019-10.pdf
Punjab,2019,10,October,monthly,4063.0,4063.0,0.0,0.0,False,False,psp_energy-2019-10.pdf
Punjab,2019,10,October,cumulative_fy,40708.0,40702.0,6.0,0.0,False,False,psp_energy-2019-10.pdf
Rajasthan,2019,10,October,monthly,6124.0,6124.0,0.0,0.0,False,False,psp_energy-2019-10.pdf
Rajasthan,2019,10,October,cumulative_fy,47683.0,47652.0,31.0,0.1,False,False,psp_energy-2019-10.pdf
Uttar Pradesh,2019,10,October,monthly,9555.0,9401.0,154.0,1.6,False,False,psp_energy-2019-10.pdf
Uttar Pradesh,2019,10,October,cumulative_fy,81934.0,80913.0,1021.0,1.2,False,False,psp_energy-2019-10.pdf
Uttarakhand,2019,10,October,monthly,1103.0,1103.0,0.0,0.0,False,False,psp_energy-2019-10.pdf
Uttarakhand,2019,10,October,cumulative_fy,9059.0,8966.0,93.0,1.0,False,False,psp_energy-2019-10.pdf
Northern Region,2019,10,October,monthly,30081.0,29629.0,453.0,1.5,True,False,psp_energy-2019-10.pdf
Northern Region,2019,10,October,cumulative_fy,258141.0,254674.0,3467.0,1.3,True,False,psp_energy-2019-10.pdf
Chhattisgarh,2019,10,October,monthly,2228.0,2228.0,0.0,0.0,False,False,psp_energy-2019-10.pdf
Chhattisgarh,2019,10,October,cumulative_fy,18670.0,18667.0,2.0,0.0,False,False,psp_energy-2019-10.pdf
Gujarat,2019,10,October,monthly,9079.0,9079.0,0.0,0.0,False,False,psp_energy-2019-10.pdf
Gujarat,2019,10,October,cumulative_fy,67567.0,67566.0,1.0,0.0,False,False,psp_energy-2019-10.pdf
Madhya Pradesh,2019,10,October,monthly,5326.0,5326.0,0.0,0.0,False,False,psp_energy-2019-10.pdf
Madhya Pradesh,2019,10,October,cumulative_fy,40945.0,40945.0,0.0,0.0,False,False,psp_energy-2019-10.pdf
Maharashtra,2019,10,October,monthly,11909.0,11909.0,0.0,0.0,False,False,psp_energy-2019-10.pdf
Maharashtra,2019,10,October,cumulative_fy,90048.0,90048.0,0.0,0.0,False,False,psp_energy-2019-10.pdf
Daman & Diu,2019,10,October,monthly,213.0,213.0,0.0,0.0,False,False,psp_energy-2019-10.pdf
Daman & Diu,2019,10,October,cumulative_fy,1525.0,1525.0,0.0,0.0,False,False,psp_energy-2019-10.pdf
Dadra & Nagar Haveli,2019,10,October,monthly,531.0,531.0,0.0,0.0,False,False,psp_energy-2019-10.pdf
Dadra & Nagar Haveli,2019,10,October,cumulative_fy,3866.0,3866.0,0.0,0.0,False,False,psp_energy-2019-10.pdf
Goa,2019,10,October,monthly,349.0,349.0,0.0,0.0,False,False,psp_energy-2019-10.pdf
Goa,2019,10,October,cumulative_fy,2504.0,2504.0,0.0,0.0,False,False,psp_energy-2019-10.pdf
Western Region,2019,10,October,monthly,29635.0,29635.0,0.0,0.0,True,False,psp_energy-2019-10.pdf
Western Region,2019,10,October,cumulative_fy,225125.0,225121.0,4.0,0.0,True,False,psp_energy-2019-10.pdf
Andhra Pradesh,2019,10,October,monthly,4924.0,4924.0,0.0,0.0,False,False,psp_energy-2019-10.pdf
Andhra Pradesh,2019,10,October,cumulative_fy,38413.0,38375.0,38.0,0.1,False,False,psp_energy-2019-10.pdf
Telangana,2019,10,October,monthly,4955.0,4955.0,0.0,0.0,False,False,psp_energy-2019-10.pdf
Telangana,2019,10,October,cumulative_fy,37089.0,37087.0,2.0,0.0,False,False,psp_energy-2019-10.pdf
Karnataka,2019,10,October,monthly,4637.0,4637.0,0.0,0.0,False,False,psp_energy-2019-10.pdf
Karnataka,2019,10,October,cumulative_fy,40083.0,40081.0,2.0,0.0,False,False,psp_energy-2019-10.pdf
Kerala,2019,10,October,monthly,2056.0,2054.0,2.0,0.1,False,False,psp_energy-2019-10.pdf
Kerala,2019,10,October,cumulative_fy,15238.0,15200.0,37.0,0.2,False,False,psp_energy-2019-10.pdf
Tamil Nadu,2019,10,October,monthly,8266.0,8266.0,0.0,0.0,False,False,psp_energy-2019-10.pdf
Tamil Nadu,2019,10,October,cumulative_fy,65627.0,65623.0,3.0,0.0,False,False,psp_energy-2019-10.pdf
Puducherry,2019,10,October,monthly,231.0,231.0,0.0,0.0,False,False,psp_energy-2019-10.pdf
Puducherry,2019,10,October,cumulative_fy,1772.0,1771.0,1.0,0.1,False,False,psp_energy-2019-10.pdf
Lakshadweep,2019,10,October,monthly,4.0,4.0,0.0,0.0,False,False,psp_energy-2019-10.pdf
Lakshadweep,2019,10,October,cumulative_fy,27.0,27.0,0.0,0.0,False,False,psp_energy-2019-10.pdf
Southern Region,2019,10,October,monthly,25069.0,25067.0,2.0,0.0,True,False,psp_energy-2019-10.pdf
Southern Region,2019,10,October,cumulative_fy,198222.0,198138.0,84.0,0.0,True,False,psp_energy-2019-10.pdf
Bihar,2019,10,October,monthly,2629.0,2624.0,5.0,0.2,False,False,psp_energy-2019-10.pdf
Bihar,2019,10,October,cumulative_fy,20545.0,20472.0,73.0,0.4,False,False,psp_energy-2019-10.pdf
DVC,2019,10,October,monthly,1855.0,1855.0,0.0,0.0,False,False,psp_energy-2019-10.pdf
DVC,2019,10,October,cumulative_fy,13364.0,13362.0,2.0,0.0,False,False,psp_energy-2019-10.pdf
Jharkhand,2019,10,October,monthly,723.0,722.0,0.0,0.1,False,False,psp_energy-2019-10.pdf
Jharkhand,2019,10,October,cumulative_fy,5261.0,5221.0,40.0,0.8,False,False,psp_energy-2019-10.pdf
Odisha,2019,10,October,monthly,2487.0,2487.0,0.0,0.0,False,False,psp_energy-2019-10.pdf
Odisha,2019,10,October,cumulative_fy,19043.0,19043.0,0.0,0.0,False,False,psp_energy-2019-10.pdf
West Bengal,2019,10,October,monthly,4320.0,4316.0,4.0,0.1,False,False,psp_energy-2019-10.pdf
West Bengal,2019,10,October,cumulative_fy,35399.0,35294.0,105.0,0.3,False,False,psp_energy-2019-10.pdf
Sikkim,2019,10,October,monthly,42.0,42.0,0.0,0.0,False,False,psp_energy-2019-10.pdf
Sikkim,2019,10,October,cumulative_fy,293.0,293.0,0.0,0.0,False,False,psp_energy-2019-10.pdf
Andaman & Nicobar,2019,10,October,monthly,29.0,27.0,2.0,7.0,False,False,psp_energy-2019-10.pdf
Andaman & Nicobar,2019,10,October,cumulative_fy,202.0,188.0,13.0,6.7,False,False,psp_energy-2019-10.pdf
Eastern Region,2019,10,October,monthly,12055.0,12046.0,9.0,0.1,True,False,psp_energy-2019-10.pdf
Eastern Region,2019,10,October,cumulative_fy,93904.0,93684.0,220.0,0.2,True,False,psp_energy-2019-10.pdf
Arunachal Pradesh,2019,10,October,monthly,57.0,57.0,0.0,0.5,False,False,psp_energy-2019-10.pdf
Arunachal Pradesh,2019,10,October,cumulative_fy,443.0,441.0,3.0,0.6,False,False,psp_energy-2019-10.pdf
Assam,2019,10,October,monthly,950.0,899.0,51.0,5.3,False,False,psp_energy-2019-10.pdf
Assam,2019,10,October,cumulative_fy,6381.0,5944.0,437.0,6.9,False,False,psp_energy-2019-10.pdf
Manipur,2019,10,October,monthly,75.0,74.0,0.0,0.6,False,False,psp_energy-2019-10.pdf
Manipur,2019,10,October,cumulative_fy,502.0,498.0,4.0,0.8,False,False,psp_energy-2019-10.pdf
Meghalaya,2019,10,October,monthly,171.0,171.0,0.0,0.0,False,False,psp_energy-2019-10.pdf
Meghalaya,2019,10,October,cumulative_fy,1185.0,1165.0,19.0,1.6,False,False,psp_energy-2019-10.pdf
Mizoram,2019,10,October,monthly,56.0,56.0,0.0,0.6,False,False,psp_energy-2019-10.pdf
Mizoram,2019,10,October,cumulative_fy,362.0,359.0,3.0,0.8,False,False,psp_energy-2019-10.pdf
Nagaland,2019,10,October,monthly,70.0,70.0,0.0,0.5,False,False,psp_energy-2019-10.pdf
Nagaland,2019,10,October,cumulative_fy,475.0,472.0,3.0,0.7,False,False,psp_energy-2019-10.pdf
Tripura,2019,10,October,monthly,144.0,144.0,0.0,0.1,False,False,psp_energy-2019-10.pdf
Tripura,2019,10,October,cumulative_fy,1017.0,994.0,23.0,2.3,False,False,psp_energy-2019-10.pdf
North-Eastern Region,2019,10,October,monthly,1523.0,1470.0,52.0,3.4,True,False,psp_energy-2019-10.pdf
North-Eastern Region,2019,10,October,cumulative_fy,10365.0,9873.0,493.0,4.8,True,False,psp_energy-2019-10.pdf
All India,2019,10,October,monthly,98363.0,97847.0,515.0,0.5,False,True,psp_energy-2019-10.pdf
All India,2019,10,October,cumulative_fy,785757.0,781489.0,4268.0,0.5,False,True,psp_energy-2019-10.pdf
Chandigarh,2019,11,November,monthly,103.0,103.0,0.0,0.0,False,False,psp_energy-2019-11.pdf
Chandigarh,2019,11,November,cumulative_fy,1267.0,1267.0,0.0,0.0,False,False,psp_energy-2019-11.pdf
Delhi,2019,11,November,monthly,1900.0,1899.0,1.0,0.0,False,False,psp_energy-2019-11.pdf
Delhi,2019,11,November,cumulative_fy,25047.0,25039.0,8.0,0.0,False,False,psp_energy-2019-11.pdf
Haryana,2019,11,November,monthly,3349.0,3349.0,0.0,0.0,False,False,psp_energy-2019-11.pdf
Haryana,2019,11,November,cumulative_fy,40385.0,40372.0,13.0,0.0,False,False,psp_energy-2019-11.pdf
Himachal Pradesh,2019,11,November,monthly,823.0,819.0,4.0,0.5,False,False,psp_energy-2019-11.pdf
Himachal Pradesh,2019,11,November,cumulative_fy,7005.0,6957.0,48.0,0.7,False,False,psp_energy-2019-11.pdf
UT of J&K and Ladakh,2019,11,November,monthly,1466.0,1186.0,280.0,19.1,False,False,psp_energy-2019-11.pdf
UT of J&K and Ladakh,2019,11,November,cumulative_fy,12694.0,10162.0,2532.0,19.9,False,False,psp_energy-2019-11.pdf
Punjab,2019,11,November,monthly,3042.0,3042.0,0.0,0.0,False,False,psp_energy-2019-11.pdf
Punjab,2019,11,November,cumulative_fy,43750.0,43744.0,6.0,0.0,False,False,psp_energy-2019-11.pdf
Rajasthan,2019,11,November,monthly,6328.0,6326.0,1.0,0.0,False,False,psp_energy-2019-11.pdf
Rajasthan,2019,11,November,cumulative_fy,54010.0,53978.0,32.0,0.1,False,False,psp_energy-2019-11.pdf
Uttar Pradesh,2019,11,November,monthly,8115.0,8006.0,109.0,1.3,False,False,psp_energy-2019-11.pdf
Uttar Pradesh,2019,11,November,cumulative_fy,90048.0,88919.0,1130.0,1.3,False,False,psp_energy-2019-11.pdf
Uttarakhand,2019,11,November,monthly,1041.0,1041.0,0.0,0.0,False,False,psp_energy-2019-11.pdf
Uttarakhand,2019,11,November,cumulative_fy,10100.0,10007.0,93.0,0.9,False,False,psp_energy-2019-11.pdf
Northern Region,2019,11,November,monthly,26166.0,25771.0,395.0,1.5,True,False,psp_energy-2019-11.pdf
Northern Region,2019,11,November,cumulative_fy,284308.0,280445.0,3863.0,1.4,True,False,psp_energy-2019-11.pdf
Chhattisgarh,2019,11,November,monthly,2084.0,2083.0,0.0,0.0,False,False,psp_energy-2019-11.pdf
Chhattisgarh,2019,11,November,cumulative_fy,20753.0,20750.0,3.0,0.0,False,False,psp_energy-2019-11.pdf
Gujarat,2019,11,November,monthly,8855.0,8855.0,0.0,0.0,False,False,psp_energy-2019-11.pdf
Gujarat,2019,11,November,cumulative_fy,76422.0,76421.0,1.0,0.0,False,False,psp_energy-2019-11.pdf
Madhya Pradesh,2019,11,November,monthly,6710.0,6710.0,0.0,0.0,False,False,psp_energy-2019-11.pdf
Madhya Pradesh,2019,11,November,cumulative_fy,47655.0,47655.0,0.0,0.0,False,False,psp_energy-2019-11.pdf
Maharashtra,2019,11,November,monthly,12077.0,12077.0,0.0,0.0,False,False,psp_energy-2019-11.pdf
Maharashtra,2019,11,November,cumulative_fy,102125.0,102125.0,0.0,0.0,False,False,psp_energy-2019-11.pdf
Daman & Diu,2019,11,November,monthly,215.0,215.0,0.0,0.0,False,False,psp_energy-2019-11.pdf
Daman & Diu,2019,11,November,cumulative_fy,1740.0,1740.0,0.0,0.0,False,False,psp_energy-2019-11.pdf
Dadra & Nagar Haveli,2019,11,November,monthly,541.0,541.0,0.0,0.0,False,False,psp_energy-2019-11.pdf
Dadra & Nagar Haveli,2019,11,November,cumulative_fy,4407.0,4407.0,0.0,0.0,False,False,psp_energy-2019-11.pdf
Goa,2019,11,November,monthly,366.0,366.0,0.0,0.0,False,False,psp_energy-2019-11.pdf
Goa,2019,11,November,cumulative_fy,2869.0,2869.0,0.0,0.0,False,False,psp_energy-2019-11.pdf
Western Region,2019,11,November,monthly,30847.0,30847.0,0.0,0.0,True,False,psp_energy-2019-11.pdf
Western Region,2019,11,November,cumulative_fy,255972.0,255968.0,4.0,0.0,True,False,psp_energy-2019-11.pdf
Andhra Pradesh,2019,11,November,monthly,5098.0,5098.0,0.0,0.0,False,False,psp_energy-2019-11.pdf
Andhra Pradesh,2019,11,November,cumulative_fy,43511.0,43473.0,38.0,0.1,False,False,psp_energy-2019-11.pdf
Telangana,2019,11,November,monthly,5146.0,5146.0,0.0,0.0,False,False,psp_energy-2019-11.pdf
Telangana,2019,11,November,cumulative_fy,42236.0,42234.0,2.0,0.0,False,False,psp_energy-2019-11.pdf
Karnataka,2019,11,November,monthly,5196.0,5196.0,0.0,0.0,False,False,psp_energy-2019-11.pdf
Karnataka,2019,11,November,cumulative_fy,45279.0,45277.0,2.0,0.0,False,False,psp_energy-2019-11.pdf
Kerala,2019,11,November,monthly,2093.0,2091.0,3.0,0.1,False,False,psp_energy-2019-11.pdf
Kerala,2019,11,November,cumulative_fy,17331.0,17291.0,40.0,0.2,False,False,psp_energy-2019-11.pdf
Tamil Nadu,2019,11,November,monthly,8106.0,8106.0,0.0,0.0,False,False,psp_energy-2019-11.pdf
Tamil Nadu,2019,11,November,cumulative_fy,73732.0,73729.0,3.0,0.0,False,False,psp_energy-2019-11.pdf
Puducherry,2019,11,November,monthly,217.0,217.0,0.0,0.0,False,False,psp_energy-2019-11.pdf
Puducherry,2019,11,November,cumulative_fy,1990.0,1989.0,1.0,0.1,False,False,psp_energy-2019-11.pdf
Lakshadweep,2019,11,November,monthly,4.0,4.0,0.0,0.0,False,False,psp_energy-2019-11.pdf
Lakshadweep,2019,11,November,cumulative_fy,31.0,31.0,0.0,0.0,False,False,psp_energy-2019-11.pdf
Southern Region,2019,11,November,monthly,25857.0,25854.0,3.0,0.0,True,False,psp_energy-2019-11.pdf
Southern Region,2019,11,November,cumulative_fy,224079.0,223992.0,87.0,0.0,True,False,psp_energy-2019-11.pdf
Bihar,2019,11,November,monthly,2153.0,2152.0,0.0,0.0,False,False,psp_energy-2019-11.pdf
Bihar,2019,11,November,cumulative_fy,22698.0,22624.0,74.0,0.3,False,False,psp_energy-2019-11.pdf
DVC,2019,11,November,monthly,1793.0,1793.0,0.0,0.0,False,False,psp_energy-2019-11.pdf
DVC,2019,11,November,cumulative_fy,15157.0,15155.0,2.0,0.0,False,False,psp_energy-2019-11.pdf
Jharkhand,2019,11,November,monthly,716.0,715.0,1.0,0.1,False,False,psp_energy-2019-11.pdf
Jharkhand,2019,11,November,cumulative_fy,5977.0,5936.0,40.0,0.7,False,False,psp_energy-2019-11.pdf
Odisha,2019,11,November,monthly,2108.0,2108.0,0.0,0.0,False,False,psp_energy-2019-11.pdf
Odisha,2019,11,November,cumulative_fy,21151.0,21151.0,0.0,0.0,False,False,psp_energy-2019-11.pdf
West Bengal,2019,11,November,monthly,3438.0,3431.0,7.0,0.2,False,False,psp_energy-2019-11.pdf
West Bengal,2019,11,November,cumulative_fy,38837.0,38724.0,112.0,0.3,False,False,psp_energy-2019-11.pdf
Sikkim,2019,11,November,monthly,48.0,48.0,0.0,0.0,False,False,psp_energy-2019-11.pdf
Sikkim,2019,11,November,cumulative_fy,340.0,340.0,0.0,0.0,False,False,psp_energy-2019-11.pdf
Andaman & Nicobar,2019,11,November,monthly,29.0,27.0,2.0,7.0,False,False,psp_energy-2019-11.pdf
Andaman & Nicobar,2019,11,November,cumulative_fy,231.0,215.0,15.0,6.7,False,False,psp_energy-2019-11.pdf
Eastern Region,2019,11,November,monthly,10255.0,10247.0,9.0,0.1,True,False,psp_energy-2019-11.pdf
Eastern Region,2019,11,November,cumulative_fy,104159.0,103931.0,228.0,0.2,True,False,psp_energy-2019-11.pdf
Arunachal Pradesh,2019,11,November,monthly,56.0,56.0,0.0,0.6,False,False,psp_energy-2019-11.pdf
Arunachal Pradesh,2019,11,November,cumulative_fy,500.0,497.0,3.0,0.6,False,False,psp_energy-2019-11.pdf
Assam,2019,11,November,monthly,724.0,704.0,20.0,2.8,False,False,psp_energy-2019-11.pdf
Assam,2019,11,November,cumulative_fy,7106.0,6648.0,457.0,6.4,False,False,psp_energy-2019-11.pdf
Manipur,2019,11,November,monthly,75.0,75.0,0.0,0.6,False,False,psp_energy-2019-11.pdf
Manipur,2019,11,November,cumulative_fy,577.0,572.0,5.0,0.8,False,False,psp_energy-2019-11.pdf
Meghalaya,2019,11,November,monthly,175.0,175.0,0.0,0.0,False,False,psp_energy-2019-11.pdf
Meghalaya,2019,11,November,cumulative_fy,1359.0,1340.0,19.0,1.4,False,False,psp_energy-2019-11.pdf
Mizoram,2019,11,November,monthly,50.0,49.0,0.0,0.7,False,False,psp_energy-2019-11.pdf
Mizoram,2019,11,November,cumulative_fy,411.0,408.0,3.0,0.8,False,False,psp_energy-2019-11.pdf
Nagaland,2019,11,November,monthly,66.0,66.0,0.0,0.6,False,False,psp_energy-2019-11.pdf
Nagaland,2019,11,November,cumulative_fy,541.0,537.0,4.0,0.7,False,False,psp_energy-2019-11.pdf
Tripura,2019,11,November,monthly,,,0.0,0.0,False,False,psp_energy-2019-11.pdf
Tripura,2019,11,November,cumulative_fy,,,23.0,2.1,False,False,psp_energy-2019-11.pdf
North-Eastern Region,2019,11,November,monthly,,,21.0,1.7,True,False,psp_energy-2019-11.pdf
North-Eastern Region,2019,11,November,cumulative_fy,,,514.0,4.4,True,False,psp_energy-2019-11.pdf
All India,2019,11,November,monthly,94377.0,93949.0,429.0,0.5,False,True,psp_energy-2019-11.pdf
All India,2019,11,November,cumulative_fy,880134.0,875438.0,4697.0,0.5,False,True,psp_energy-2019-11.pdf
Chandigarh,2019,12,December,monthly,129.0,129.0,0.0,0.0,False,False,psp_energy-2019-12.pdf
Chandigarh,2019,12,December,cumulative_fy,1395.0,1395.0,0.0,0.0,False,False,psp_energy-2019-12.pdf
Delhi,2019,12,December,monthly,2151.0,2150.0,0.0,0.0,False,False,psp_energy-2019-12.pdf
Delhi,2019,12,December,cumulative_fy,27198.0,27190.0,9.0,0.0,False,False,psp_energy-2019-12.pdf
Haryana,2019,12,December,monthly,3705.0,3705.0,0.0,0.0,False,False,psp_energy-2019-12.pdf
Haryana,2019,12,December,cumulative_fy,44091.0,44077.0,13.0,0.0,False,False,psp_energy-2019-12.pdf
Himachal Pradesh,2019,12,December,monthly,920.0,913.0,7.0,0.8,False,False,psp_energy-2019-12.pdf
Himachal Pradesh,2019,12,December,cumulative_fy,7926.0,7870.0,56.0,0.7,False,False,psp_energy-2019-12.pdf
UT of J&K and Ladakh,2019,12,December,monthly,1874.0,1561.0,313.0,16.7,False,False,psp_energy-2019-12.pdf
UT of J&K and Ladakh,2019,12,December,cumulative_fy,14568.0,11723.0,2845.0,19.5,False,False,psp_energy-2019-12.pdf
Punjab,2019,12,December,monthly,3414.0,3414.0,0.0,0.0,False,False,psp_energy-2019-12.pdf
Punjab,2019,12,December,cumulative_fy,47165.0,47159.0,6.0,0.0,False,False,psp_energy-2019-12.pdf
Rajasthan,2019,12,December,monthly,6969.0,6956.0,13.0,0.2,False,False,psp_energy-2019-12.pdf
Rajasthan,2019,12,December,cumulative_fy,60979.0,60934.0,45.0,0.1,False,False,psp_energy-2019-12.pdf
Uttar Pradesh,2019,12,December,monthly,8222.0,8100.0,122.0,1.5,False,False,psp_energy-2019-12.pdf
Uttar Pradesh,2019,12,December,cumulative_fy,98270.0,97019.0,1251.0,1.3,False,False,psp_energy-2019-12.pdf
Uttarakhand,2019,12,December,monthly,1168.0,1166.0,2.0,0.2,False,False,psp_energy-2019-12.pdf
Uttarakhand,2019,12,December,cumulative_fy,11268.0,11173.0,95.0,0.8,False,False,psp_energy-2019-12.pdf
Northern Region,2019,12,December,monthly,28553.0,28095.0,458.0,1.6,True,False,psp_energy-2019-12.pdf
Northern Region,2019,12,December,cumulative_fy,312860.0,308540.0,4321.0,1.4,True,False,psp_energy-2019-12.pdf
Chhattisgarh,2019,12,December,monthly,2252.0,2252.0,0.0,0.0,False,False,psp_energy-2019-12.pdf
Chhattisgarh,2019,12,December,cumulative_fy,23005.0,23002.0,3.0,0.0,False,False,psp_energy-2019-12.pdf
Gujarat,2019,12,December,monthly,9550.0,9550.0,0.0,0.0,False,False,psp_energy-2019-12.pdf
Gujarat,2019,12,December,cumulative_fy,85972.0,85971.0,1.0,0.0,False,False,psp_energy-2019-12.pdf
Madhya Pradesh,2019,12,December,monthly,7489.0,7489.0,0.0,0.0,False,False,psp_energy-2019-12.pdf
Madhya Pradesh,2019,12,December,cumulative_fy,55144.0,55144.0,0.0,0.0,False,False,psp_energy-2019-12.pdf
Maharashtra,2019,12,December,monthly,13254.0,13254.0,0.0,0.0,False,False,psp_energy-2019-12.pdf
Maharashtra,2019,12,December,cumulative_fy,115379.0,115379.0,0.0,0.0,False,False,psp_energy-2019-12.pdf
Daman & Diu,2019,12,December,monthly,221.0,221.0,0.0,0.0,False,False,psp_energy-2019-12.pdf
Daman & Diu,2019,12,December,cumulative_fy,1961.0,1961.0,0.0,0.0,False,False,psp_energy-2019-12.pdf
Dadra & Nagar Haveli,2019,12,December,monthly,580.0,580.0,0.0,0.0,False,False,psp_energy-2019-12.pdf
Dadra & Nagar Haveli,2019,12,December,cumulative_fy,4987.0,4987.0,0.0,0.0,False,False,psp_energy-2019-12.pdf
Goa,2019,12,December,monthly,374.0,374.0,0.0,0.0,False,False,psp_energy-2019-12.pdf
Goa,2019,12,December,cumulative_fy,3244.0,3244.0,0.0,0.0,False,False,psp_energy-2019-12.pdf
Western Region,2019,12,December,monthly,33721.0,33720.0,0.0,0.0,True,False,psp_energy-2019-12.pdf
Western Region,2019,12,December,cumulative_fy,289693.0,289688.0,5.0,0.0,True,False,psp_energy-2019-12.pdf
Andhra Pradesh,2019,12,December,monthly,5088.0,5088.0,0.0,0.0,False,False,psp_energy-2019-12.pdf
Andhra Pradesh,2019,12,December,cumulative_fy,48598.0,48560.0,38.0,0.1,False,False,psp_energy-2019-12.pdf
Telangana,2019,12,December,monthly,6049.0,6049.0,0.0,0.0,False,False,psp_energy-2019-12.pdf
Telangana,2019,12,December,cumulative_fy,48285.0,48283.0,2.0,0.0,False,False,psp_energy-2019-12.pdf
Karnataka,2019,12,December,monthly,6066.0,6066.0,0.0,0.0,False,False,psp_energy-2019-12.pdf
Karnataka,2019,12,December,cumulative_fy,51345.0,51343.0,2.0,0.0,False,False,psp_energy-2019-12.pdf
Kerala,2019,12,December,monthly,2170.0,2166.0,4.0,0.2,False,False,psp_energy-2019-12.pdf
Kerala,2019,12,December,cumulative_fy,19501.0,19457.0,44.0,0.2,False,False,psp_energy-2019-12.pdf
Tamil Nadu,2019,12,December,monthly,8035.0,8035.0,0.0,0.0,False,False,psp_energy-2019-12.pdf
Tamil Nadu,2019,12,December,cumulative_fy,81768.0,81764.0,3.0,0.0,False,False,psp_energy-2019-12.pdf
Puducherry,2019,12,December,monthly,211.0,211.0,0.0,0.0,False,False,psp_energy-2019-12.pdf
Puducherry,2019,12,December,cumulative_fy,2201.0,2199.0,1.0,0.1,False,False,psp_energy-2019-12.pdf
Lakshadweep,2019,12,December,monthly,4.0,4.0,0.0,0.0,False,False,psp_energy-2019-12.pdf
Lakshadweep,2019,12,December,cumulative_fy,35.0,35.0,0.0,0.0,False,False,psp_energy-2019-12.pdf
Southern Region,2019,12,December,monthly,27619.0,27615.0,4.0,0.0,True,False,psp_energy-2019-12.pdf
Southern Region,2019,12,December,cumulative_fy,251698.0,251607.0,91.0,0.0,True,False,psp_energy-2019-12.pdf
Bihar,2019,12,December,monthly,2163.0,2154.0,9.0,0.4,False,False,psp_energy-2019-12.pdf
Bihar,2019,12,December,cumulative_fy,24860.0,24778.0,83.0,0.3,False,False,psp_energy-2019-12.pdf
DVC,2019,12,December,monthly,1872.0,1872.0,0.0,0.0,False,False,psp_energy-2019-12.pdf
DVC,2019,12,December,cumulative_fy,17029.0,17027.0,2.0,0.0,False,False,psp_energy-2019-12.pdf
Jharkhand,2019,12,December,monthly,759.0,757.0,2.0,0.3,False,False,psp_energy-2019-12.pdf
Jharkhand,2019,12,December,cumulative_fy,6736.0,6693.0,42.0,0.6,False,False,psp_energy-2019-12.pdf
Odisha,2019,12,December,monthly,2198.0,2198.0,0.0,0.0,False,False,psp_energy-2019-12.pdf
Odisha,2019,12,December,cumulative_fy,23350.0,23350.0,0.0,0.0,False,False,psp_energy-2019-12.pdf
West Bengal,2019,12,December,monthly,3391.0,3389.0,3.0,0.1,False,False,psp_energy-2019-12.pdf
West Bengal,2019,12,December,cumulative_fy,42228.0,42113.0,115.0,0.3,False,False,psp_energy-2019-12.pdf
Sikkim,2019,12,December,monthly,56.0,56.0,0.0,0.0,False,False,psp_energy-2019-12.pdf
Sikkim,2019,12,December,cumulative_fy,396.0,396.0,0.0,0.0,False,False,psp_energy-2019-12.pdf
Andaman & Nicobar,2019,12,December,monthly,29.0,27.0,2.0,7.0,False,False,psp_energy-2019-12.pdf
Andaman & Nicobar,2019,12,December,cumulative_fy,260.0,242.0,17.0,6.7,False,False,psp_energy-2019-12.pdf
Eastern Region,2019,12,December,monthly,10440.0,10426.0,14.0,0.1,True,False,psp_energy-2019-12.pdf
Eastern Region,2019,12,December,cumulative_fy,114599.0,114357.0,242.0,0.2,True,False,psp_energy-2019-12.pdf
Arunachal Pradesh,2019,12,December,monthly,62.0,62.0,0.0,0.4,False,False,psp_energy-2019-12.pdf
Arunachal Pradesh,2019,12,December,cumulative_fy,562.0,559.0,3.0,0.6,False,False,psp_energy-2019-12.pdf
Assam,2019,12,December,monthly,663.0,654.0,9.0,1.4,False,False,psp_energy-2019-12.pdf
Assam,2019,12,December,cumulative_fy,7769.0,7302.0,467.0,6.0,False,False,psp_energy-2019-12.pdf
Manipur,2019,12,December,monthly,91.0,91.0,0.0,0.5,False,False,psp_energy-2019-12.pdf
Manipur,2019,12,December,cumulative_fy,668.0,663.0,5.0,0.7,False,False,psp_energy-2019-12.pdf
Meghalaya,2019,12,December,monthly,187.0,184.0,3.0,1.7,False,False,psp_energy-2019-12.pdf
Meghalaya,2019,12,December,cumulative_fy,1546.0,1524.0,23.0,1.5,False,False,psp_energy-2019-12.pdf
Mizoram,2019,12,December,monthly,58.0,58.0,0.0,0.5,False,False,psp_energy-2019-12.pdf
Mizoram,2019,12,December,cumulative_fy,470.0,466.0,3.0,0.7,False,False,psp_energy-2019-12.pdf
Nagaland,2019,12,December,monthly,73.0,73.0,0.0,0.4,False,False,psp_energy-2019-12.pdf
Nagaland,2019,12,December,cumulative_fy,615.0,610.0,4.0,0.7,False,False,psp_energy-2019-12.pdf
Tripura,2019,12,December,monthly,103.0,103.0,0.0,0.0,False,False,psp_energy-2019-12.pdf
Tripura,2019,12,December,cumulative_fy,1226.0,1203.0,23.0,1.9,False,False,psp_energy-2019-12.pdf
North-Eastern Region,2019,12,December,monthly,1238.0,1225.0,14.0,1.1,True,False,psp_energy-2019-12.pdf
North-Eastern Region,2019,12,December,cumulative_fy,12855.0,12327.0,528.0,4.1,True,False,psp_energy-2019-12.pdf
All India,2019,12,December,monthly,101570.0,101081.0,490.0,0.5,False,True,psp_energy-2019-12.pdf
All India,2019,12,December,cumulative_fy,981705.0,976519.0,5186.0,0.5,False,True,psp_energy-2019-12.pdf
Chandigarh,2020,1,January,monthly,138.0,138.0,0.0,0.0,False,False,psp_energy-2020-01.pdf
Chandigarh,2020,1,January,cumulative_fy,1533.0,1533.0,0.0,0.0,False,False,psp_energy-2020-01.pdf
Delhi,2020,1,January,monthly,2290.0,2290.0,0.0,0.0,False,False,psp_energy-2020-01.pdf
Delhi,2020,1,January,cumulative_fy,29488.0,29480.0,9.0,0.0,False,False,psp_energy-2020-01.pdf
Haryana,2020,1,January,monthly,3863.0,3863.0,0.0,0.0,False,False,psp_energy-2020-01.pdf
Haryana,2020,1,January,cumulative_fy,47953.0,47940.0,13.0,0.0,False,False,psp_energy-2020-01.pdf
Himachal Pradesh,2020,1,January,monthly,931.0,931.0,1.0,0.1,False,False,psp_energy-2020-01.pdf
Himachal Pradesh,2020,1,January,cumulative_fy,8857.0,8801.0,56.0,0.6,False,False,psp_energy-2020-01.pdf
UT of J&K and Ladakh,2020,1,January,monthly,1934.0,1700.0,234.0,12.1,False,False,psp_energy-2020-01.pdf
UT of J&K and Ladakh,2020,1,January,cumulative_fy,16502.0,13423.0,3079.0,18.7,False,False,psp_energy-2020-01.pdf
Punjab,2020,1,January,monthly,3397.0,3397.0,0.0,0.0,False,False,psp_energy-2020-01.pdf
Punjab,2020,1,January,cumulative_fy,50561.0,50555.0,6.0,0.0,False,False,psp_energy-2020-01.pdf
Rajasthan,2020,1,January,monthly,7369.0,7367.0,3.0,0.0,False,False,psp_energy-2020-01.pdf
Rajasthan,2020,1,January,cumulative_fy,68348.0,68300.0,48.0,0.1,False,False,psp_energy-2020-01.pdf
Uttar Pradesh,2020,1,January,monthly,8831.0,8726.0,105.0,1.2,False,False,psp_energy-2020-01.pdf
Uttar Pradesh,2020,1,January,cumulative_fy,107101.0,105745.0,1356.0,1.3,False,False,psp_energy-2020-01.pdf
Uttarakhand,2020,1,January,monthly,1244.0,1243.0,1.0,0.0,False,False,psp_energy-2020-01.pdf
Uttarakhand,2020,1,January,cumulative_fy,12512.0,12417.0,96.0,0.8,False,False,psp_energy-2020-01.pdf
Northern Region,2020,1,January,monthly,29997.0,29654.0,343.0,1.1,True,False,psp_energy-2020-01.pdf
Northern Region,2020,1,January,cumulative_fy,342857.0,338193.0,4664.0,1.4,True,False,psp_energy-2020-01.pdf
Chhattisgarh,2020,1,January,monthly,2373.0,2372.0,0.0,0.0,False,False,psp_energy-2020-01.pdf
Chhattisgarh,2020,1,January,cumulative_fy,25378.0,25375.0,4.0,0.0,False,False,psp_energy-2020-01.pdf
Gujarat,2020,1,January,monthly,9440.0,9440.0,0.0,0.0,False,False,psp_energy-2020-01.pdf
Gujarat,2020,1,January,cumulative_fy,95412.0,95411.0,1.0,0.0,False,False,psp_energy-2020-01.pdf
Madhya Pradesh,2020,1,January,monthly,7423.0,7423.0,0.0,0.0,False,False,psp_energy-2020-01.pdf
Madhya Pradesh,2020,1,January,cumulative_fy,62567.0,62567.0,0.0,0.0,False,False,psp_energy-2020-01.pdf
Maharashtra,2020,1,January,monthly,13178.0,13178.0,0.0,0.0,False,False,psp_energy-2020-01.pdf
Maharashtra,2020,1,January,cumulative_fy,128557.0,128557.0,0.0,0.0,False,False,psp_energy-2020-01.pdf
Daman & Diu,2020,1,January,monthly,219.0,219.0,0.0,0.0,False,False,psp_energy-2020-01.pdf
Daman & Diu,2020,1,January,cumulative_fy,2181.0,2181.0,0.0,0.0,False,False,psp_energy-2020-01.pdf
Dadra & Nagar Haveli,2020,1,January,monthly,568.0,568.0,0.0,0.0,False,False,psp_energy-2020-01.pdf
Dadra & Nagar Haveli,2020,1,January,cumulative_fy,5554.0,5554.0,0.0,0.0,False,False,psp_energy-2020-01.pdf
Goa,2020,1,January,monthly,414.0,414.0,0.0,0.0,False,False,psp_energy-2020-01.pdf
Goa,2020,1,January,cumulative_fy,3657.0,3657.0,0.0,0.0,False,False,psp_energy-2020-01.pdf
Western Region,2020,1,January,monthly,33615.0,33614.0,0.0,0.0,True,False,psp_energy-2020-01.pdf
Western Region,2020,1,January,cumulative_fy,323307.0,323302.0,5.0,0.0,True,False,psp_energy-2020-01.pdf
Andhra Pradesh,2020,1,January,monthly,5364.0,5364.0,0.0,0.0,False,False,psp_energy-2020-01.pdf
Andhra Pradesh,2020,1,January,cumulative_fy,53962.0,53924.0,38.0,0.1,False,False,psp_energy-2020-01.pdf
Telangana,2020,1,January,monthly,6347.0,6347.0,0.0,0.0,False,False,psp_energy-2020-01.pdf
Telangana,2020,1,January,cumulative_fy,54632.0,54630.0,2.0,0.0,False,False,psp_energy-2020-01.pdf
Karnataka,2020,1,January,monthly,7014.0,7014.0,0.0,0.0,False,False,psp_energy-2020-01.pdf
Karnataka,2020,1,January,cumulative_fy,58359.0,58356.0,2.0,0.0,False,False,psp_energy-2020-01.pdf
Kerala,2020,1,January,monthly,2242.0,2239.0,3.0,0.1,False,False,psp_energy-2020-01.pdf
Kerala,2020,1,January,cumulative_fy,21744.0,21697.0,47.0,0.2,False,False,psp_energy-2020-01.pdf
Tamil Nadu,2020,1,January,monthly,8709.0,8708.0,0.0,0.0,False,False,psp_energy-2020-01.pdf
Tamil Nadu,2020,1,January,cumulative_fy,90476.0,90473.0,4.0,0.0,False,False,psp_energy-2020-01.pdf
Puducherry,2020,1,January,monthly,212.0,212.0,0.0,0.0,False,False,psp_energy-2020-01.pdf
Puducherry,2020,1,January,cumulative_fy,2412.0,2411.0,1.0,0.1,False,False,psp_energy-2020-01.pdf
Lakshadweep,2020,1,January,monthly,4.0,4.0,0.0,0.0,False,False,psp_energy-2020-01.pdf
Lakshadweep,2020,1,January,cumulative_fy,39.0,39.0,0.0,0.0,False,False,psp_energy-2020-01.pdf
Southern Region,2020,1,January,monthly,29887.0,29883.0,4.0,0.0,True,False,psp_energy-2020-01.pdf
Southern Region,2020,1,January,cumulative_fy,281585.0,281491.0,94.0,0.0,True,False,psp_energy-2020-01.pdf
Bihar,2020,1,January,monthly,2450.0,2448.0,3.0,0.1,False,False,psp_energy-2020-01.pdf
Bihar,2020,1,January,cumulative_fy,27311.0,27226.0,85.0,0.3,False,False,psp_energy-2020-01.pdf
DVC,2020,1,January,monthly,1933.0,1933.0,0.0,0.0,False,False,psp_energy-2020-01.pdf
DVC,2020,1,January,cumulative_fy,18962.0,18960.0,2.0,0.0,False,False,psp_energy-2020-01.pdf
Jharkhand,2020,1,January,monthly,784.0,778.0,6.0,0.8,False,False,psp_energy-2020-01.pdf
Jharkhand,2020,1,January,cumulative_fy,7519.0,7471.0,49.0,0.6,False,False,psp_energy-2020-01.pdf
Odisha,2020,1,January,monthly,2042.0,2042.0,0.0,0.0,False,False,psp_energy-2020-01.pdf
Odisha,2020,1,January,cumulative_fy,25392.0,25392.0,0.0,0.0,False,False,psp_energy-2020-01.pdf
West Bengal,2020,1,January,monthly,3485.0,3482.0,3.0,0.1,False,False,psp_energy-2020-01.pdf
West Bengal,2020,1,January,cumulative_fy,45713.0,45595.0,118.0,0.3,False,False,psp_energy-2020-01.pdf
Sikkim,2020,1,January,monthly,57.0,57.0,0.0,0.0,False,False,psp_energy-2020-01.pdf
Sikkim,2020,1,January,cumulative_fy,453.0,453.0,0.0,0.0,False,False,psp_energy-2020-01.pdf
Andaman & Nicobar,2020,1,January,monthly,29.0,27.0,2.0,7.0,False,False,psp_energy-2020-01.pdf
Andaman & Nicobar,2020,1,January,cumulative_fy,288.0,269.0,19.0,6.7,False,False,psp_energy-2020-01.pdf
Eastern Region,2020,1,January,monthly,10752.0,10740.0,12.0,0.1,True,False,psp_energy-2020-01.pdf
Eastern Region,2020,1,January,cumulative_fy,125351.0,125097.0,254.0,0.2,True,False,psp_energy-2020-01.pdf
Arunachal Pradesh,2020,1,January,monthly,69.0,69.0,0.0,0.4,False,False,psp_energy-2020-01.pdf
Arunachal Pradesh,2020,1,January,cumulative_fy,631.0,627.0,4.0,0.6,False,False,psp_energy-2020-01.pdf
Assam,2020,1,January,monthly,684.0,669.0,15.0,2.2,False,False,psp_energy-2020-01.pdf
Assam,2020,1,January,cumulative_fy,8453.0,7972.0,481.0,5.7,False,False,psp_energy-2020-01.pdf
Manipur,2020,1,January,monthly,95.0,95.0,0.0,0.4,False,False,psp_energy-2020-01.pdf
Manipur,2020,1,January,cumulative_fy,763.0,758.0,5.0,0.7,False,False,psp_energy-2020-01.pdf
Meghalaya,2020,1,January,monthly,213.0,198.0,15.0,7.0,False,False,psp_energy-2020-01.pdf
Meghalaya,2020,1,January,cumulative_fy,1759.0,1722.0,37.0,2.1,False,False,psp_energy-2020-01.pdf
Mizoram,2020,1,January,monthly,61.0,60.0,0.0,0.5,False,False,psp_energy-2020-01.pdf
Mizoram,2020,1,January,cumulative_fy,530.0,527.0,4.0,0.7,False,False,psp_energy-2020-01.pdf
Nagaland,2020,1,January,monthly,72.0,71.0,0.0,0.5,False,False,psp_energy-2020-01.pdf
Nagaland,2020,1,January,cumulative_fy,686.0,682.0,5.0,0.7,False,False,psp_energy-2020-01.pdf
Tripura,2020,1,January,monthly,104.0,104.0,0.0,0.0,False,False,psp_energy-2020-01.pdf
Tripura,2020,1,January,cumulative_fy,1330.0,1307.0,23.0,1.7,False,False,psp_energy-2020-01.pdf
North-Eastern Region,2020,1,January,monthly,1298.0,1267.0,31.0,2.4,True,False,psp_energy-2020-01.pdf
North-Eastern Region,2020,1,January,cumulative_fy,14153.0,13594.0,559.0,4.0,True,False,psp_energy-2020-01.pdf
All India,2020,1,January,monthly,105548.0,105158.0,390.0,0.4,False,True,psp_energy-2020-01.pdf
All India,2020,1,January,cumulative_fy,1087253.0,1081677.0,5576.0,0.5,False,True,psp_energy-2020-01.pdf
Chandigarh,2020,2,February,monthly,109.0,109.0,0.0,0.0,False,False,psp_energy-2020-02.pdf
Chandigarh,2020,2,February,cumulative_fy,1642.0,1642.0,0.0,0.0,False,False,psp_energy-2020-02.pdf
Delhi,2020,2,February,monthly,1905.0,1905.0,0.0,0.0,False,False,psp_energy-2020-02.pdf
Delhi,2020,2,February,cumulative_fy,31393.0,31384.0,9.0,0.0,False,False,psp_energy-2020-02.pdf
Haryana,2020,2,February,monthly,3689.0,3689.0,0.0,0.0,False,False,psp_energy-2020-02.pdf
Haryana,2020,2,February,cumulative_fy,51643.0,51629.0,13.0,0.0,False,False,psp_energy-2020-02.pdf
Himachal Pradesh,2020,2,February,monthly,836.0,821.0,15.0,1.8,False,False,psp_energy-2020-02.pdf
Himachal Pradesh,2020,2,February,cumulative_fy,9693.0,9622.0,71.0,0.7,False,False,psp_energy-2020-02.pdf
UT of J&K and Ladakh,2020,2,February,monthly,1816.0,1434.0,382.0,21.0,False,False,psp_energy-2020-02.pdf
UT of J&K and Ladakh,2020,2,February,cumulative_fy,18318.0,14857.0,3461.0,18.9,False,False,psp_energy-2020-02.pdf
Punjab,2020,2,February,monthly,3489.0,3489.0,0.0,0.0,False,False,psp_energy-2020-02.pdf
Punjab,2020,2,February,cumulative_fy,54050.0,54044.0,6.0,0.0,False,False,psp_energy-2020-02.pdf
Rajasthan,2020,2,February,monthly,7137.0,7130.0,7.0,0.1,False,False,psp_energy-2020-02.pdf
Rajasthan,2020,2,February,cumulative_fy,75485.0,75430.0,55.0,0.1,False,False,psp_energy-2020-02.pdf
Uttar Pradesh,2020,2,February,monthly,8152.0,8046.0,106.0,1.3,False,False,psp_energy-2020-02.pdf
Uttar Pradesh,2020,2,February,cumulative_fy,115253.0,113791.0,1462.0,1.3,False,False,psp_energy-2020-02.pdf
Uttarakhand,2020,2,February,monthly,1091.0,1091.0,0.0,0.0,False,False,psp_energy-2020-02.pdf
Uttarakhand,2020,2,February,cumulative_fy,13603.0,13508.0,96.0,0.7,False,False,psp_energy-2020-02.pdf
Northern Region,2020,2,February,monthly,28224.0,27714.0,510.0,1.8,True,False,psp_energy-2020-02.pdf
Northern Region,2020,2,February,cumulative_fy,371081.0,365907.0,5174.0,1.4,True,False,psp_energy-2020-02.pdf
Chhattisgarh,2020,2,February,monthly,2296.0,2296.0,0.0,0.0,False,False,psp_energy-2020-02.pdf
Chhattisgarh,2020,2,February,cumulative_fy,27674.0,27671.0,4.0,0.0,False,False,psp_energy-2020-02.pdf
Gujarat,2020,2,February,monthly,,,0.0,0.0,False,False,psp_energy-2020-02.pdf
Gujarat,2020,2,February,cumulative_fy,,,1.0,0.0,False,False,psp_energy-2020-02.pdf
Madhya Pradesh,2020,2,February,monthly,,,0.0,0.0,False,False,psp_energy-2020-02.pdf
Madhya Pradesh,2020,2,February,cumulative_fy,,,0.0,0.0,False,False,psp_energy-2020-02.pdf
Maharashtra,2020,2,February,monthly,,,0.0,0.0,False,False,psp_energy-2020-02.pdf
Maharashtra,2020,2,February,cumulative_fy,,,0.0,0.0,False,False,psp_energy-2020-02.pdf
Daman & Diu,2020,2,February,monthly,,,0.0,0.0,False,False,psp_energy-2020-02.pdf
Daman & Diu,2020,2,February,cumulative_fy,,,0.0,0.0,False,False,psp_energy-2020-02.pdf
Dadra & Nagar Haveli,2020,2,February,monthly,,,0.0,0.0,False,False,psp_energy-2020-02.pdf
Dadra & Nagar Haveli,2020,2,February,cumulative_fy,,,0.0,0.0,False,False,psp_energy-2020-02.pdf
Goa,2020,2,February,monthly,,,0.0,0.0,False,False,psp_energy-2020-02.pdf
Goa,2020,2,February,cumulative_fy,,,0.0,0.0,False,False,psp_energy-2020-02.pdf
Western Region,2020,2,February,monthly,,,0.0,0.0,True,False,psp_energy-2020-02.pdf
Western Region,2020,2,February,cumulative_fy,,,5.0,0.0,True,False,psp_energy-2020-02.pdf
Andhra Pradesh,2020,2,February,monthly,5699.0,5698.0,0.0,0.0,False,False,psp_energy-2020-02.pdf
Andhra Pradesh,2020,2,February,cumulative_fy,59661.0,59623.0,38.0,9.6,False,False,psp_energy-2020-02.pdf
Telangana,2020,2,February,monthly,6646.0,6646.0,0.0,0.0,False,False,psp_energy-2020-02.pdf
Telangana,2020,2,February,cumulative_fy,61278.0,61275.0,3.0,0.0,False,False,psp_energy-2020-02.pdf
Karnataka,2020,2,February,monthly,7024.0,7024.0,0.0,0.0,False,False,psp_energy-2020-02.pdf
Karnataka,2020,2,February,cumulative_fy,65383.0,65380.0,3.0,10.7,False,False,psp_energy-2020-02.pdf
Kerala,2020,2,February,monthly,2193.0,2191.0,2.0,0.1,False,False,psp_energy-2020-02.pdf
Kerala,2020,2,February,cumulative_fy,23937.0,23888.0,49.0,9.4,False,False,psp_energy-2020-02.pdf
Tamil Nadu,2020,2,February,monthly,8891.0,8890.0,1.0,0.0,False,False,psp_energy-2020-02.pdf
Tamil Nadu,2020,2,February,cumulative_fy,99367.0,99363.0,4.0,9.0,False,False,psp_energy-2020-02.pdf
Puducherry,2020,2,February,monthly,218.0,218.0,0.0,0.0,False,False,psp_energy-2020-02.pdf
Puducherry,2020,2,February,cumulative_fy,2630.0,2629.0,1.0,8.3,False,False,psp_energy-2020-02.pdf
Lakshadweep,2020,2,February,monthly,4.0,4.0,0.0,0.0,False,False,psp_energy-2020-02.pdf
Lakshadweep,2020,2,February,cumulative_fy,43.0,43.0,0.0,0.0,False,False,psp_energy-2020-02.pdf
Southern Region,2020,2,February,monthly,30671.0,30667.0,4.0,0.0,True,False,psp_energy-2020-02.pdf
Southern Region,2020,2,February,cumulative_fy,312256.0,312158.0,98.0,0.0,True,False,psp_energy-2020-02.pdf
Bihar,2020,2,February,monthly,2153.0,2146.0,7.0,0.3,False,False,psp_energy-2020-02.pdf
Bihar,2020,2,February,cumulative_fy,29464.0,29372.0,93.0,0.3,False,False,psp_energy-2020-02.pdf
DVC,2020,2,February,monthly,1884.0,1884.0,0.0,0.0,False,False,psp_energy-2020-02.pdf
DVC,2020,2,February,cumulative_fy,20846.0,20844.0,2.0,0.0,False,False,psp_energy-2020-02.pdf
Jharkhand,2020,2,February,monthly,719.0,703.0,16.0,2.2,False,False,psp_energy-2020-02.pdf
Jharkhand,2020,2,February,cumulative_fy,8238.0,8174.0,65.0,0.8,False,False,psp_energy-2020-02.pdf
Odisha,2020,2,February,monthly,2085.0,2085.0,0.0,0.0,False,False,psp_energy-2020-02.pdf
Odisha,2020,2,February,cumulative_fy,27476.0,27476.0,0.0,0.0,False,False,psp_energy-2020-02.pdf
West Bengal,2020,2,February,monthly,3516.0,3514.0,2.0,0.1,False,False,psp_energy-2020-02.pdf
West Bengal,2020,2,February,cumulative_fy,49229.0,49109.0,120.0,0.2,False,False,psp_energy-2020-02.pdf
Sikkim,2020,2,February,monthly,52.0,52.0,0.0,0.0,False,False,psp_energy-2020-02.pdf
Sikkim,2020,2,February,cumulative_fy,505.0,505.0,0.0,0.0,False,False,psp_energy-2020-02.pdf
Andaman & Nicobar,2020,2,February,monthly,29.0,27.0,2.0,7.0,False,False,psp_energy-2020-02.pdf
Andaman & Nicobar,2020,2,February,cumulative_fy,317.0,296.0,21.0,6.7,False,False,psp_energy-2020-02.pdf
Eastern Region,2020,2,February,monthly,10408.0,10383.0,26.0,0.2,True,False,psp_energy-2020-02.pdf
Eastern Region,2020,2,February,cumulative_fy,135759.0,135479.0,280.0,0.2,True,False,psp_energy-2020-02.pdf
Arunachal Pradesh,2020,2,February,monthly,62.0,62.0,0.0,0.4,False,False,psp_energy-2020-02.pdf
Arunachal Pradesh,2020,2,February,cumulative_fy,693.0,689.0,4.0,0.6,False,False,psp_energy-2020-02.pdf
Assam,2020,2,February,monthly,661.0,648.0,13.0,2.0,False,False,psp_energy-2020-02.pdf
Assam,2020,2,February,cumulative_fy,9114.0,8620.0,494.0,5.4,False,False,psp_energy-2020-02.pdf
Manipur,2020,2,February,monthly,84.0,84.0,0.0,0.6,False,False,psp_energy-2020-02.pdf
Manipur,2020,2,February,cumulative_fy,848.0,842.0,6.0,0.7,False,False,psp_energy-2020-02.pdf
Meghalaya,2020,2,February,monthly,188.0,182.0,7.0,3.5,False,False,psp_energy-2020-02.pdf
Meghalaya,2020,2,February,cumulative_fy,1948.0,1904.0,44.0,2.3,False,False,psp_energy-2020-02.pdf
Mizoram,2020,2,February,monthly,57.0,57.0,0.0,0.5,False,False,psp_energy-2020-02.pdf
Mizoram,2020,2,February,cumulative_fy,588.0,584.0,4.0,0.7,False,False,psp_energy-2020-02.pdf
Nagaland,2020,2,February,monthly,64.0,63.0,0.0,0.8,False,False,psp_energy-2020-02.pdf
Nagaland,2020,2,February,cumulative_fy,750.0,745.0,5.0,0.7,False,False,psp_energy-2020-02.pdf
Tripura,2020,2,February,monthly,98.0,98.0,0.0,0.0,False,False,psp_energy-2020-02.pdf
Tripura,2020,2,February,cumulative_fy,1428.0,1404.0,23.0,1.6,False,False,psp_energy-2020-02.pdf
North-Eastern Region,2020,2,February,monthly,1214.0,1193.0,21.0,1.7,True,False,psp_energy-2020-02.pdf
North-Eastern Region,2020,2,February,cumulative_fy,15367.0,14787.0,580.0,3.8,True,False,psp_energy-2020-02.pdf
All India,2020,2,February,monthly,104375.0,103815.0,560.0,0.5,False,True,psp_energy-2020-02.pdf
All India,2020,2,February,cumulative_fy,1191628.0,1185491.0,6137.0,0.5,False,True,psp_energy-2020-02.pdf
Chandigarh,2020,3,March,monthly,90.0,90.0,0.0,0.0,False,False,psp_energy-2020-03.pdf
Chandigarh,2020,3,March,cumulative_fy,1732.0,1732.0,0.0,0.0,False,False,psp_energy-2020-03.pdf
Delhi,2020,3,March,monthly,1693.0,1693.0,0.0,0.0,False,False,psp_energy-2020-03.pdf
Delhi,2020,3,March,cumulative_fy,33086.0,33077.0,9.0,0.0,False,False,psp_energy-2020-03.pdf
Haryana,2020,3,March,monthly,2862.0,2862.0,0.0,0.0,False,False,psp_energy-2020-03.pdf
Haryana,2020,3,March,cumulative_fy,54505.0,54492.0,13.0,0.0,False,False,psp_energy-2020-03.pdf
Himachal Pradesh,2020,3,March,monthly,731.0,731.0,0.0,0.0,False,False,psp_energy-2020-03.pdf
Himachal Pradesh,2020,3,March,cumulative_fy,10424.0,10353.0,71.0,0.7,False,False,psp_energy-2020-03.pdf
UT of J&K and Ladakh,2020,3,March,monthly,1707.0,1402.0,305.0,17.9,False,False,psp_energy-2020-03.pdf
UT of J&K and Ladakh,2020,3,March,cumulative_fy,20025.0,16259.0,3767.0,18.8,False,False,psp_energy-2020-03.pdf
Punjab,2020,3,March,monthly,2726.0,2726.0,0.0,0.0,False,False,psp_energy-2020-03.pdf
Punjab,2020,3,March,cumulative_fy,56776.0,56770.0,6.0,0.0,False,False,psp_energy-2020-03.pdf
Rajasthan,2020,3,March,monthly,5796.0,5792.0,4.0,0.1,False,False,psp_energy-2020-03.pdf
Rajasthan,2020,3,March,cumulative_fy,81281.0,81222.0,58.0,0.1,False,False,psp_energy-2020-03.pdf
Uttar Pradesh,2020,3,March,monthly,7296.0,7213.0,83.0,1.1,False,False,psp_energy-2020-03.pdf
Uttar Pradesh,2020,3,March,cumulative_fy,122549.0,121004.0,1545.0,1.3,False,False,psp_energy-2020-03.pdf
Uttarakhand,2020,3,March,monthly,869.0,869.0,0.0,0.0,False,False,psp_energy-2020-03.pdf
Uttarakhand,2020,3,March,cumulative_fy,14472.0,14376.0,96.0,0.7,False,False,psp_energy-2020-03.pdf
Northern Region,2020,3,March,monthly,23770.0,23378.0,392.0,1.6,True,False,psp_energy-2020-03.pdf
Northern Region,2020,3,March,cumulative_fy,394851.0,389285.0,5566.0,1.4,True,False,psp_energy-2020-03.pdf
Chhattisgarh,2020,3,March,monthly,2437.0,2437.0,0.0,0.0,False,False,psp_energy-2020-03.pdf
Chhattisgarh,2020,3,March,cumulative_fy,30111.0,30107.0,4.0,0.0,False,False,psp_energy-2020-03.pdf
Gujarat,2020,3,March,monthly,9008.0,9008.0,0.0,0.0,False,False,psp_energy-2020-03.pdf
Gujarat,2020,3,March,cumulative_fy,113940.0,113939.0,1.0,0.0,False,False,psp_energy-2020-03.pdf
Madhya Pradesh,2020,3,March,monthly,6018.0,6018.0,0.0,0.0,False,False,psp_energy-2020-03.pdf
Madhya Pradesh,2020,3,March,cumulative_fy,76172.0,76172.0,0.0,0.0,False,False,psp_energy-2020-03.pdf
Maharashtra,2020,3,March,monthly,13259.0,13259.0,0.0,0.0,False,False,psp_energy-2020-03.pdf
Maharashtra,2020,3,March,cumulative_fy,155167.0,155166.0,0.0,0.0,False,False,psp_energy-2020-03.pdf
Daman & Diu,2020,3,March,monthly,176.0,176.0,0.0,0.0,False,False,psp_energy-2020-03.pdf
Daman & Diu,2020,3,March,cumulative_fy,2574.0,2574.0,0.0,0.0,False,False,psp_energy-2020-03.pdf
Dadra & Nagar Haveli,2020,3,March,monthly,439.0,439.0,0.0,0.0,False,False,psp_energy-2020-03.pdf
Dadra & Nagar Haveli,2020,3,March,cumulative_fy,6528.0,6528.0,0.0,0.0,False,False,psp_energy-2020-03.pdf
Goa,2020,3,March,monthly,339.0,339.0,0.0,0.0,False,False,psp_energy-2020-03.pdf
Goa,2020,3,March,cumulative_fy,4350.0,4350.0,0.0,0.0,False,False,psp_energy-2020-03.pdf
Western Region,2020,3,March,monthly,31676.0,31676.0,0.0,0.0,True,False,psp_energy-2020-03.pdf
Western Region,2020,3,March,cumulative_fy,388841.0,388836.0,5.0,0.0,True,False,psp_energy-2020-03.pdf
Andhra Pradesh,2020,3,March,monthly,5791.0,5791.0,0.0,0.0,False,False,psp_energy-2020-03.pdf
Andhra Pradesh,2020,3,March,cumulative_fy,65452.0,65414.0,38.0,0.1,False,False,psp_energy-2020-03.pdf
Telangana,2020,3,March,monthly,7028.0,7028.0,0.0,0.0,False,False,psp_energy-2020-03.pdf
Telangana,2020,3,March,cumulative_fy,68306.0,68303.0,3.0,0.0,False,False,psp_energy-2020-03.pdf
Karnataka,2020,3,March,monthly,7416.0,7416.0,0.0,0.0,False,False,psp_energy-2020-03.pdf
Karnataka,2020,3,March,cumulative_fy,72799.0,72796.0,3.0,0.0,False,False,psp_energy-2020-03.pdf
Kerala,2020,3,March,monthly,2379.0,2378.0,1.0,0.0,False,False,psp_energy-2020-03.pdf
Kerala,2020,3,March,cumulative_fy,26315.0,26265.0,50.0,0.2,False,False,psp_energy-2020-03.pdf
Tamil Nadu,2020,3,March,monthly,9449.0,9449.0,0.0,0.0,False,False,psp_energy-2020-03.pdf
Tamil Nadu,2020,3,March,cumulative_fy,108816.0,108812.0,4.0,0.0,False,False,psp_energy-2020-03.pdf
Puducherry,2020,3,March,monthly,217.0,217.0,0.0,0.0,False,False,psp_energy-2020-03.pdf
Puducherry,2020,3,March,cumulative_fy,2847.0,2846.0,1.0,0.0,False,False,psp_energy-2020-03.pdf
Lakshadweep,2020,3,March,monthly,4.0,4.0,0.0,0.0,False,False,psp_energy-2020-03.pdf
Lakshadweep,2020,3,March,cumulative_fy,46.0,46.0,0.0,0.0,False,False,psp_energy-2020-03.pdf
Southern Region,2020,3,March,monthly,32279.0,32278.0,1.0,0.0,True,False,psp_energy-2020-03.pdf
Southern Region,2020,3,March,cumulative_fy,344535.0,344436.0,99.0,0.0,True,False,psp_energy-2020-03.pdf
Bihar,2020,3,March,monthly,2163.0,2162.0,1.0,0.1,False,False,psp_energy-2020-03.pdf
Bihar,2020,3,March,cumulative_fy,31627.0,31533.0,94.0,0.3,False,False,psp_energy-2020-03.pdf
DVC,2020,3,March,monthly,1583.0,1583.0,0.0,0.0,False,False,psp_energy-2020-03.pdf
DVC,2020,3,March,cumulative_fy,22429.0,22427.0,2.0,0.0,False,False,psp_energy-2020-03.pdf
Jharkhand,2020,3,March,monthly,702.0,698.0,4.0,0.6,False,False,psp_energy-2020-03.pdf
Jharkhand,2020,3,March,cumulative_fy,8941.0,8872.0,69.0,0.8,False,False,psp_energy-2020-03.pdf
Odisha,2020,3,March,monthly,2216.0,2216.0,0.0,0.0,False,False,psp_energy-2020-03.pdf
Odisha,2020,3,March,cumulative_fy,29692.0,29692.0,0.0,0.0,False,False,psp_energy-2020-03.pdf
West Bengal,2020,3,March,monthly,3719.0,3715.0,4.0,0.1,False,False,psp_energy-2020-03.pdf
West Bengal,2020,3,March,cumulative_fy,52948.0,52824.0,124.0,0.2,False,False,psp_energy-2020-03.pdf
Sikkim,2020,3,March,monthly,49.0,49.0,0.0,0.0,False,False,psp_energy-2020-03.pdf
Sikkim,2020,3,March,cumulative_fy,554.0,554.0,0.0,0.0,False,False,psp_energy-2020-03.pdf
Andaman & Nicobar,2020,3,March,monthly,29.0,27.0,2.0,7.0,False,False,psp_energy-2020-03.pdf
Andaman & Nicobar,2020,3,March,cumulative_fy,346.0,323.0,23.0,6.7,False,False,psp_energy-2020-03.pdf
Eastern Region,2020,3,March,monthly,10433.0,10423.0,9.0,0.1,True,False,psp_energy-2020-03.pdf
Eastern Region,2020,3,March,cumulative_fy,146191.0,145902.0,289.0,0.2,True,False,psp_energy-2020-03.pdf
Arunachal Pradesh,2020,3,March,monthly,60.0,59.0,0.0,0.5,False,False,psp_energy-2020-03.pdf
Arunachal Pradesh,2020,3,March,cumulative_fy,753.0,749.0,4.0,0.5,False,False,psp_energy-2020-03.pdf
Assam,2020,3,March,monthly,690.0,668.0,21.0,3.1,False,False,psp_energy-2020-03.pdf
Assam,2020,3,March,cumulative_fy,9804.0,9288.0,516.0,5.3,False,False,psp_energy-2020-03.pdf
Manipur,2020,3,March,monthly,76.0,75.0,1.0,0.7,False,False,psp_energy-2020-03.pdf
Manipur,2020,3,March,cumulative_fy,924.0,917.0,6.0,0.7,False,False,psp_energy-2020-03.pdf
Meghalaya,2020,3,March,monthly,164.0,160.0,4.0,2.6,False,False,psp_energy-2020-03.pdf
Meghalaya,2020,3,March,cumulative_fy,2112.0,2064.0,48.0,2.3,False,False,psp_energy-2020-03.pdf
Mizoram,2020,3,March,monthly,59.0,59.0,0.0,0.4,False,False,psp_energy-2020-03.pdf
Mizoram,2020,3,March,cumulative_fy,647.0,643.0,4.0,0.7,False,False,psp_energy-2020-03.pdf
Nagaland,2020,3,March,monthly,64.0,64.0,0.0,0.5,False,False,psp_energy-2020-03.pdf
Nagaland,2020,3,March,cumulative_fy,814.0,809.0,5.0,0.7,False,False,psp_energy-2020-03.pdf
Tripura,2020,3,March,monthly,110.0,110.0,0.0,0.0,False,False,psp_energy-2020-03.pdf
Tripura,2020,3,March,cumulative_fy,1538.0,1515.0,23.0,1.5,False,False,psp_energy-2020-03.pdf
North-Eastern Region,2020,3,March,monthly,1224.0,1197.0,27.0,2.2,True,False,psp_energy-2020-03.pdf
North-Eastern Region,2020,3,March,cumulative_fy,16591.0,15984.0,607.0,3.7,True,False,psp_energy-2020-03.pdf
All India,2020,3,March,monthly,99382.0,98952.0,430.0,0.4,False,True,psp_energy-2020-03.pdf
All India,2020,3,March,cumulative_fy,1291010.0,1284444.0,6566.0,0.5,False,True,psp_energy-2020-03.pdf
Chandigarh,2020,4,April,monthly,76.0,76.0,0.0,0.0,False,False,psp_energy-2020-04.pdf
Delhi,2020,4,April,monthly,1671.0,1670.0,0.0,0.0,False,False,psp_energy-2020-04.pdf
Haryana,2020,4,April,monthly,2513.0,2513.0,0.0,0.0,False,False,psp_energy-2020-04.pdf
Himachal Pradesh,2020,4,April,monthly,439.0,437.0,3.0,0.6,False,False,psp_energy-2020-04.pdf
UT of J&K and Ladakh,2020,4,April,monthly,1568.0,1272.0,296.0,18.9,False,False,psp_energy-2020-04.pdf
Punjab,2020,4,April,monthly,2287.0,2287.0,0.0,0.0,False,False,psp_energy-2020-04.pdf
Rajasthan,2020,4,April,monthly,4867.0,4865.0,1.0,0.0,False,False,psp_energy-2020-04.pdf
Uttar Pradesh,2020,4,April,monthly,8196.0,8119.0,77.0,0.9,False,False,psp_energy-2020-04.pdf
Uttarakhand,2020,4,April,monthly,674.0,674.0,0.0,0.0,False,False,psp_energy-2020-04.pdf
Northern Region,2020,4,April,monthly,22290.0,21913.0,377.0,1.7,True,False,psp_energy-2020-04.pdf
Chhattisgarh,2020,4,April,monthly,2136.0,2136.0,0.0,0.0,False,False,psp_energy-2020-04.pdf
Gujarat,2020,4,April,monthly,7496.0,7496.0,0.0,0.0,False,False,psp_energy-2020-04.pdf
Madhya Pradesh,2020,4,April,monthly,5360.0,5360.0,0.0,0.0,False,False,psp_energy-2020-04.pdf
Maharashtra,2020,4,April,monthly,11442.0,11442.0,0.0,0.0,False,False,psp_energy-2020-04.pdf
Daman & Diu,2020,4,April,monthly,70.0,70.0,0.0,0.0,False,False,psp_energy-2020-04.pdf
DNH,2020,4,April,monthly,86.0,86.0,0.0,0.0,False,False,psp_energy-2020-04.pdf
Goa,2020,4,April,monthly,282.0,282.0,0.0,0.0,False,False,psp_energy-2020-04.pdf
Western Region,2020,4,April,monthly,26872.0,26872.0,0.0,0.0,True,False,psp_energy-2020-04.pdf
Andhra Pradesh,2020,4,April,monthly,4788.0,4788.0,0.0,0.0,False,False,psp_energy-2020-04.pdf
Telangana,2020,4,April,monthly,4781.0,4781.0,0.0,0.0,False,False,psp_energy-2020-04.pdf
Karnataka,2020,4,April,monthly,6168.0,6168.0,0.0,0.0,False,False,psp_energy-2020-04.pdf
Kerala,2020,4,April,monthly,2047.0,2045.0,1.0,0.1,False,False,psp_energy-2020-04.pdf
Tamil Nadu,2020,4,April,monthly,7233.0,7233.0,0.0,0.0,False,False,psp_energy-2020-04.pdf
Puducherry,2020,4,April,monthly,152.0,152.0,0.0,0.0,False,False,psp_energy-2020-04.pdf
Lakshadweep,2020,4,April,monthly,5.0,5.0,0.0,0.0,False,False,psp_energy-2020-04.pdf
Southern Region,2020,4,April,monthly,25169.0,25168.0,1.0,0.0,True,False,psp_energy-2020-04.pdf
Bihar,2020,4,April,monthly,2317.0,2316.0,0.0,0.0,False,False,psp_energy-2020-04.pdf
DVC,2020,4,April,monthly,857.0,857.0,0.0,0.0,False,False,psp_energy-2020-04.pdf
Jharkhand,2020,4,April,monthly,696.0,675.0,21.0,3.0,False,False,psp_energy-2020-04.pdf
Odisha,2020,4,April,monthly,2081.0,2081.0,0.0,0.0,False,False,psp_energy-2020-04.pdf
West Bengal,2020,4,April,monthly,3662.0,3650.0,12.0,0.3,False,False,psp_energy-2020-04.pdf
Sikkim,2020,4,April,monthly,42.0,42.0,0.0,0.0,False,False,psp_energy-2020-04.pdf
Andaman & Nicobar,2020,4,April,monthly,29.0,27.0,2.0,6.7,False,False,psp_energy-2020-04.pdf
Eastern Region,2020,4,April,monthly,9654.0,9621.0,33.0,0.3,True,False,psp_energy-2020-04.pdf
Arunachal Pradesh,2020,4,April,monthly,36.0,34.0,1.0,3.7,False,False,psp_energy-2020-04.pdf
Assam,2020,4,April,monthly,616.0,558.0,58.0,9.4,False,False,psp_energy-2020-04.pdf
Manipur,2020,4,April,monthly,65.0,64.0,1.0,2.0,False,False,psp_energy-2020-04.pdf
Meghalaya,2020,4,April,monthly,115.0,111.0,4.0,3.5,False,False,psp_energy-2020-04.pdf
Mizoram,2020,4,April,monthly,50.0,49.0,1.0,2.1,False,False,psp_energy-2020-04.pdf
Nagaland,2020,4,April,monthly,58.0,57.0,1.0,1.5,False,False,psp_energy-2020-04.pdf
Tripura,2020,4,April,monthly,104.0,102.0,2.0,1.5,False,False,psp_energy-2020-04.pdf
North-Eastern Region,2020,4,April,monthly,1045.0,976.0,68.0,6.5,True,False,psp_energy-2020-04.pdf
All India,2020,4,April,monthly,85030.0,84550.0,480.0,0.6,False,True,psp_energy-2020-04.pdf
Chandigarh,2020,5,May,monthly,115.0,115.0,0.0,0.0,False,False,psp_energy-2020-05.pdf
Chandigarh,2020,5,May,cumulative_fy,191.0,191.0,0.0,0.0,False,False,psp_energy-2020-05.pdf
Delhi,2020,5,May,monthly,2523.0,2523.0,0.0,0.0,False,False,psp_energy-2020-05.pdf
Delhi,2020,5,May,cumulative_fy,4193.0,4193.0,0.0,0.0,False,False,psp_energy-2020-05.pdf
Haryana,2020,5,May,monthly,3899.0,3899.0,0.0,0.0,False,False,psp_energy-2020-05.pdf
Haryana,2020,5,May,cumulative_fy,6412.0,6412.0,0.0,0.0,False,False,psp_energy-2020-05.pdf
Himachal Pradesh,2020,5,May,monthly,682.0,682.0,0.0,0.0,False,False,psp_energy-2020-05.pdf
Himachal Pradesh,2020,5,May,cumulative_fy,1121.0,1118.0,3.0,0.2,False,False,psp_energy-2020-05.pdf
UT of J&K and Ladakh,2020,5,May,monthly,1620.0,1309.0,311.0,19.2,False,False,psp_energy-2020-05.pdf
UT of J&K and Ladakh,2020,5,May,cumulative_fy,3189.0,2581.0,607.0,19.0,False,False,psp_energy-2020-05.pdf
Punjab,2020,5,May,monthly,4032.0,4032.0,0.0,0.0,False,False,psp_energy-2020-05.pdf
Punjab,2020,5,May,cumulative_fy,6319.0,6319.0,0.0,0.0,False,False,psp_energy-2020-05.pdf
Rajasthan,2020,5,May,monthly,6709.0,6704.0,4.0,0.1,False,False,psp_energy-2020-05.pdf
Rajasthan,2020,5,May,cumulative_fy,11575.0,11569.0,6.0,0.1,False,False,psp_energy-2020-05.pdf
Uttar Pradesh,2020,5,May,monthly,10351.0,10242.0,109.0,1.0,False,False,psp_energy-2020-05.pdf
Uttar Pradesh,2020,5,May,cumulative_fy,18546.0,18361.0,186.0,1.0,False,False,psp_energy-2020-05.pdf
Uttarakhand,2020,5,May,monthly,974.0,974.0,0.0,0.0,False,False,psp_energy-2020-05.pdf
Uttarakhand,2020,5,May,cumulative_fy,1648.0,1648.0,0.0,0.0,False,False,psp_energy-2020-05.pdf
Northern Region,2020,5,May,monthly,30905.0,30480.0,424.0,1.4,True,False,psp_energy-2020-05.pdf
Northern Region,2020,5,May,cumulative_fy,53195.0,52393.0,802.0,1.5,True,False,psp_energy-2020-05.pdf
Chhattisgarh,2020,5,May,monthly,2309.0,2309.0,0.0,0.0,False,False,psp_energy-2020-05.pdf
Chhattisgarh,2020,5,May,cumulative_fy,4445.0,4445.0,0.0,0.0,False,False,psp_energy-2020-05.pdf
Gujarat,2020,5,May,monthly,9179.0,9179.0,0.0,0.0,False,False,psp_energy-2020-05.pdf
Gujarat,2020,5,May,cumulative_fy,16676.0,16676.0,0.0,0.0,False,False,psp_energy-2020-05.pdf
Madhya Pradesh,2020,5,May,monthly,6226.0,6226.0,0.0,0.0,False,False,psp_energy-2020-05.pdf
Madhya Pradesh,2020,5,May,cumulative_fy,11587.0,11587.0,0.0,0.0,False,False,psp_energy-2020-05.pdf
Maharashtra,2020,5,May,monthly,12984.0,12984.0,0.0,0.0,False,False,psp_energy-2020-05.pdf
Maharashtra,2020,5,May,cumulative_fy,24426.0,24426.0,0.0,0.0,False,False,psp_energy-2020-05.pdf
Daman & Diu,2020,5,May,monthly,131.0,131.0,0.0,0.0,False,False,psp_energy-2020-05.pdf
Daman & Diu,2020,5,May,cumulative_fy,201.0,201.0,0.0,0.0,False,False,psp_energy-2020-05.pdf
Dadra & Nagar Haveli,2020,5,May,monthly,246.0,246.0,0.0,0.0,False,False,psp_energy-2020-05.pdf
Dadra & Nagar Haveli,2020,5,May,cumulative_fy,331.0,331.0,0.0,0.0,False,False,psp_energy-2020-05.pdf
Goa,2020,5,May,monthly,376.0,376.0,0.0,0.0,False,False,psp_energy-2020-05.pdf
Goa,2020,5,May,cumulative_fy,658.0,658.0,0.0,0.0,False,False,psp_energy-2020-05.pdf
Western Region,2020,5,May,monthly,31451.0,31451.0,0.0,0.0,True,False,psp_energy-2020-05.pdf
Western Region,2020,5,May,cumulative_fy,58323.0,58323.0,0.0,0.0,True,False,psp_energy-2020-05.pdf
Andhra Pradesh,2020,5,May,monthly,5606.0,5606.0,0.0,0.0,False,False,psp_energy-2020-05.pdf
Andhra Pradesh,2020,5,May,cumulative_fy,10395.0,10395.0,0.0,0.0,False,False,psp_energy-2020-05.pdf
Telangana,2020,5,May,monthly,4785.0,4785.0,0.0,0.0,False,False,psp_energy-2020-05.pdf
Telangana,2020,5,May,cumulative_fy,9566.0,9566.0,0.0,0.0,False,False,psp_energy-2020-05.pdf
Karnataka,2020,5,May,monthly,6320.0,6320.0,0.0,0.0,False,False,psp_energy-2020-05.pdf
Karnataka,2020,5,May,cumulative_fy,12488.0,12488.0,0.0,0.0,False,False,psp_energy-2020-05.pdf
Kerala,2020,5,May,monthly,2188.0,2188.0,1.0,0.0,False,False,psp_energy-2020-05.pdf
Kerala,2020,5,May,cumulative_fy,4235.0,4233.0,2.0,0.1,False,False,psp_energy-2020-05.pdf
Tamil Nadu,2020,5,May,monthly,8831.0,8831.0,0.0,0.0,False,False,psp_energy-2020-05.pdf
Tamil Nadu,2020,5,May,cumulative_fy,16064.0,16064.0,0.0,0.0,False,False,psp_energy-2020-05.pdf
Puducherry,2020,5,May,monthly,229.0,229.0,0.0,0.0,False,False,psp_energy-2020-05.pdf
Puducherry,2020,5,May,cumulative_fy,380.0,380.0,0.0,0.0,False,False,psp_energy-2020-05.pdf
Lakshadweep,2020,5,May,monthly,5.0,5.0,0.0,0.0,False,False,psp_energy-2020-05.pdf
Lakshadweep,2020,5,May,cumulative_fy,10.0,10.0,0.0,0.0,False,False,psp_energy-2020-05.pdf
Southern Region,2020,5,May,monthly,27959.0,27958.0,1.0,0.0,True,False,psp_energy-2020-05.pdf
Southern Region,2020,5,May,cumulative_fy,53129.0,53126.0,2.0,0.0,True,False,psp_energy-2020-05.pdf
Bihar,2020,5,May,monthly,2753.0,2746.0,7.0,0.3,False,False,psp_energy-2020-05.pdf
Bihar,2020,5,May,cumulative_fy,5070.0,5062.0,8.0,0.1,False,False,psp_energy-2020-05.pdf
DVC,2020,5,May,monthly,1424.0,1424.0,0.0,0.0,False,False,psp_energy-2020-05.pdf
DVC,2020,5,May,cumulative_fy,2281.0,2281.0,0.0,0.0,False,False,psp_energy-2020-05.pdf
Jharkhand,2020,5,May,monthly,760.0,736.0,24.0,3.2,False,False,psp_energy-2020-05.pdf
Jharkhand,2020,5,May,cumulative_fy,1456.0,1411.0,45.0,3.1,False,False,psp_energy-2020-05.pdf
Odisha,2020,5,May,monthly,2375.0,2375.0,0.0,0.0,False,False,psp_energy-2020-05.pdf
Odisha,2020,5,May,cumulative_fy,4456.0,4456.0,0.0,0.0,False,False,psp_energy-2020-05.pdf
West Bengal,2020,5,May,monthly,3737.0,3686.0,51.0,1.4,False,False,psp_energy-2020-05.pdf
West Bengal,2020,5,May,cumulative_fy,7399.0,7336.0,63.0,0.8,False,False,psp_energy-2020-05.pdf
Sikkim,2020,5,May,monthly,41.0,41.0,0.0,0.0,False,False,psp_energy-2020-05.pdf
Sikkim,2020,5,May,cumulative_fy,83.0,83.0,0.0,0.0,False,False,psp_energy-2020-05.pdf
Andaman & Nicobar,2020,5,May,monthly,29.0,27.0,2.0,7.0,False,False,psp_energy-2020-05.pdf
Andaman & Nicobar,2020,5,May,cumulative_fy,58.0,54.0,4.0,6.7,False,False,psp_energy-2020-05.pdf
Eastern Region,2020,5,May,monthly,11090.0,11008.0,82.0,0.7,True,False,psp_energy-2020-05.pdf
Eastern Region,2020,5,May,cumulative_fy,20744.0,20629.0,115.0,0.6,True,False,psp_energy-2020-05.pdf
Arunachal Pradesh,2020,5,May,monthly,44.0,44.0,0.0,0.4,False,False,psp_energy-2020-05.pdf
Arunachal Pradesh,2020,5,May,cumulative_fy,79.0,78.0,1.0,1.9,False,False,psp_energy-2020-05.pdf
Assam,2020,5,May,monthly,741.0,691.0,50.0,6.8,False,False,psp_energy-2020-05.pdf
Assam,2020,5,May,cumulative_fy,1358.0,1249.0,108.0,8.0,False,False,psp_energy-2020-05.pdf
Manipur,2020,5,May,monthly,71.0,71.0,0.0,0.4,False,False,psp_energy-2020-05.pdf
Manipur,2020,5,May,cumulative_fy,136.0,134.0,2.0,1.1,False,False,psp_energy-2020-05.pdf
Meghalaya,2020,5,May,monthly,146.0,143.0,3.0,2.2,False,False,psp_energy-2020-05.pdf
Meghalaya,2020,5,May,cumulative_fy,261.0,254.0,7.0,2.7,False,False,psp_energy-2020-05.pdf
Mizoram,2020,5,May,monthly,55.0,55.0,0.0,0.4,False,False,psp_energy-2020-05.pdf
Mizoram,2020,5,May,cumulative_fy,106.0,104.0,1.0,1.2,False,False,psp_energy-2020-05.pdf
Nagaland,2020,5,May,monthly,65.0,64.0,0.0,0.3,False,False,psp_energy-2020-05.pdf
Nagaland,2020,5,May,cumulative_fy,123.0,122.0,1.0,0.9,False,False,psp_energy-2020-05.pdf
Tripura,2020,5,May,monthly,124.0,123.0,1.0,0.5,False,False,psp_energy-2020-05.pdf
Tripura,2020,5,May,cumulative_fy,228.0,226.0,2.0,1.0,False,False,psp_energy-2020-05.pdf
North-Eastern Region,2020,5,May,monthly,1246.0,1191.0,55.0,4.4,True,False,psp_energy-2020-05.pdf
North-Eastern Region,2020,5,May,cumulative_fy,2290.0,2167.0,123.0,5.4,True,False,psp_energy-2020-05.pdf
All India,2020,5,May,monthly,102651.0,102089.0,562.0,0.5,False,True,psp_energy-2020-05.pdf
All India,2020,5,May,cumulative_fy,187681.0,186639.0,1042.0,0.6,False,True,psp_energy-2020-05.pdf
Chandigarh,2020,6,June,monthly,161.0,161.0,0.0,0.0,False,False,psp_energy-2020-06.pdf
Chandigarh,2020,6,June,cumulative_fy,352.0,352.0,0.0,0.0,False,False,psp_energy-2020-06.pdf
Delhi,2020,6,June,monthly,3110.0,3109.0,1.0,0.0,False,False,psp_energy-2020-06.pdf
Delhi,2020,6,June,cumulative_fy,7303.0,7302.0,1.0,0.0,False,False,psp_energy-2020-06.pdf
Haryana,2020,6,June,monthly,5158.0,5158.0,0.0,0.0,False,False,psp_energy-2020-06.pdf
Haryana,2020,6,June,cumulative_fy,11570.0,11570.0,0.0,0.0,False,False,psp_energy-2020-06.pdf
Himachal Pradesh,2020,6,June,monthly,808.0,806.0,2.0,0.3,False,False,psp_energy-2020-06.pdf
Himachal Pradesh,2020,6,June,cumulative_fy,1929.0,1925.0,5.0,0.3,False,False,psp_energy-2020-06.pdf
UT of J&K and Ladakh,2020,6,June,monthly,1564.0,1263.0,301.0,19.3,False,False,psp_energy-2020-06.pdf
UT of J&K and Ladakh,2020,6,June,cumulative_fy,4753.0,3844.0,908.0,19.1,False,False,psp_energy-2020-06.pdf
Punjab,2020,6,June,monthly,6676.0,6676.0,0.0,0.0,False,False,psp_energy-2020-06.pdf
Punjab,2020,6,June,cumulative_fy,12995.0,12995.0,0.0,0.0,False,False,psp_energy-2020-06.pdf
Rajasthan,2020,6,June,monthly,7187.0,7173.0,14.0,0.2,False,False,psp_energy-2020-06.pdf
Rajasthan,2020,6,June,cumulative_fy,18762.0,18742.0,20.0,0.1,False,False,psp_energy-2020-06.pdf
Uttar Pradesh,2020,6,June,monthly,11865.0,11762.0,102.0,0.9,False,False,psp_energy-2020-06.pdf
Uttar Pradesh,2020,6,June,cumulative_fy,30411.0,30123.0,288.0,0.9,False,False,psp_energy-2020-06.pdf
Uttarakhand,2020,6,June,monthly,1252.0,1252.0,0.0,0.0,False,False,psp_energy-2020-06.pdf
Uttarakhand,2020,6,June,cumulative_fy,2901.0,2901.0,0.0,0.0,False,False,psp_energy-2020-06.pdf
Northern Region,2020,6,June,monthly,37782.0,37361.0,421.0,1.1,True,False,psp_energy-2020-06.pdf
Northern Region,2020,6,June,cumulative_fy,90977.0,89754.0,1222.0,1.3,True,False,psp_energy-2020-06.pdf
Chhattisgarh,2020,6,June,monthly,2325.0,2325.0,0.0,0.0,False,False,psp_energy-2020-06.pdf
Chhattisgarh,2020,6,June,cumulative_fy,6770.0,6770.0,0.0,0.0,False,False,psp_energy-2020-06.pdf
Gujarat,2020,6,June,monthly,8594.0,8594.0,0.0,0.0,False,False,psp_energy-2020-06.pdf
Gujarat,2020,6,June,cumulative_fy,25270.0,25270.0,0.0,0.0,False,False,psp_energy-2020-06.pdf
Madhya Pradesh,2020,6,June,monthly,5283.0,5283.0,0.0,0.0,False,False,psp_energy-2020-06.pdf
Madhya Pradesh,2020,6,June,cumulative_fy,16869.0,16869.0,0.0,0.0,False,False,psp_energy-2020-06.pdf
Maharashtra,2020,6,June,monthly,10824.0,10824.0,0.0,0.0,False,False,psp_energy-2020-06.pdf
Maharashtra,2020,6,June,cumulative_fy,35250.0,35250.0,0.0,0.0,False,False,psp_energy-2020-06.pdf
Daman & Diu,2020,6,June,monthly,152.0,152.0,0.0,0.0,False,False,psp_energy-2020-06.pdf
Daman & Diu,2020,6,June,cumulative_fy,353.0,353.0,0.0,0.0,False,False,psp_energy-2020-06.pdf
Dadra & Nagar Haveli,2020,6,June,monthly,349.0,349.0,0.0,0.0,False,False,psp_energy-2020-06.pdf
Dadra & Nagar Haveli,2020,6,June,cumulative_fy,680.0,680.0,0.0,0.0,False,False,psp_energy-2020-06.pdf
Goa,2020,6,June,monthly,310.0,310.0,0.0,0.0,False,False,psp_energy-2020-06.pdf
Goa,2020,6,June,cumulative_fy,968.0,968.0,0.0,0.0,False,False,psp_energy-2020-06.pdf
Western Region,2020,6,June,monthly,27836.0,27836.0,0.0,0.0,True,False,psp_energy-2020-06.pdf
Western Region,2020,6,June,cumulative_fy,86160.0,86160.0,0.0,0.0,True,False,psp_energy-2020-06.pdf
Andhra Pradesh,2020,6,June,monthly,5075.0,5075.0,0.0,0.0,False,False,psp_energy-2020-06.pdf
Andhra Pradesh,2020,6,June,cumulative_fy,15469.0,15469.0,0.0,0.0,False,False,psp_energy-2020-06.pdf
Telangana,2020,6,June,monthly,4579.0,4579.0,0.0,0.0,False,False,psp_energy-2020-06.pdf
Telangana,2020,6,June,cumulative_fy,14146.0,14146.0,0.0,0.0,False,False,psp_energy-2020-06.pdf
Karnataka,2020,6,June,monthly,5169.0,5169.0,0.0,0.0,False,False,psp_energy-2020-06.pdf
Karnataka,2020,6,June,cumulative_fy,17658.0,17658.0,0.0,0.0,False,False,psp_energy-2020-06.pdf
Kerala,2020,6,June,monthly,1922.0,1922.0,0.0,0.0,False,False,psp_energy-2020-06.pdf
Kerala,2020,6,June,cumulative_fy,6157.0,6155.0,2.0,0.0,False,False,psp_energy-2020-06.pdf
Tamil Nadu,2020,6,June,monthly,8828.0,8828.0,0.0,0.0,False,False,psp_energy-2020-06.pdf
Tamil Nadu,2020,6,June,cumulative_fy,24892.0,24892.0,0.0,0.0,False,False,psp_energy-2020-06.pdf
Puducherry,2020,6,June,monthly,235.0,235.0,0.0,0.0,False,False,psp_energy-2020-06.pdf
Puducherry,2020,6,June,cumulative_fy,615.0,615.0,0.0,0.0,False,False,psp_energy-2020-06.pdf
Lakshadweep,2020,6,June,monthly,5.0,5.0,0.0,0.0,False,False,psp_energy-2020-06.pdf
Lakshadweep,2020,6,June,cumulative_fy,15.0,15.0,0.0,0.0,False,False,psp_energy-2020-06.pdf
Southern Region,2020,6,June,monthly,25808.0,25808.0,0.0,0.0,True,False,psp_energy-2020-06.pdf
Southern Region,2020,6,June,cumulative_fy,78937.0,78935.0,2.0,0.0,True,False,psp_energy-2020-06.pdf
Bihar,2020,6,June,monthly,2999.0,2992.0,8.0,0.3,False,False,psp_energy-2020-06.pdf
Bihar,2020,6,June,cumulative_fy,8069.0,8054.0,15.0,0.2,False,False,psp_energy-2020-06.pdf
DVC,2020,6,June,monthly,1753.0,1753.0,0.0,0.0,False,False,psp_energy-2020-06.pdf
DVC,2020,6,June,cumulative_fy,4034.0,4034.0,0.0,0.0,False,False,psp_energy-2020-06.pdf
Jharkhand,2020,6,June,monthly,771.0,766.0,5.0,0.7,False,False,psp_energy-2020-06.pdf
Jharkhand,2020,6,June,cumulative_fy,2227.0,2176.0,50.0,2.3,False,False,psp_energy-2020-06.pdf
Odisha,2020,6,June,monthly,2480.0,2480.0,0.0,0.0,False,False,psp_energy-2020-06.pdf
Odisha,2020,6,June,cumulative_fy,6935.0,6935.0,0.0,0.0,False,False,psp_energy-2020-06.pdf
West Bengal,2020,6,June,monthly,4638.0,4624.0,13.0,0.3,False,False,psp_energy-2020-06.pdf
West Bengal,2020,6,June,cumulative_fy,12036.0,11960.0,76.0,0.6,False,False,psp_energy-2020-06.pdf
Sikkim,2020,6,June,monthly,41.0,41.0,0.0,0.0,False,False,psp_energy-2020-06.pdf
Sikkim,2020,6,June,cumulative_fy,124.0,124.0,0.0,0.0,False,False,psp_energy-2020-06.pdf
Andaman & Nicobar,2020,6,June,monthly,29.0,27.0,2.0,7.0,False,False,psp_energy-2020-06.pdf
Andaman & Nicobar,2020,6,June,cumulative_fy,87.0,81.0,6.0,6.7,False,False,psp_energy-2020-06.pdf
Eastern Region,2020,6,June,monthly,12682.0,12656.0,26.0,0.2,True,False,psp_energy-2020-06.pdf
Eastern Region,2020,6,June,cumulative_fy,33426.0,33285.0,141.0,0.4,True,False,psp_energy-2020-06.pdf
Arunachal Pradesh,2020,6,June,monthly,56.0,55.0,0.0,0.4,False,False,psp_energy-2020-06.pdf
Arunachal Pradesh,2020,6,June,cumulative_fy,135.0,133.0,2.0,1.3,False,False,psp_energy-2020-06.pdf
Assam,2020,6,June,monthly,911.0,888.0,22.0,2.4,False,False,psp_energy-2020-06.pdf
Assam,2020,6,June,cumulative_fy,2268.0,2138.0,131.0,5.8,False,False,psp_energy-2020-06.pdf
Manipur,2020,6,June,monthly,73.0,72.0,0.0,0.5,False,False,psp_energy-2020-06.pdf
Manipur,2020,6,June,cumulative_fy,208.0,206.0,2.0,0.9,False,False,psp_energy-2020-06.pdf
Meghalaya,2020,6,June,monthly,158.0,158.0,0.0,0.0,False,False,psp_energy-2020-06.pdf
Meghalaya,2020,6,June,cumulative_fy,419.0,412.0,7.0,1.7,False,False,psp_energy-2020-06.pdf
Mizoram,2020,6,June,monthly,49.0,49.0,0.0,0.8,False,False,psp_energy-2020-06.pdf
Mizoram,2020,6,June,cumulative_fy,154.0,153.0,2.0,1.1,False,False,psp_energy-2020-06.pdf
Nagaland,2020,6,June,monthly,69.0,69.0,0.0,0.5,False,False,psp_energy-2020-06.pdf
Nagaland,2020,6,June,cumulative_fy,192.0,190.0,1.0,0.7,False,False,psp_energy-2020-06.pdf
Tripura,2020,6,June,monthly,134.0,134.0,0.0,0.0,False,False,psp_energy-2020-06.pdf
Tripura,2020,6,June,cumulative_fy,361.0,359.0,2.0,0.6,False,False,psp_energy-2020-06.pdf
North-Eastern Region,2020,6,June,monthly,1448.0,1424.0,24.0,1.6,True,False,psp_energy-2020-06.pdf
North-Eastern Region,2020,6,June,cumulative_fy,3738.0,3592.0,147.0,3.9,True,False,psp_energy-2020-06.pdf
All India,2020,6,June,monthly,105556.0,105086.0,471.0,0.4,False,True,psp_energy-2020-06.pdf
All India,2020,6,June,cumulative_fy,293238.0,291725.0,1513.0,0.5,False,True,psp_energy-2020-06.pdf
Chandigarh,2020,7,July,monthly,185.0,185.0,0.0,0.0,False,False,psp_energy-2020-07.pdf
Chandigarh,2020,7,July,cumulative_fy,537.0,537.0,0.0,0.0,False,False,psp_energy-2020-07.pdf
Delhi,2020,7,July,monthly,3314.0,3313.0,1.0,0.0,False,False,psp_energy-2020-07.pdf
Delhi,2020,7,July,cumulative_fy,10617.0,10615.0,2.0,0.0,False,False,psp_energy-2020-07.pdf
Haryana,2020,7,July,monthly,5898.0,5898.0,0.0,0.0,False,False,psp_energy-2020-07.pdf
Haryana,2020,7,July,cumulative_fy,17469.0,17469.0,0.0,0.0,False,False,psp_energy-2020-07.pdf
Himachal Pradesh,2020,7,July,monthly,857.0,855.0,2.0,0.2,False,False,psp_energy-2020-07.pdf
Himachal Pradesh,2020,7,July,cumulative_fy,2786.0,2780.0,7.0,0.2,False,False,psp_energy-2020-07.pdf
UT of J&K and Ladakh,2020,7,July,monthly,1418.0,1418.0,0.0,0.0,False,False,psp_energy-2020-07.pdf
UT of J&K and Ladakh,2020,7,July,cumulative_fy,6171.0,5262.0,908.0,14.7,False,False,psp_energy-2020-07.pdf
Punjab,2020,7,July,monthly,7390.0,7390.0,0.0,0.0,False,False,psp_energy-2020-07.pdf
Punjab,2020,7,July,cumulative_fy,20385.0,20385.0,0.0,0.0,False,False,psp_energy-2020-07.pdf
Rajasthan,2020,7,July,monthly,7783.0,7777.0,6.0,0.1,False,False,psp_energy-2020-07.pdf
Rajasthan,2020,7,July,cumulative_fy,26545.0,26519.0,26.0,0.1,False,False,psp_energy-2020-07.pdf
Uttar Pradesh,2020,7,July,monthly,13115.0,13007.0,109.0,0.8,False,False,psp_energy-2020-07.pdf
Uttar Pradesh,2020,7,July,cumulative_fy,43527.0,43130.0,397.0,0.9,False,False,psp_energy-2020-07.pdf
Uttarakhand,2020,7,July,monthly,1350.0,1350.0,0.0,0.0,False,False,psp_energy-2020-07.pdf
Uttarakhand,2020,7,July,cumulative_fy,4250.0,4250.0,0.0,0.0,False,False,psp_energy-2020-07.pdf
Northern Region,2020,7,July,monthly,41309.0,41192.0,117.0,0.3,True,False,psp_energy-2020-07.pdf
Northern Region,2020,7,July,cumulative_fy,132286.0,130946.0,1339.0,1.0,True,False,psp_energy-2020-07.pdf
Chhattisgarh,2020,7,July,monthly,2822.0,2822.0,0.0,0.0,False,False,psp_energy-2020-07.pdf
Chhattisgarh,2020,7,July,cumulative_fy,9592.0,9592.0,0.0,0.0,False,False,psp_energy-2020-07.pdf
Gujarat,2020,7,July,monthly,8750.0,8750.0,0.0,0.0,False,False,psp_energy-2020-07.pdf
Gujarat,2020,7,July,cumulative_fy,34020.0,34020.0,0.0,0.0,False,False,psp_energy-2020-07.pdf
Madhya Pradesh,2020,7,July,monthly,6510.0,6510.0,0.0,0.0,False,False,psp_energy-2020-07.pdf
Madhya Pradesh,2020,7,July,cumulative_fy,23380.0,23380.0,0.0,0.0,False,False,psp_energy-2020-07.pdf
Maharashtra,2020,7,July,monthly,11146.0,11146.0,0.0,0.0,False,False,psp_energy-2020-07.pdf
Maharashtra,2020,7,July,cumulative_fy,46395.0,46395.0,0.0,0.0,False,False,psp_energy-2020-07.pdf
Daman & Diu,2020,7,July,monthly,164.0,164.0,0.0,0.0,False,False,psp_energy-2020-07.pdf
Daman & Diu,2020,7,July,cumulative_fy,517.0,517.0,0.0,0.0,False,False,psp_energy-2020-07.pdf
Dadra & Nagar Haveli,2020,7,July,monthly,428.0,428.0,0.0,0.0,False,False,psp_energy-2020-07.pdf
Dadra & Nagar Haveli,2020,7,July,cumulative_fy,1108.0,1108.0,0.0,0.0,False,False,psp_energy-2020-07.pdf
Goa,2020,7,July,monthly,314.0,314.0,0.0,0.0,False,False,psp_energy-2020-07.pdf
Goa,2020,7,July,cumulative_fy,1282.0,1282.0,0.0,0.0,False,False,psp_energy-2020-07.pdf
Western Region,2020,7,July,monthly,30134.0,30134.0,0.0,0.0,True,False,psp_energy-2020-07.pdf
Western Region,2020,7,July,cumulative_fy,116294.0,116294.0,0.0,0.0,True,False,psp_energy-2020-07.pdf
Andhra Pradesh,2020,7,July,monthly,4751.0,4750.0,1.0,0.0,False,False,psp_energy-2020-07.pdf
Andhra Pradesh,2020,7,July,cumulative_fy,20221.0,20220.0,1.0,0.0,False,False,psp_energy-2020-07.pdf
Telangana,2020,7,July,monthly,5576.0,5575.0,1.0,0.0,False,False,psp_energy-2020-07.pdf
Telangana,2020,7,July,cumulative_fy,19721.0,19720.0,1.0,0.0,False,False,psp_energy-2020-07.pdf
Karnataka,2020,7,July,monthly,4835.0,4834.0,1.0,0.0,False,False,psp_energy-2020-07.pdf
Karnataka,2020,7,July,cumulative_fy,22493.0,22492.0,1.0,0.0,False,False,psp_energy-2020-07.pdf
Kerala,2020,7,July,monthly,1941.0,1940.0,0.0,0.0,False,False,psp_energy-2020-07.pdf
Kerala,2020,7,July,cumulative_fy,8098.0,8095.0,3.0,0.0,False,False,psp_energy-2020-07.pdf
Tamil Nadu,2020,7,July,monthly,8202.0,8200.0,1.0,0.0,False,False,psp_energy-2020-07.pdf
Tamil Nadu,2020,7,July,cumulative_fy,33094.0,33092.0,1.0,0.0,False,False,psp_energy-2020-07.pdf
Puducherry,2020,7,July,monthly,231.0,231.0,0.0,0.0,False,False,psp_energy-2020-07.pdf
Puducherry,2020,7,July,cumulative_fy,846.0,846.0,0.0,0.0,False,False,psp_energy-2020-07.pdf
Lakshadweep,2020,7,July,monthly,4.0,4.0,0.0,0.0,False,False,psp_energy-2020-07.pdf
Lakshadweep,2020,7,July,cumulative_fy,19.0,19.0,0.0,0.0,False,False,psp_energy-2020-07.pdf
Southern Region,2020,7,July,monthly,25536.0,25531.0,5.0,0.0,True,False,psp_energy-2020-07.pdf
Southern Region,2020,7,July,cumulative_fy,104473.0,104466.0,7.0,0.0,True,False,psp_energy-2020-07.pdf
Bihar,2020,7,July,monthly,3295.0,3275.0,20.0,0.6,False,False,psp_energy-2020-07.pdf
Bihar,2020,7,July,cumulative_fy,11364.0,11329.0,35.0,0.3,False,False,psp_energy-2020-07.pdf
DVC,2020,7,July,monthly,1892.0,1892.0,0.0,0.0,False,False,psp_energy-2020-07.pdf
DVC,2020,7,July,cumulative_fy,5926.0,5926.0,0.0,0.0,False,False,psp_energy-2020-07.pdf
Jharkhand,2020,7,July,monthly,830.0,827.0,3.0,0.3,False,False,psp_energy-2020-07.pdf
Jharkhand,2020,7,July,cumulative_fy,3056.0,3003.0,53.0,1.7,False,False,psp_energy-2020-07.pdf
Odisha,2020,7,July,monthly,2718.0,2718.0,0.0,0.0,False,False,psp_energy-2020-07.pdf
Odisha,2020,7,July,cumulative_fy,9653.0,9653.0,0.0,0.0,False,False,psp_energy-2020-07.pdf
West Bengal,2020,7,July,monthly,5017.0,5014.0,3.0,0.1,False,False,psp_energy-2020-07.pdf
West Bengal,2020,7,July,cumulative_fy,17054.0,16974.0,79.0,0.5,False,False,psp_energy-2020-07.pdf
Sikkim,2020,7,July,monthly,40.0,40.0,0.0,0.0,False,False,psp_energy-2020-07.pdf
Sikkim,2020,7,July,cumulative_fy,164.0,164.0,0.0,0.0,False,False,psp_energy-2020-07.pdf
Andaman & Nicobar,2020,7,July,monthly,29.0,27.0,2.0,7.0,False,False,psp_energy-2020-07.pdf
Andaman & Nicobar,2020,7,July,cumulative_fy,115.0,108.0,8.0,6.7,False,False,psp_energy-2020-07.pdf
Eastern Region,2020,7,July,monthly,13792.0,13766.0,26.0,0.2,True,False,psp_energy-2020-07.pdf
Eastern Region,2020,7,July,cumulative_fy,47218.0,47051.0,167.0,0.4,True,False,psp_energy-2020-07.pdf
Arunachal Pradesh,2020,7,July,monthly,53.0,52.0,0.0,0.6,False,False,psp_energy-2020-07.pdf
Arunachal Pradesh,2020,7,July,cumulative_fy,188.0,186.0,2.0,1.1,False,False,psp_energy-2020-07.pdf
Assam,2020,7,July,monthly,996.0,951.0,45.0,4.5,False,False,psp_energy-2020-07.pdf
Assam,2020,7,July,cumulative_fy,3265.0,3089.0,176.0,5.4,False,False,psp_energy-2020-07.pdf
Manipur,2020,7,July,monthly,77.0,77.0,0.0,0.5,False,False,psp_energy-2020-07.pdf
Manipur,2020,7,July,cumulative_fy,285.0,283.0,2.0,0.8,False,False,psp_energy-2020-07.pdf
Meghalaya,2020,7,July,monthly,163.0,163.0,0.0,0.0,False,False,psp_energy-2020-07.pdf
Meghalaya,2020,7,July,cumulative_fy,582.0,575.0,7.0,1.2,False,False,psp_energy-2020-07.pdf
Mizoram,2020,7,July,monthly,62.0,62.0,0.0,0.4,False,False,psp_energy-2020-07.pdf
Mizoram,2020,7,July,cumulative_fy,217.0,215.0,2.0,0.9,False,False,psp_energy-2020-07.pdf
Nagaland,2020,7,July,monthly,77.0,76.0,0.0,0.4,False,False,psp_energy-2020-07.pdf
Nagaland,2020,7,July,cumulative_fy,268.0,267.0,2.0,0.6,False,False,psp_energy-2020-07.pdf
Tripura,2020,7,July,monthly,143.0,143.0,0.0,0.0,False,False,psp_energy-2020-07.pdf
Tripura,2020,7,July,cumulative_fy,504.0,502.0,2.0,0.4,False,False,psp_energy-2020-07.pdf
North-Eastern Region,2020,7,July,monthly,1570.0,1524.0,46.0,3.0,True,False,psp_energy-2020-07.pdf
North-Eastern Region,2020,7,July,cumulative_fy,5308.0,5115.0,193.0,3.6,True,False,psp_energy-2020-07.pdf
All India,2020,7,July,monthly,112341.0,112147.0,194.0,0.2,False,True,psp_energy-2020-07.pdf
All India,2020,7,July,cumulative_fy,405578.0,403872.0,1707.0,0.4,False,True,psp_energy-2020-07.pdf
Chandigarh,2020,8,August,monthly,172.0,172.0,0.0,0.0,False,False,psp_energy-2020-08.pdf
Chandigarh,2020,8,August,cumulative_fy,709.0,709.0,0.0,0.0,False,False,psp_energy-2020-08.pdf
Delhi,2020,8,August,monthly,3166.0,3166.0,1.0,0.0,False,False,psp_energy-2020-08.pdf
Delhi,2020,8,August,cumulative_fy,13784.0,13781.0,2.0,0.0,False,False,psp_energy-2020-08.pdf
Haryana,2020,8,August,monthly,5765.0,5745.0,20.0,0.3,False,False,psp_energy-2020-08.pdf
Haryana,2020,8,August,cumulative_fy,23234.0,23214.0,20.0,0.1,False,False,psp_energy-2020-08.pdf
Himachal Pradesh,2020,8,August,monthly,875.0,860.0,15.0,1.7,False,False,psp_energy-2020-08.pdf
Himachal Pradesh,2020,8,August,cumulative_fy,3661.0,3640.0,21.0,0.6,False,False,psp_energy-2020-08.pdf
UT of J&K and Ladakh,2020,8,August,monthly,1316.0,1316.0,0.0,0.0,False,False,psp_energy-2020-08.pdf
UT of J&K and Ladakh,2020,8,August,cumulative_fy,7486.0,6578.0,908.0,12.1,False,False,psp_energy-2020-08.pdf
Punjab,2020,8,August,monthly,7527.0,7527.0,0.0,0.0,False,False,psp_energy-2020-08.pdf
Punjab,2020,8,August,cumulative_fy,27912.0,27912.0,0.0,0.0,False,False,psp_energy-2020-08.pdf
Rajasthan,2020,8,August,monthly,6841.0,6837.0,4.0,0.1,False,False,psp_energy-2020-08.pdf
Rajasthan,2020,8,August,cumulative_fy,33385.0,33356.0,29.0,0.1,False,False,psp_energy-2020-08.pdf
Uttar Pradesh,2020,8,August,monthly,12540.0,12433.0,108.0,0.9,False,False,psp_energy-2020-08.pdf
Uttar Pradesh,2020,8,August,cumulative_fy,56067.0,55562.0,505.0,0.9,False,False,psp_energy-2020-08.pdf
Uttarakhand,2020,8,August,monthly,1324.0,1324.0,0.0,0.0,False,False,psp_energy-2020-08.pdf
Uttarakhand,2020,8,August,cumulative_fy,5574.0,5574.0,0.0,0.0,False,False,psp_energy-2020-08.pdf
Northern Region,2020,8,August,monthly,39527.0,39381.0,146.0,0.4,True,False,psp_energy-2020-08.pdf
Northern Region,2020,8,August,cumulative_fy,171813.0,170327.0,1486.0,0.9,True,False,psp_energy-2020-08.pdf
Chhattisgarh,2020,8,August,monthly,2637.0,2637.0,0.0,0.0,False,False,psp_energy-2020-08.pdf
Chhattisgarh,2020,8,August,cumulative_fy,12229.0,12229.0,0.0,0.0,False,False,psp_energy-2020-08.pdf
Gujarat,2020,8,August,monthly,7838.0,7838.0,0.0,0.0,False,False,psp_energy-2020-08.pdf
Gujarat,2020,8,August,cumulative_fy,41858.0,41858.0,0.0,0.0,False,False,psp_energy-2020-08.pdf
Madhya Pradesh,2020,8,August,monthly,5896.0,5896.0,0.0,0.0,False,False,psp_energy-2020-08.pdf
Madhya Pradesh,2020,8,August,cumulative_fy,29275.0,29275.0,0.0,0.0,False,False,psp_energy-2020-08.pdf
Maharashtra,2020,8,August,monthly,10802.0,10802.0,0.0,0.0,False,False,psp_energy-2020-08.pdf
Maharashtra,2020,8,August,cumulative_fy,57197.0,57197.0,0.0,0.0,False,False,psp_energy-2020-08.pdf
Daman & Diu,2020,8,August,monthly,177.0,177.0,0.0,0.0,False,False,psp_energy-2020-08.pdf
Daman & Diu,2020,8,August,cumulative_fy,694.0,694.0,0.0,0.0,False,False,psp_energy-2020-08.pdf
Dadra & Nagar Haveli,2020,8,August,monthly,463.0,463.0,0.0,0.0,False,False,psp_energy-2020-08.pdf
Dadra & Nagar Haveli,2020,8,August,cumulative_fy,1571.0,1571.0,0.0,0.0,False,False,psp_energy-2020-08.pdf
Goa,2020,8,August,monthly,301.0,301.0,0.0,0.0,False,False,psp_energy-2020-08.pdf
Goa,2020,8,August,cumulative_fy,1584.0,1584.0,0.0,0.0,False,False,psp_energy-2020-08.pdf
Western Region,2020,8,August,monthly,28114.0,28114.0,0.0,0.0,True,False,psp_energy-2020-08.pdf
Western Region,2020,8,August,cumulative_fy,144408.0,144408.0,0.0,0.0,True,False,psp_energy-2020-08.pdf
Andhra Pradesh,2020,8,August,monthly,5054.0,5053.0,1.0,0.0,False,False,psp_energy-2020-08.pdf
Andhra Pradesh,2020,8,August,cumulative_fy,25274.0,25272.0,2.0,0.0,False,False,psp_energy-2020-08.pdf
Telangana,2020,8,August,monthly,5683.0,5681.0,1.0,0.0,False,False,psp_energy-2020-08.pdf
Telangana,2020,8,August,cumulative_fy,25404.0,25402.0,2.0,0.0,False,False,psp_energy-2020-08.pdf
Karnataka,2020,8,August,monthly,4831.0,4830.0,1.0,0.0,False,False,psp_energy-2020-08.pdf
Karnataka,2020,8,August,cumulative_fy,27324.0,27321.0,2.0,0.0,False,False,psp_energy-2020-08.pdf
Kerala,2020,8,August,monthly,1937.0,1937.0,0.0,0.0,False,False,psp_energy-2020-08.pdf
Kerala,2020,8,August,cumulative_fy,10035.0,10032.0,3.0,0.0,False,False,psp_energy-2020-08.pdf
Tamil Nadu,2020,8,August,monthly,8569.0,8567.0,2.0,0.0,False,False,psp_energy-2020-08.pdf
Tamil Nadu,2020,8,August,cumulative_fy,41663.0,41659.0,3.0,0.0,False,False,psp_energy-2020-08.pdf
Puducherry,2020,8,August,monthly,237.0,237.0,0.0,0.0,False,False,psp_energy-2020-08.pdf
Puducherry,2020,8,August,cumulative_fy,1083.0,1083.0,0.0,0.0,False,False,psp_energy-2020-08.pdf
Lakshadweep,2020,8,August,monthly,4.0,4.0,0.0,0.0,False,False,psp_energy-2020-08.pdf
Lakshadweep,2020,8,August,cumulative_fy,24.0,24.0,0.0,0.0,False,False,psp_energy-2020-08.pdf
Southern Region,2020,8,August,monthly,26311.0,26304.0,6.0,0.0,True,False,psp_energy-2020-08.pdf
Southern Region,2020,8,August,cumulative_fy,130783.0,130770.0,13.0,0.0,True,False,psp_energy-2020-08.pdf
Bihar,2020,8,August,monthly,3440.0,3384.0,57.0,1.6,False,False,psp_energy-2020-08.pdf
Bihar,2020,8,August,cumulative_fy,14805.0,14713.0,92.0,0.6,False,False,psp_energy-2020-08.pdf
DVC,2020,8,August,monthly,1894.0,1894.0,0.0,0.0,False,False,psp_energy-2020-08.pdf
DVC,2020,8,August,cumulative_fy,7820.0,7820.0,0.0,0.0,False,False,psp_energy-2020-08.pdf
Jharkhand,2020,8,August,monthly,852.0,843.0,9.0,1.1,False,False,psp_energy-2020-08.pdf
Jharkhand,2020,8,August,cumulative_fy,3908.0,3846.0,62.0,1.6,False,False,psp_energy-2020-08.pdf
Odisha,2020,8,August,monthly,2627.0,2627.0,0.0,0.0,False,False,psp_energy-2020-08.pdf
Odisha,2020,8,August,cumulative_fy,12280.0,12280.0,0.0,0.0,False,False,psp_energy-2020-08.pdf
West Bengal,2020,8,August,monthly,4981.0,4978.0,3.0,0.1,False,False,psp_energy-2020-08.pdf
West Bengal,2020,8,August,cumulative_fy,22035.0,21953.0,82.0,0.4,False,False,psp_energy-2020-08.pdf
Sikkim,2020,8,August,monthly,35.0,35.0,0.0,0.0,False,False,psp_energy-2020-08.pdf
Sikkim,2020,8,August,cumulative_fy,199.0,199.0,0.0,0.0,False,False,psp_energy-2020-08.pdf
Andaman & Nicobar,2020,8,August,monthly,29.0,27.0,2.0,7.0,False,False,psp_energy-2020-08.pdf
Andaman & Nicobar,2020,8,August,cumulative_fy,144.0,135.0,10.0,6.7,False,False,psp_energy-2020-08.pdf
Eastern Region,2020,8,August,monthly,13829.0,13761.0,69.0,0.5,True,False,psp_energy-2020-08.pdf
Eastern Region,2020,8,August,cumulative_fy,61047.0,60811.0,236.0,0.4,True,False,psp_energy-2020-08.pdf
Arunachal Pradesh,2020,8,August,monthly,60.0,60.0,0.0,0.4,False,False,psp_energy-2020-08.pdf
Arunachal Pradesh,2020,8,August,cumulative_fy,248.0,246.0,2.0,0.9,False,False,psp_energy-2020-08.pdf
Assam,2020,8,August,monthly,1101.0,1067.0,35.0,3.1,False,False,psp_energy-2020-08.pdf
Assam,2020,8,August,cumulative_fy,4366.0,4156.0,210.0,4.8,False,False,psp_energy-2020-08.pdf
Manipur,2020,8,August,monthly,78.0,77.0,0.0,0.4,False,False,psp_energy-2020-08.pdf
Manipur,2020,8,August,cumulative_fy,363.0,361.0,3.0,0.7,False,False,psp_energy-2020-08.pdf
Meghalaya,2020,8,August,monthly,160.0,160.0,0.0,0.0,False,False,psp_energy-2020-08.pdf
Meghalaya,2020,8,August,cumulative_fy,742.0,734.0,7.0,1.0,False,False,psp_energy-2020-08.pdf
Mizoram,2020,8,August,monthly,65.0,64.0,0.0,0.4,False,False,psp_energy-2020-08.pdf
Mizoram,2020,8,August,cumulative_fy,281.0,279.0,2.0,0.8,False,False,psp_energy-2020-08.pdf
Nagaland,2020,8,August,monthly,80.0,80.0,0.0,0.3,False,False,psp_energy-2020-08.pdf
Nagaland,2020,8,August,cumulative_fy,348.0,347.0,2.0,0.5,False,False,psp_energy-2020-08.pdf
Tripura,2020,8,August,monthly,149.0,149.0,0.0,0.1,False,False,psp_energy-2020-08.pdf
Tripura,2020,8,August,cumulative_fy,653.0,650.0,2.0,0.4,False,False,psp_energy-2020-08.pdf
North-Eastern Region,2020,8,August,monthly,1693.0,1657.0,36.0,2.1,True,False,psp_energy-2020-08.pdf
North-Eastern Region,2020,8,August,cumulative_fy,7001.0,6773.0,229.0,3.3,True,False,psp_energy-2020-08.pdf
All India,2020,8,August,monthly,109474.0,109217.0,257.0,0.2,False,True,psp_energy-2020-08.pdf
All India,2020,8,August,cumulative_fy,515053.0,513089.0,1964.0,0.4,False,True,psp_energy-2020-08.pdf
Chandigarh,2020,10,October,monthly,113.0,113.0,0.0,0.0,False,False,psp_energy-2020-10.pdf
Chandigarh,2020,10,October,cumulative_fy,992.0,992.0,0.0,0.0,False,False,psp_energy-2020-10.pdf
Delhi,2020,10,October,monthly,2451.0,2451.0,0.0,0.0,False,False,psp_energy-2020-10.pdf
Delhi,2020,10,October,cumulative_fy,19578.0,19575.0,3.0,0.0,False,False,psp_energy-2020-10.pdf
Haryana,2020,10,October,monthly,4806.0,4806.0,0.0,0.0,False,False,psp_energy-2020-10.pdf
Haryana,2020,10,October,cumulative_fy,34045.0,34019.0,26.0,0.1,False,False,psp_energy-2020-10.pdf
Himachal Pradesh,2020,10,October,monthly,906.0,905.0,1.0,0.1,False,False,psp_energy-2020-10.pdf
Himachal Pradesh,2020,10,October,cumulative_fy,5460.0,5427.0,33.0,0.6,False,False,psp_energy-2020-10.pdf
UT of J&K and Ladakh,2020,10,October,monthly,1455.0,1455.0,0.0,0.0,False,False,psp_energy-2020-10.pdf
UT of J&K and Ladakh,2020,10,October,cumulative_fy,10372.0,9464.0,909.0,8.8,False,False,psp_energy-2020-10.pdf
Punjab,2020,10,October,monthly,4704.0,4702.0,2.0,0.1,False,False,psp_energy-2020-10.pdf
Punjab,2020,10,October,cumulative_fy,39881.0,39879.0,2.0,0.0,False,False,psp_energy-2020-10.pdf
Rajasthan,2020,10,October,monthly,7491.0,7489.0,1.0,0.0,False,False,psp_energy-2020-10.pdf
Rajasthan,2020,10,October,cumulative_fy,47970.0,47939.0,31.0,0.1,False,False,psp_energy-2020-10.pdf
Uttar Pradesh,2020,10,October,monthly,10812.0,10748.0,64.0,0.6,False,False,psp_energy-2020-10.pdf
Uttar Pradesh,2020,10,October,cumulative_fy,80290.0,79635.0,655.0,0.8,False,False,psp_energy-2020-10.pdf
Uttarakhand,2020,10,October,monthly,1133.0,1132.0,0.0,0.0,False,False,psp_energy-2020-10.pdf
Uttarakhand,2020,10,October,cumulative_fy,8054.0,8054.0,0.0,0.0,False,False,psp_energy-2020-10.pdf
Northern Region,2020,10,October,monthly,33871.0,33802.0,69.0,0.2,True,False,psp_energy-2020-10.pdf
Northern Region,2020,10,October,cumulative_fy,246642.0,244983.0,1659.0,0.7,True,False,psp_energy-2020-10.pdf
Chhattisgarh,2020,10,October,monthly,2547.0,2547.0,0.0,0.0,False,False,psp_energy-2020-10.pdf
Chhattisgarh,2020,10,October,cumulative_fy,17520.0,17520.0,0.0,0.0,False,False,psp_energy-2020-10.pdf
Gujarat,2020,10,October,monthly,10610.0,10610.0,0.0,0.0,False,False,psp_energy-2020-10.pdf
Gujarat,2020,10,October,cumulative_fy,61396.0,61396.0,0.0,0.0,False,False,psp_energy-2020-10.pdf
Madhya Pradesh,2020,10,October,monthly,7400.0,7400.0,0.0,0.0,False,False,psp_energy-2020-10.pdf
Madhya Pradesh,2020,10,October,cumulative_fy,43168.0,43168.0,0.0,0.0,False,False,psp_energy-2020-10.pdf
Maharashtra,2020,10,October,monthly,12517.0,12501.0,16.0,0.1,False,False,psp_energy-2020-10.pdf
Maharashtra,2020,10,October,cumulative_fy,81266.0,81250.0,16.0,0.0,False,False,psp_energy-2020-10.pdf
Daman & Diu,2020,10,October,monthly,227.0,227.0,0.0,0.0,False,False,psp_energy-2020-10.pdf
Daman & Diu,2020,10,October,cumulative_fy,1134.0,1134.0,0.0,0.0,False,False,psp_energy-2020-10.pdf
Dadra & Nagar Haveli,2020,10,October,monthly,557.0,557.0,0.0,0.0,False,False,psp_energy-2020-10.pdf
Dadra & Nagar Haveli,2020,10,October,cumulative_fy,2655.0,2655.0,0.0,0.0,False,False,psp_energy-2020-10.pdf
Goa,2020,10,October,monthly,341.0,341.0,0.0,0.0,False,False,psp_energy-2020-10.pdf
Goa,2020,10,October,cumulative_fy,2247.0,2247.0,0.0,0.0,False,False,psp_energy-2020-10.pdf
Western Region,2020,10,October,monthly,34199.0,34183.0,16.0,0.0,True,False,psp_energy-2020-10.pdf
Western Region,2020,10,October,cumulative_fy,209386.0,209370.0,16.0,0.0,True,False,psp_energy-2020-10.pdf
Andhra Pradesh,2020,10,October,monthly,4963.0,4963.0,0.0,0.0,False,False,psp_energy-2020-10.pdf
Andhra Pradesh,2020,10,October,cumulative_fy,35234.0,35232.0,3.0,0.0,False,False,psp_energy-2020-10.pdf
Telangana,2020,10,October,monthly,4660.0,4660.0,0.0,0.0,False,False,psp_energy-2020-10.pdf
Telangana,2020,10,October,cumulative_fy,35242.0,35239.0,3.0,0.0,False,False,psp_energy-2020-10.pdf
Karnataka,2020,10,October,monthly,4727.0,4727.0,0.0,0.0,False,False,psp_energy-2020-10.pdf
Karnataka,2020,10,October,cumulative_fy,36589.0,36587.0,3.0,0.0,False,False,psp_energy-2020-10.pdf
Kerala,2020,10,October,monthly,2072.0,2071.0,0.0,0.0,False,False,psp_energy-2020-10.pdf
Kerala,2020,10,October,cumulative_fy,14010.0,14007.0,3.0,0.0,False,False,psp_energy-2020-10.pdf
Tamil Nadu,2020,10,October,monthly,9107.0,9107.0,0.0,0.0,False,False,psp_energy-2020-10.pdf
Tamil Nadu,2020,10,October,cumulative_fy,59123.0,59120.0,4.0,0.0,False,False,psp_energy-2020-10.pdf
Puducherry,2020,10,October,monthly,235.0,235.0,0.0,0.0,False,False,psp_energy-2020-10.pdf
Puducherry,2020,10,October,cumulative_fy,1551.0,1551.0,0.0,0.0,False,False,psp_energy-2020-10.pdf
Lakshadweep,2020,10,October,monthly,4.0,4.0,0.0,0.0,False,False,psp_energy-2020-10.pdf
Lakshadweep,2020,10,October,cumulative_fy,32.0,32.0,0.0,0.0,False,False,psp_energy-2020-10.pdf
Southern Region,2020,10,October,monthly,25764.0,25763.0,0.0,0.0,True,False,psp_energy-2020-10.pdf
Southern Region,2020,10,October,cumulative_fy,181750.0,181735.0,15.0,0.0,True,False,psp_energy-2020-10.pdf
Bihar,2020,10,October,monthly,3285.0,3285.0,1.0,0.0,False,False,psp_energy-2020-10.pdf
Bihar,2020,10,October,cumulative_fy,21403.0,21302.0,101.0,0.5,False,False,psp_energy-2020-10.pdf
DVC,2020,10,October,monthly,1942.0,1942.0,0.0,0.0,False,False,psp_energy-2020-10.pdf
DVC,2020,10,October,cumulative_fy,11638.0,11638.0,0.0,0.0,False,False,psp_energy-2020-10.pdf
Jharkhand,2020,10,October,monthly,903.0,890.0,13.0,1.5,False,False,psp_energy-2020-10.pdf
Jharkhand,2020,10,October,cumulative_fy,5683.0,5602.0,82.0,1.4,False,False,psp_energy-2020-10.pdf
Odisha,2020,10,October,monthly,2750.0,2750.0,0.0,0.0,False,False,psp_energy-2020-10.pdf
Odisha,2020,10,October,cumulative_fy,17776.0,17776.0,0.0,0.0,False,False,psp_energy-2020-10.pdf
West Bengal,2020,10,October,monthly,4900.0,4899.0,2.0,0.0,False,False,psp_energy-2020-10.pdf
West Bengal,2020,10,October,cumulative_fy,31951.0,31860.0,91.0,0.3,False,False,psp_energy-2020-10.pdf
Sikkim,2020,10,October,monthly,42.0,42.0,0.0,0.0,False,False,psp_energy-2020-10.pdf
Sikkim,2020,10,October,cumulative_fy,282.0,282.0,0.0,0.0,False,False,psp_energy-2020-10.pdf
Andaman & Nicobar,2020,10,October,monthly,29.0,27.0,2.0,6.7,False,False,psp_energy-2020-10.pdf
Andaman & Nicobar,2020,10,October,cumulative_fy,202.0,188.0,13.0,6.7,False,False,psp_energy-2020-10.pdf
Eastern Region,2020,10,October,monthly,13823.0,13807.0,16.0,0.1,True,False,psp_energy-2020-10.pdf
Eastern Region,2020,10,October,cumulative_fy,88734.0,88460.0,274.0,0.3,True,False,psp_energy-2020-10.pdf
Arunachal Pradesh,2020,10,October,monthly,68.0,67.0,0.0,0.4,False,False,psp_energy-2020-10.pdf
Arunachal Pradesh,2020,10,October,cumulative_fy,379.0,376.0,3.0,0.7,False,False,psp_energy-2020-10.pdf
Assam,2020,10,October,monthly,1020.0,996.0,24.0,2.3,False,False,psp_energy-2020-10.pdf
Assam,2020,10,October,cumulative_fy,6420.0,6148.0,271.0,4.2,False,False,psp_energy-2020-10.pdf
Manipur,2020,10,October,monthly,80.0,80.0,0.0,0.4,False,False,psp_energy-2020-10.pdf
Manipur,2020,10,October,cumulative_fy,520.0,517.0,3.0,0.6,False,False,psp_energy-2020-10.pdf
Meghalaya,2020,10,October,monthly,175.0,175.0,0.0,0.0,False,False,psp_energy-2020-10.pdf
Meghalaya,2020,10,October,cumulative_fy,1080.0,1073.0,7.0,0.7,False,False,psp_energy-2020-10.pdf
Mizoram,2020,10,October,monthly,75.0,75.0,0.0,0.4,False,False,psp_energy-2020-10.pdf
Mizoram,2020,10,October,cumulative_fy,403.0,400.0,3.0,0.7,False,False,psp_energy-2020-10.pdf
Nagaland,2020,10,October,monthly,77.0,77.0,0.0,0.4,False,False,psp_energy-2020-10.pdf
Nagaland,2020,10,October,cumulative_fy,503.0,500.0,3.0,0.5,False,False,psp_energy-2020-10.pdf
Tripura,2020,10,October,monthly,148.0,148.0,0.0,0.1,False,False,psp_energy-2020-10.pdf
Tripura,2020,10,October,cumulative_fy,945.0,942.0,3.0,0.3,False,False,psp_energy-2020-10.pdf
North-Eastern Region,2020,10,October,monthly,1643.0,1618.0,25.0,1.5,True,False,psp_energy-2020-10.pdf
North-Eastern Region,2020,10,October,cumulative_fy,10248.0,9956.0,293.0,2.9,True,False,psp_energy-2020-10.pdf
All India,2020,10,October,monthly,109300.0,109174.0,127.0,0.1,False,True,psp_energy-2020-10.pdf
All India,2020,10,October,cumulative_fy,736760.0,734504.0,2257.0,0.3,False,True,psp_energy-2020-10.pdf
Chandigarh,2020,11,November,monthly,91.0,91.0,0.0,0.0,False,False,psp_energy-2020-11.pdf
Chandigarh,2020,11,November,cumulative_fy,1083.0,1083.0,0.0,0.0,False,False,psp_energy-2020-11.pdf
Delhi,2020,11,November,monthly,1784.0,1784.0,0.0,0.0,False,False,psp_energy-2020-11.pdf
Delhi,2020,11,November,cumulative_fy,21362.0,21359.0,3.0,0.0,False,False,psp_energy-2020-11.pdf
Haryana,2020,11,November,monthly,3412.0,3412.0,0.0,0.0,False,False,psp_energy-2020-11.pdf
Haryana,2020,11,November,cumulative_fy,37457.0,37431.0,26.0,0.1,False,False,psp_energy-2020-11.pdf
Himachal Pradesh,2020,11,November,monthly,876.0,872.0,4.0,0.5,False,False,psp_energy-2020-11.pdf
Himachal Pradesh,2020,11,November,cumulative_fy,6336.0,6299.0,37.0,0.6,False,False,psp_energy-2020-11.pdf
UT of J&K and Ladakh,2020,11,November,monthly,1802.0,1442.0,360.0,20.0,False,False,psp_energy-2020-11.pdf
UT of J&K and Ladakh,2020,11,November,cumulative_fy,12174.0,10905.0,1269.0,10.4,False,False,psp_energy-2020-11.pdf
Punjab,2020,11,November,monthly,3210.0,3167.0,43.0,1.3,False,False,psp_energy-2020-11.pdf
Punjab,2020,11,November,cumulative_fy,43091.0,43046.0,45.0,0.1,False,False,psp_energy-2020-11.pdf
Rajasthan,2020,11,November,monthly,7060.0,7059.0,2.0,0.0,False,False,psp_energy-2020-11.pdf
Rajasthan,2020,11,November,cumulative_fy,55031.0,54998.0,33.0,0.1,False,False,psp_energy-2020-11.pdf
Uttar Pradesh,2020,11,November,monthly,7853.0,7806.0,47.0,0.6,False,False,psp_energy-2020-11.pdf
Uttar Pradesh,2020,11,November,cumulative_fy,88143.0,87441.0,701.0,0.8,False,False,psp_energy-2020-11.pdf
Uttarakhand,2020,11,November,monthly,1040.0,1040.0,0.0,0.0,False,False,psp_energy-2020-11.pdf
Uttarakhand,2020,11,November,cumulative_fy,9094.0,9094.0,1.0,0.0,False,False,psp_energy-2020-11.pdf
Northern Region,2020,11,November,monthly,27129.0,26673.0,456.0,1.7,True,False,psp_energy-2020-11.pdf
Northern Region,2020,11,November,cumulative_fy,273771.0,271656.0,2115.0,0.8,True,False,psp_energy-2020-11.pdf
Chhattisgarh,2020,11,November,monthly,2127.0,2127.0,0.0,0.0,False,False,psp_energy-2020-11.pdf
Chhattisgarh,2020,11,November,cumulative_fy,19648.0,19647.0,0.0,0.0,False,False,psp_energy-2020-11.pdf
Gujarat,2020,11,November,monthly,9282.0,9282.0,0.0,0.0,False,False,psp_energy-2020-11.pdf
Gujarat,2020,11,November,cumulative_fy,70678.0,70678.0,0.0,0.0,False,False,psp_energy-2020-11.pdf
Madhya Pradesh,2020,11,November,monthly,8294.0,8294.0,0.0,0.0,False,False,psp_energy-2020-11.pdf
Madhya Pradesh,2020,11,November,cumulative_fy,51462.0,51462.0,0.0,0.0,False,False,psp_energy-2020-11.pdf
Maharashtra,2020,11,November,monthly,12753.0,12753.0,0.0,0.0,False,False,psp_energy-2020-11.pdf
Maharashtra,2020,11,November,cumulative_fy,94019.0,94003.0,16.0,0.0,False,False,psp_energy-2020-11.pdf
Daman & Diu,2020,11,November,monthly,207.0,207.0,0.0,0.0,False,False,psp_energy-2020-11.pdf
Daman & Diu,2020,11,November,cumulative_fy,1340.0,1340.0,0.0,0.0,False,False,psp_energy-2020-11.pdf
Dadra & Nagar Haveli,2020,11,November,monthly,525.0,525.0,0.0,0.0,False,False,psp_energy-2020-11.pdf
Dadra & Nagar Haveli,2020,11,November,cumulative_fy,3180.0,3180.0,0.0,0.0,False,False,psp_energy-2020-11.pdf
Goa,2020,11,November,monthly,350.0,350.0,0.0,0.0,False,False,psp_energy-2020-11.pdf
Goa,2020,11,November,cumulative_fy,2597.0,2597.0,0.0,0.0,False,False,psp_energy-2020-11.pdf
Western Region,2020,11,November,monthly,33538.0,33538.0,0.0,0.0,True,False,psp_energy-2020-11.pdf
Western Region,2020,11,November,cumulative_fy,242924.0,242908.0,16.0,0.0,True,False,psp_energy-2020-11.pdf
Andhra Pradesh,2020,11,November,monthly,4842.0,4842.0,0.0,0.0,False,False,psp_energy-2020-11.pdf
Andhra Pradesh,2020,11,November,cumulative_fy,40076.0,40074.0,3.0,0.0,False,False,psp_energy-2020-11.pdf
Telangana,2020,11,November,monthly,4230.0,4230.0,0.0,0.0,False,False,psp_energy-2020-11.pdf
Telangana,2020,11,November,cumulative_fy,39472.0,39469.0,3.0,0.0,False,False,psp_energy-2020-11.pdf
Karnataka,2020,11,November,monthly,5405.0,5405.0,0.0,0.0,False,False,psp_energy-2020-11.pdf
Karnataka,2020,11,November,cumulative_fy,41995.0,41992.0,3.0,0.0,False,False,psp_energy-2020-11.pdf
Kerala,2020,11,November,monthly,2118.0,2117.0,1.0,0.0,False,False,psp_energy-2020-11.pdf
Kerala,2020,11,November,cumulative_fy,16128.0,16124.0,4.0,0.0,False,False,psp_energy-2020-11.pdf
Tamil Nadu,2020,11,November,monthly,7891.0,7891.0,0.0,0.0,False,False,psp_energy-2020-11.pdf
Tamil Nadu,2020,11,November,cumulative_fy,67015.0,67011.0,4.0,0.0,False,False,psp_energy-2020-11.pdf
Puducherry,2020,11,November,monthly,206.0,206.0,0.0,0.0,False,False,psp_energy-2020-11.pdf
Puducherry,2020,11,November,cumulative_fy,1756.0,1756.0,0.0,0.0,False,False,psp_energy-2020-11.pdf
Lakshadweep,2020,11,November,monthly,4.0,4.0,0.0,0.0,False,False,psp_energy-2020-11.pdf
Lakshadweep,2020,11,November,cumulative_fy,37.0,37.0,0.0,0.0,False,False,psp_energy-2020-11.pdf
Southern Region,2020,11,November,monthly,24692.0,24691.0,1.0,0.0,True,False,psp_energy-2020-11.pdf
Southern Region,2020,11,November,cumulative_fy,206442.0,206426.0,16.0,0.0,True,False,psp_energy-2020-11.pdf
Bihar,2020,11,November,monthly,2217.0,2214.0,3.0,0.1,False,False,psp_energy-2020-11.pdf
Bihar,2020,11,November,cumulative_fy,23620.0,23516.0,104.0,0.4,False,False,psp_energy-2020-11.pdf
DVC,2020,11,November,monthly,1854.0,1854.0,0.0,0.0,False,False,psp_energy-2020-11.pdf
DVC,2020,11,November,cumulative_fy,13492.0,13492.0,0.0,0.0,False,False,psp_energy-2020-11.pdf
Jharkhand,2020,11,November,monthly,791.0,778.0,13.0,1.6,False,False,psp_energy-2020-11.pdf
Jharkhand,2020,11,November,cumulative_fy,6475.0,6380.0,95.0,1.5,False,False,psp_energy-2020-11.pdf
Odisha,2020,11,November,monthly,2253.0,2253.0,0.0,0.0,False,False,psp_energy-2020-11.pdf
Odisha,2020,11,November,cumulative_fy,20029.0,20029.0,0.0,0.0,False,False,psp_energy-2020-11.pdf
West Bengal,2020,11,November,monthly,3523.0,3522.0,1.0,0.0,False,False,psp_energy-2020-11.pdf
West Bengal,2020,11,November,cumulative_fy,35474.0,35382.0,92.0,0.3,False,False,psp_energy-2020-11.pdf
Sikkim,2020,11,November,monthly,46.0,46.0,0.0,0.0,False,False,psp_energy-2020-11.pdf
Sikkim,2020,11,November,cumulative_fy,328.0,328.0,0.0,0.0,False,False,psp_energy-2020-11.pdf
Andaman & Nicobar,2020,11,November,monthly,29.0,27.0,2.0,6.7,False,False,psp_energy-2020-11.pdf
Andaman & Nicobar,2020,11,November,cumulative_fy,231.0,215.0,15.0,6.7,False,False,psp_energy-2020-11.pdf
Eastern Region,2020,11,November,monthly,10684.0,10668.0,16.0,0.2,True,False,psp_energy-2020-11.pdf
Eastern Region,2020,11,November,cumulative_fy,99418.0,99127.0,291.0,0.3,True,False,psp_energy-2020-11.pdf
Arunachal Pradesh,2020,11,November,monthly,65.0,64.0,0.0,0.4,False,False,psp_energy-2020-11.pdf
Arunachal Pradesh,2020,11,November,cumulative_fy,443.0,440.0,3.0,0.7,False,False,psp_energy-2020-11.pdf
Assam,2020,11,November,monthly,757.0,740.0,17.0,2.3,False,False,psp_energy-2020-11.pdf
Assam,2020,11,November,cumulative_fy,7176.0,6888.0,289.0,4.0,False,False,psp_energy-2020-11.pdf
Manipur,2020,11,November,monthly,84.0,84.0,0.0,0.4,False,False,psp_energy-2020-11.pdf
Manipur,2020,11,November,cumulative_fy,604.0,600.0,4.0,0.6,False,False,psp_energy-2020-11.pdf
Meghalaya,2020,11,November,monthly,175.0,175.0,0.0,0.0,False,False,psp_energy-2020-11.pdf
Meghalaya,2020,11,November,cumulative_fy,1255.0,1248.0,7.0,0.6,False,False,psp_energy-2020-11.pdf
Mizoram,2020,11,November,monthly,76.0,76.0,0.0,0.4,False,False,psp_energy-2020-11.pdf
Mizoram,2020,11,November,cumulative_fy,479.0,476.0,3.0,0.7,False,False,psp_energy-2020-11.pdf
Nagaland,2020,11,November,monthly,64.0,64.0,0.0,0.5,False,False,psp_energy-2020-11.pdf
Nagaland,2020,11,November,cumulative_fy,567.0,564.0,3.0,0.5,False,False,psp_energy-2020-11.pdf
Tripura,2020,11,November,monthly,111.0,111.0,0.0,0.0,False,False,psp_energy-2020-11.pdf
Tripura,2020,11,November,cumulative_fy,1056.0,1053.0,3.0,0.2,False,False,psp_energy-2020-11.pdf
North-Eastern Region,2020,11,November,monthly,1332.0,1313.0,18.0,1.4,True,False,psp_energy-2020-11.pdf
North-Eastern Region,2020,11,November,cumulative_fy,11580.0,11269.0,311.0,2.7,True,False,psp_energy-2020-11.pdf
All India,2020,11,November,monthly,97374.0,96883.0,492.0,0.5,False,True,psp_energy-2020-11.pdf
All India,2020,11,November,cumulative_fy,834134.0,831386.0,2748.0,0.3,False,True,psp_energy-2020-11.pdf
Chandigarh,2020,12,December,monthly,112.0,112.0,0.0,0.0,False,False,psp_energy-2020-12.pdf
Chandigarh,2020,12,December,cumulative_fy,1195.0,1195.0,0.0,0.0,False,False,psp_energy-2020-12.pdf
Delhi,2020,12,December,monthly,2025.0,2025.0,0.0,0.0,False,False,psp_energy-2020-12.pdf
Delhi,2020,12,December,cumulative_fy,23387.0,23384.0,3.0,0.0,False,False,psp_energy-2020-12.pdf
Haryana,2020,12,December,monthly,4032.0,4024.0,8.0,0.2,False,False,psp_energy-2020-12.pdf
Haryana,2020,12,December,cumulative_fy,41490.0,41455.0,34.0,0.1,False,False,psp_energy-2020-12.pdf
Himachal Pradesh,2020,12,December,monthly,989.0,987.0,3.0,0.3,False,False,psp_energy-2020-12.pdf
Himachal Pradesh,2020,12,December,cumulative_fy,7326.0,7285.0,40.0,0.5,False,False,psp_energy-2020-12.pdf
UT of J&K and Ladakh,2020,12,December,monthly,1995.0,1673.0,322.0,16.1,False,False,psp_energy-2020-12.pdf
UT of J&K and Ladakh,2020,12,December,cumulative_fy,14169.0,12578.0,1591.0,11.2,False,False,psp_energy-2020-12.pdf
Punjab,2020,12,December,monthly,3850.0,3847.0,3.0,0.1,False,False,psp_energy-2020-12.pdf
Punjab,2020,12,December,cumulative_fy,46941.0,46893.0,49.0,0.1,False,False,psp_energy-2020-12.pdf
Rajasthan,2020,12,December,monthly,7805.0,7793.0,12.0,0.2,False,False,psp_energy-2020-12.pdf
Rajasthan,2020,12,December,cumulative_fy,62835.0,62790.0,45.0,0.1,False,False,psp_energy-2020-12.pdf
Uttar Pradesh,2020,12,December,monthly,8855.0,8799.0,56.0,0.6,False,False,psp_energy-2020-12.pdf
Uttar Pradesh,2020,12,December,cumulative_fy,96998.0,96241.0,757.0,0.8,False,False,psp_energy-2020-12.pdf
Uttarakhand,2020,12,December,monthly,1216.0,1216.0,0.0,0.0,False,False,psp_energy-2020-12.pdf
Uttarakhand,2020,12,December,cumulative_fy,10310.0,10309.0,1.0,0.0,False,False,psp_energy-2020-12.pdf
Northern Region,2020,12,December,monthly,30880.0,30475.0,405.0,1.3,True,False,psp_energy-2020-12.pdf
Northern Region,2020,12,December,cumulative_fy,304651.0,302131.0,2519.0,0.8,True,False,psp_energy-2020-12.pdf
Chhattisgarh,2020,12,December,monthly,2563.0,2563.0,0.0,0.0,False,False,psp_energy-2020-12.pdf
Chhattisgarh,2020,12,December,cumulative_fy,22211.0,22210.0,0.0,0.0,False,False,psp_energy-2020-12.pdf
Gujarat,2020,12,December,monthly,9979.0,9979.0,0.0,0.0,False,False,psp_energy-2020-12.pdf
Gujarat,2020,12,December,cumulative_fy,80657.0,80657.0,0.0,0.0,False,False,psp_energy-2020-12.pdf
Madhya Pradesh,2020,12,December,monthly,8594.0,8594.0,0.0,0.0,False,False,psp_energy-2020-12.pdf
Madhya Pradesh,2020,12,December,cumulative_fy,60056.0,60056.0,0.0,0.0,False,False,psp_energy-2020-12.pdf
Maharashtra,2020,12,December,monthly,13694.0,13694.0,0.0,0.0,False,False,psp_energy-2020-12.pdf
Maharashtra,2020,12,December,cumulative_fy,107713.0,107697.0,16.0,0.0,False,False,psp_energy-2020-12.pdf
Daman & Diu,2020,12,December,monthly,222.0,222.0,0.0,0.0,False,False,psp_energy-2020-12.pdf
Daman & Diu,2020,12,December,cumulative_fy,1563.0,1563.0,0.0,0.0,False,False,psp_energy-2020-12.pdf
Dadra & Nagar Haveli,2020,12,December,monthly,568.0,568.0,0.0,0.0,False,False,psp_energy-2020-12.pdf
Dadra & Nagar Haveli,2020,12,December,cumulative_fy,3748.0,3748.0,0.0,0.0,False,False,psp_energy-2020-12.pdf
Goa,2020,12,December,monthly,360.0,360.0,0.0,0.0,False,False,psp_energy-2020-12.pdf
Goa,2020,12,December,cumulative_fy,2957.0,2957.0,0.0,0.0,False,False,psp_energy-2020-12.pdf
Western Region,2020,12,December,monthly,35981.0,35981.0,0.0,0.0,True,False,psp_energy-2020-12.pdf
Western Region,2020,12,December,cumulative_fy,278905.0,278889.0,16.0,0.0,True,False,psp_energy-2020-12.pdf
Andhra Pradesh,2020,12,December,monthly,4820.0,4820.0,0.0,0.0,False,False,psp_energy-2020-12.pdf
Andhra Pradesh,2020,12,December,cumulative_fy,44897.0,44894.0,3.0,0.0,False,False,psp_energy-2020-12.pdf
Telangana,2020,12,December,monthly,5512.0,5512.0,0.0,0.0,False,False,psp_energy-2020-12.pdf
Telangana,2020,12,December,cumulative_fy,44984.0,44981.0,3.0,0.0,False,False,psp_energy-2020-12.pdf
Karnataka,2020,12,December,monthly,6093.0,6093.0,0.0,0.0,False,False,psp_energy-2020-12.pdf
Karnataka,2020,12,December,cumulative_fy,48088.0,48085.0,3.0,0.0,False,False,psp_energy-2020-12.pdf
Kerala,2020,12,December,monthly,2171.0,2171.0,0.0,0.0,False,False,psp_energy-2020-12.pdf
Kerala,2020,12,December,cumulative_fy,18299.0,18295.0,4.0,0.0,False,False,psp_energy-2020-12.pdf
Tamil Nadu,2020,12,December,monthly,7913.0,7913.0,0.0,0.0,False,False,psp_energy-2020-12.pdf
Tamil Nadu,2020,12,December,cumulative_fy,74928.0,74924.0,4.0,0.0,False,False,psp_energy-2020-12.pdf
Puducherry,2020,12,December,monthly,208.0,208.0,0.0,0.0,False,False,psp_energy-2020-12.pdf
Puducherry,2020,12,December,cumulative_fy,1965.0,1965.0,0.0,0.0,False,False,psp_energy-2020-12.pdf
Lakshadweep,2020,12,December,monthly,5.0,5.0,0.0,0.0,False,False,psp_energy-2020-12.pdf
Lakshadweep,2020,12,December,cumulative_fy,41.0,41.0,0.0,0.0,False,False,psp_energy-2020-12.pdf
Southern Region,2020,12,December,monthly,26718.0,26717.0,0.0,0.0,True,False,psp_energy-2020-12.pdf
Southern Region,2020,12,December,cumulative_fy,233159.0,233143.0,16.0,0.0,True,False,psp_energy-2020-12.pdf
Bihar,2020,12,December,monthly,2461.0,2457.0,5.0,0.2,False,False,psp_energy-2020-12.pdf
Bihar,2020,12,December,cumulative_fy,26081.0,25973.0,109.0,0.4,False,False,psp_energy-2020-12.pdf
DVC,2020,12,December,monthly,1948.0,1948.0,0.0,0.0,False,False,psp_energy-2020-12.pdf
DVC,2020,12,December,cumulative_fy,15440.0,15440.0,0.0,0.0,False,False,psp_energy-2020-12.pdf
Jharkhand,2020,12,December,monthly,876.0,837.0,39.0,4.4,False,False,psp_energy-2020-12.pdf
Jharkhand,2020,12,December,cumulative_fy,7351.0,7217.0,133.0,1.8,False,False,psp_energy-2020-12.pdf
Odisha,2020,12,December,monthly,2249.0,2249.0,0.0,0.0,False,False,psp_energy-2020-12.pdf
Odisha,2020,12,December,cumulative_fy,22279.0,22279.0,0.0,0.0,False,False,psp_energy-2020-12.pdf
West Bengal,2020,12,December,monthly,3550.0,3548.0,1.0,0.0,False,False,psp_energy-2020-12.pdf
West Bengal,2020,12,December,cumulative_fy,39024.0,38930.0,93.0,0.2,False,False,psp_energy-2020-12.pdf
Sikkim,2020,12,December,monthly,56.0,56.0,0.0,0.0,False,False,psp_energy-2020-12.pdf
Sikkim,2020,12,December,cumulative_fy,385.0,385.0,0.0,0.0,False,False,psp_energy-2020-12.pdf
Andaman & Nicobar,2020,12,December,monthly,29.0,27.0,2.0,6.7,False,False,psp_energy-2020-12.pdf
Andaman & Nicobar,2020,12,December,cumulative_fy,260.0,242.0,17.0,6.7,False,False,psp_energy-2020-12.pdf
Eastern Region,2020,12,December,monthly,11141.0,11096.0,45.0,0.4,True,False,psp_energy-2020-12.pdf
Eastern Region,2020,12,December,cumulative_fy,110559.0,110223.0,335.0,0.3,True,False,psp_energy-2020-12.pdf
Arunachal Pradesh,2020,12,December,monthly,70.0,69.0,1.0,0.9,False,False,psp_energy-2020-12.pdf
Arunachal Pradesh,2020,12,December,cumulative_fy,513.0,509.0,4.0,0.7,False,False,psp_energy-2020-12.pdf
Assam,2020,12,December,monthly,745.0,727.0,18.0,2.4,False,False,psp_energy-2020-12.pdf
Assam,2020,12,December,cumulative_fy,7922.0,7615.0,306.0,3.9,False,False,psp_energy-2020-12.pdf
Manipur,2020,12,December,monthly,105.0,104.0,1.0,0.5,False,False,psp_energy-2020-12.pdf
Manipur,2020,12,December,cumulative_fy,709.0,705.0,4.0,0.6,False,False,psp_energy-2020-12.pdf
Meghalaya,2020,12,December,monthly,202.0,201.0,0.0,0.2,False,False,psp_energy-2020-12.pdf
Meghalaya,2020,12,December,cumulative_fy,1456.0,1449.0,8.0,0.5,False,False,psp_energy-2020-12.pdf
Mizoram,2020,12,December,monthly,77.0,77.0,0.0,0.4,False,False,psp_energy-2020-12.pdf
Mizoram,2020,12,December,cumulative_fy,556.0,552.0,3.0,0.6,False,False,psp_energy-2020-12.pdf
Nagaland,2020,12,December,monthly,69.0,69.0,0.0,0.5,False,False,psp_energy-2020-12.pdf
Nagaland,2020,12,December,cumulative_fy,636.0,633.0,3.0,0.5,False,False,psp_energy-2020-12.pdf
Tripura,2020,12,December,monthly,105.0,105.0,0.0,0.0,False,False,psp_energy-2020-12.pdf
Tripura,2020,12,December,cumulative_fy,1161.0,1159.0,3.0,0.2,False,False,psp_energy-2020-12.pdf
North-Eastern Region,2020,12,December,monthly,1373.0,1353.0,20.0,1.5,True,False,psp_energy-2020-12.pdf
North-Eastern Region,2020,12,December,cumulative_fy,12953.0,12622.0,331.0,2.6,True,False,psp_energy-2020-12.pdf
All India,2020,12,December,monthly,106093.0,105623.0,470.0,0.4,False,True,psp_energy-2020-12.pdf
All India,2020,12,December,cumulative_fy,940227.0,937009.0,3219.0,0.3,False,True,psp_energy-2020-12.pdf
Chandigarh,2021,1,January,monthly,131.0,131.0,0.0,0.0,False,False,psp_energy-2021-01.pdf
Chandigarh,2021,1,January,cumulative_fy,1326.0,1326.0,0.0,0.0,False,False,psp_energy-2021-01.pdf
Delhi,2021,1,January,monthly,2270.0,2270.0,0.0,0.0,False,False,psp_energy-2021-01.pdf
Delhi,2021,1,January,cumulative_fy,25657.0,25654.0,4.0,0.0,False,False,psp_energy-2021-01.pdf
Haryana,2021,1,January,monthly,3927.0,3924.0,3.0,0.1,False,False,psp_energy-2021-01.pdf
Haryana,2021,1,January,cumulative_fy,45417.0,45380.0,37.0,0.1,False,False,psp_energy-2021-01.pdf
Himachal Pradesh,2021,1,January,monthly,1003.0,999.0,4.0,0.4,False,False,psp_energy-2021-01.pdf
Himachal Pradesh,2021,1,January,cumulative_fy,8329.0,8285.0,44.0,0.5,False,False,psp_energy-2021-01.pdf
UT of J&K and Ladakh,2021,1,January,monthly,2035.0,1654.0,381.0,18.7,False,False,psp_energy-2021-01.pdf
UT of J&K and Ladakh,2021,1,January,cumulative_fy,16204.0,14232.0,1971.0,12.2,False,False,psp_energy-2021-01.pdf
Punjab,2021,1,January,monthly,3853.0,3849.0,4.0,0.1,False,False,psp_energy-2021-01.pdf
Punjab,2021,1,January,cumulative_fy,50794.0,50742.0,52.0,0.1,False,False,psp_energy-2021-01.pdf
Rajasthan,2021,1,January,monthly,7803.0,7782.0,21.0,0.3,False,False,psp_energy-2021-01.pdf
Rajasthan,2021,1,January,cumulative_fy,70638.0,70572.0,66.0,0.1,False,False,psp_energy-2021-01.pdf
Uttar Pradesh,2021,1,January,monthly,9240.0,9178.0,61.0,0.7,False,False,psp_energy-2021-01.pdf
Uttar Pradesh,2021,1,January,cumulative_fy,106238.0,105419.0,819.0,0.8,False,False,psp_energy-2021-01.pdf
Uttarakhand,2021,1,January,monthly,1263.0,1260.0,3.0,0.2,False,False,psp_energy-2021-01.pdf
Uttarakhand,2021,1,January,cumulative_fy,11573.0,11570.0,3.0,0.0,False,False,psp_energy-2021-01.pdf
Northern Region,2021,1,January,monthly,31525.0,31048.0,477.0,1.5,True,False,psp_energy-2021-01.pdf
Northern Region,2021,1,January,cumulative_fy,336176.0,333179.0,2997.0,0.9,True,False,psp_energy-2021-01.pdf
Chhattisgarh,2021,1,January,monthly,2822.0,2815.0,7.0,0.2,False,False,psp_energy-2021-01.pdf
Chhattisgarh,2021,1,January,cumulative_fy,25033.0,25026.0,7.0,0.0,False,False,psp_energy-2021-01.pdf
Gujarat,2021,1,January,monthly,10058.0,10058.0,0.0,0.0,False,False,psp_energy-2021-01.pdf
Gujarat,2021,1,January,cumulative_fy,90715.0,90715.0,0.0,0.0,False,False,psp_energy-2021-01.pdf
Madhya Pradesh,2021,1,January,monthly,8791.0,8791.0,0.0,0.0,False,False,psp_energy-2021-01.pdf
Madhya Pradesh,2021,1,January,cumulative_fy,68847.0,68847.0,0.0,0.0,False,False,psp_energy-2021-01.pdf
Maharashtra,2021,1,January,monthly,13985.0,13985.0,0.0,0.0,False,False,psp_energy-2021-01.pdf
Maharashtra,2021,1,January,cumulative_fy,121698.0,121682.0,16.0,0.0,False,False,psp_energy-2021-01.pdf
Daman & Diu,2021,1,January,monthly,224.0,224.0,0.0,0.0,False,False,psp_energy-2021-01.pdf
Daman & Diu,2021,1,January,cumulative_fy,1787.0,1787.0,0.0,0.0,False,False,psp_energy-2021-01.pdf
Dadra & Nagar Haveli,2021,1,January,monthly,591.0,591.0,0.0,0.0,False,False,psp_energy-2021-01.pdf
Dadra & Nagar Haveli,2021,1,January,cumulative_fy,4339.0,4339.0,0.0,0.0,False,False,psp_energy-2021-01.pdf
Goa,2021,1,January,monthly,372.0,372.0,0.0,0.0,False,False,psp_energy-2021-01.pdf
Goa,2021,1,January,cumulative_fy,3329.0,3329.0,0.0,0.0,False,False,psp_energy-2021-01.pdf
Western Region,2021,1,January,monthly,36842.0,36835.0,7.0,0.0,True,False,psp_energy-2021-01.pdf
Western Region,2021,1,January,cumulative_fy,315747.0,315724.0,23.0,0.0,True,False,psp_energy-2021-01.pdf
Andhra Pradesh,2021,1,January,monthly,5320.0,5320.0,0.0,0.0,False,False,psp_energy-2021-01.pdf
Andhra Pradesh,2021,1,January,cumulative_fy,50217.0,50214.0,3.0,0.0,False,False,psp_energy-2021-01.pdf
Telangana,2021,1,January,monthly,6896.0,6896.0,0.0,0.0,False,False,psp_energy-2021-01.pdf
Telangana,2021,1,January,cumulative_fy,51880.0,51877.0,3.0,0.0,False,False,psp_energy-2021-01.pdf
Karnataka,2021,1,January,monthly,6363.0,6363.0,0.0,0.0,False,False,psp_energy-2021-01.pdf
Karnataka,2021,1,January,cumulative_fy,54451.0,54448.0,3.0,0.0,False,False,psp_energy-2021-01.pdf
Kerala,2021,1,January,monthly,2172.0,2166.0,6.0,0.3,False,False,psp_energy-2021-01.pdf
Kerala,2021,1,January,cumulative_fy,20471.0,20461.0,10.0,0.0,False,False,psp_energy-2021-01.pdf
Tamil Nadu,2021,1,January,monthly,7722.0,7722.0,0.0,0.0,False,False,psp_energy-2021-01.pdf
Tamil Nadu,2021,1,January,cumulative_fy,82650.0,82646.0,4.0,0.0,False,False,psp_energy-2021-01.pdf
Puducherry,2021,1,January,monthly,217.0,217.0,0.0,0.0,False,False,psp_energy-2021-01.pdf
Puducherry,2021,1,January,cumulative_fy,2181.0,2181.0,0.0,0.0,False,False,psp_energy-2021-01.pdf
Lakshadweep,2021,1,January,monthly,5.0,5.0,0.0,0.0,False,False,psp_energy-2021-01.pdf
Lakshadweep,2021,1,January,cumulative_fy,46.0,46.0,0.0,0.0,False,False,psp_energy-2021-01.pdf
Southern Region,2021,1,January,monthly,28690.0,28684.0,6.0,0.0,True,False,psp_energy-2021-01.pdf
Southern Region,2021,1,January,cumulative_fy,261849.0,261827.0,22.0,0.0,True,False,psp_energy-2021-01.pdf
Bihar,2021,1,January,monthly,2742.0,2731.0,11.0,0.4,False,False,psp_energy-2021-01.pdf
Bihar,2021,1,January,cumulative_fy,28823.0,28703.0,120.0,0.4,False,False,psp_energy-2021-01.pdf
DVC,2021,1,January,monthly,2039.0,2039.0,0.0,0.0,False,False,psp_energy-2021-01.pdf
DVC,2021,1,January,cumulative_fy,17479.0,17479.0,0.0,0.0,False,False,psp_energy-2021-01.pdf
Jharkhand,2021,1,January,monthly,885.0,842.0,43.0,4.8,False,False,psp_energy-2021-01.pdf
Jharkhand,2021,1,January,cumulative_fy,8235.0,8059.0,176.0,2.1,False,False,psp_energy-2021-01.pdf
Odisha,2021,1,January,monthly,2339.0,2339.0,0.0,0.0,False,False,psp_energy-2021-01.pdf
Odisha,2021,1,January,cumulative_fy,24618.0,24618.0,0.0,0.0,False,False,psp_energy-2021-01.pdf
West Bengal,2021,1,January,monthly,3840.0,3838.0,2.0,0.1,False,False,psp_energy-2021-01.pdf
West Bengal,2021,1,January,cumulative_fy,42864.0,42768.0,95.0,0.2,False,False,psp_energy-2021-01.pdf
Sikkim,2021,1,January,monthly,58.0,58.0,0.0,0.0,False,False,psp_energy-2021-01.pdf
Sikkim,2021,1,January,cumulative_fy,443.0,443.0,0.0,0.0,False,False,psp_energy-2021-01.pdf
Andaman & Nicobar,2021,1,January,monthly,29.0,27.0,2.0,6.7,False,False,psp_energy-2021-01.pdf
Andaman & Nicobar,2021,1,January,cumulative_fy,288.0,269.0,19.0,6.7,False,False,psp_energy-2021-01.pdf
Eastern Region,2021,1,January,monthly,11902.0,11846.0,56.0,0.5,True,False,psp_energy-2021-01.pdf
Eastern Region,2021,1,January,cumulative_fy,122461.0,122069.0,391.0,0.3,True,False,psp_energy-2021-01.pdf
Arunachal Pradesh,2021,1,January,monthly,71.0,71.0,0.0,0.4,False,False,psp_energy-2021-01.pdf
Arunachal Pradesh,2021,1,January,cumulative_fy,585.0,581.0,4.0,0.7,False,False,psp_energy-2021-01.pdf
Assam,2021,1,January,monthly,745.0,731.0,15.0,2.0,False,False,psp_energy-2021-01.pdf
Assam,2021,1,January,cumulative_fy,8667.0,8346.0,321.0,3.7,False,False,psp_energy-2021-01.pdf
Manipur,2021,1,January,monthly,104.0,103.0,0.0,0.3,False,False,psp_energy-2021-01.pdf
Manipur,2021,1,January,cumulative_fy,812.0,808.0,4.0,0.5,False,False,psp_energy-2021-01.pdf
Meghalaya,2021,1,January,monthly,209.0,209.0,0.0,0.0,False,False,psp_energy-2021-01.pdf
Meghalaya,2021,1,January,cumulative_fy,1665.0,1658.0,8.0,0.5,False,False,psp_energy-2021-01.pdf
Mizoram,2021,1,January,monthly,64.0,63.0,0.0,0.5,False,False,psp_energy-2021-01.pdf
Mizoram,2021,1,January,cumulative_fy,619.0,616.0,4.0,0.6,False,False,psp_energy-2021-01.pdf
Nagaland,2021,1,January,monthly,66.0,66.0,0.0,0.5,False,False,psp_energy-2021-01.pdf
Nagaland,2021,1,January,cumulative_fy,702.0,699.0,4.0,0.5,False,False,psp_energy-2021-01.pdf
Tripura,2021,1,January,monthly,111.0,111.0,0.0,0.0,False,False,psp_energy-2021-01.pdf
Tripura,2021,1,January,cumulative_fy,1272.0,1269.0,3.0,0.2,False,False,psp_energy-2021-01.pdf
North-Eastern Region,2021,1,January,monthly,1369.0,1354.0,16.0,1.2,True,False,psp_energy-2021-01.pdf
North-Eastern Region,2021,1,January,cumulative_fy,14323.0,13976.0,347.0,2.4,True,False,psp_energy-2021-01.pdf
All India,2021,1,January,monthly,110329.0,109767.0,561.0,0.5,False,True,psp_energy-2021-01.pdf
All India,2021,1,January,cumulative_fy,1050556.0,1046776.0,3780.0,0.4,False,True,psp_energy-2021-01.pdf
Chandigarh,2021,2,February,monthly,98.0,98.0,0.0,0.0,False,False,psp_energy-2021-02.pdf
Chandigarh,2021,2,February,cumulative_fy,1424.0,1424.0,0.0,0.0,False,False,psp_energy-2021-02.pdf
Delhi,2021,2,February,monthly,1805.0,1805.0,0.0,0.0,False,False,psp_energy-2021-02.pdf
Delhi,2021,2,February,cumulative_fy,27462.0,27458.0,4.0,0.0,False,False,psp_energy-2021-02.pdf
Haryana,2021,2,February,monthly,3749.0,3744.0,5.0,0.1,False,False,psp_energy-2021-02.pdf
Haryana,2021,2,February,cumulative_fy,49166.0,49124.0,42.0,0.1,False,False,psp_energy-2021-02.pdf
Himachal Pradesh,2021,2,February,monthly,881.0,871.0,10.0,1.1,False,False,psp_energy-2021-02.pdf
Himachal Pradesh,2021,2,February,cumulative_fy,9210.0,9156.0,54.0,0.6,False,False,psp_energy-2021-02.pdf
UT of J&K and Ladakh,2021,2,February,monthly,1738.0,1434.0,304.0,17.5,False,False,psp_energy-2021-02.pdf
UT of J&K and Ladakh,2021,2,February,cumulative_fy,17942.0,15666.0,2275.0,12.7,False,False,psp_energy-2021-02.pdf
Punjab,2021,2,February,monthly,3605.0,3595.0,9.0,0.3,False,False,psp_energy-2021-02.pdf
Punjab,2021,2,February,cumulative_fy,54399.0,54338.0,61.0,0.1,False,False,psp_energy-2021-02.pdf
Rajasthan,2021,2,February,monthly,7410.0,7392.0,18.0,0.2,False,False,psp_energy-2021-02.pdf
Rajasthan,2021,2,February,cumulative_fy,78048.0,77964.0,84.0,0.1,False,False,psp_energy-2021-02.pdf
Uttar Pradesh,2021,2,February,monthly,8259.0,8182.0,77.0,0.9,False,False,psp_energy-2021-02.pdf
Uttar Pradesh,2021,2,February,cumulative_fy,114497.0,113601.0,896.0,0.8,False,False,psp_energy-2021-02.pdf
Uttarakhand,2021,2,February,monthly,1100.0,1099.0,1.0,0.1,False,False,psp_energy-2021-02.pdf
Uttarakhand,2021,2,February,cumulative_fy,12673.0,12668.0,4.0,0.0,False,False,psp_energy-2021-02.pdf
Northern Region,2021,2,February,monthly,28644.0,28219.0,424.0,1.5,True,False,psp_energy-2021-02.pdf
Northern Region,2021,2,February,cumulative_fy,364820.0,361398.0,3421.0,0.9,True,False,psp_energy-2021-02.pdf
Chhattisgarh,2021,2,February,monthly,2709.0,2702.0,7.0,0.2,False,False,psp_energy-2021-02.pdf
Chhattisgarh,2021,2,February,cumulative_fy,27742.0,27728.0,14.0,0.0,False,False,psp_energy-2021-02.pdf
Gujarat,2021,2,February,monthly,9547.0,9547.0,0.0,0.0,False,False,psp_energy-2021-02.pdf
Gujarat,2021,2,February,cumulative_fy,100261.0,100261.0,0.0,0.0,False,False,psp_energy-2021-02.pdf
Madhya Pradesh,2021,2,February,monthly,7522.0,7522.0,0.0,0.0,False,False,psp_energy-2021-02.pdf
Madhya Pradesh,2021,2,February,cumulative_fy,76369.0,76369.0,0.0,0.0,False,False,psp_energy-2021-02.pdf
Maharashtra,2021,2,February,monthly,13025.0,13025.0,0.0,0.0,False,False,psp_energy-2021-02.pdf
Maharashtra,2021,2,February,cumulative_fy,134723.0,134707.0,16.0,0.0,False,False,psp_energy-2021-02.pdf
Daman & Diu,2021,2,February,monthly,209.0,209.0,0.0,0.0,False,False,psp_energy-2021-02.pdf
Daman & Diu,2021,2,February,cumulative_fy,1996.0,1996.0,0.0,0.0,False,False,psp_energy-2021-02.pdf
Dadra & Nagar Haveli,2021,2,February,monthly,550.0,550.0,0.0,0.0,False,False,psp_energy-2021-02.pdf
Dadra & Nagar Haveli,2021,2,February,cumulative_fy,4889.0,4889.0,0.0,0.0,False,False,psp_energy-2021-02.pdf
Goa,2021,2,February,monthly,335.0,335.0,0.0,0.0,False,False,psp_energy-2021-02.pdf
Goa,2021,2,February,cumulative_fy,3664.0,3664.0,0.0,0.0,False,False,psp_energy-2021-02.pdf
Western Region,2021,2,February,monthly,33897.0,33890.0,7.0,0.0,True,False,psp_energy-2021-02.pdf
Western Region,2021,2,February,cumulative_fy,349644.0,349614.0,30.0,0.0,True,False,psp_energy-2021-02.pdf
Andhra Pradesh,2021,2,February,monthly,5272.0,5271.0,1.0,0.0,False,False,psp_energy-2021-02.pdf
Andhra Pradesh,2021,2,February,cumulative_fy,55489.0,55485.0,4.0,0.0,False,False,psp_energy-2021-02.pdf
Telangana,2021,2,February,monthly,6783.0,6782.0,1.0,0.0,False,False,psp_energy-2021-02.pdf
Telangana,2021,2,February,cumulative_fy,58663.0,58659.0,4.0,0.0,False,False,psp_energy-2021-02.pdf
Karnataka,2021,2,February,monthly,6392.0,6391.0,1.0,0.0,False,False,psp_energy-2021-02.pdf
Karnataka,2021,2,February,cumulative_fy,60843.0,60839.0,4.0,0.0,False,False,psp_energy-2021-02.pdf
Kerala,2021,2,February,monthly,2099.0,2093.0,6.0,0.3,False,False,psp_energy-2021-02.pdf
Kerala,2021,2,February,cumulative_fy,22570.0,22554.0,16.0,0.1,False,False,psp_energy-2021-02.pdf
Tamil Nadu,2021,2,February,monthly,8193.0,8191.0,2.0,0.0,False,False,psp_energy-2021-02.pdf
Tamil Nadu,2021,2,February,cumulative_fy,90843.0,90837.0,5.0,0.0,False,False,psp_energy-2021-02.pdf
Puducherry,2021,2,February,monthly,208.0,208.0,0.0,0.0,False,False,psp_energy-2021-02.pdf
Puducherry,2021,2,February,cumulative_fy,2389.0,2389.0,0.0,0.0,False,False,psp_energy-2021-02.pdf
Lakshadweep,2021,2,February,monthly,4.0,4.0,0.0,0.0,False,False,psp_energy-2021-02.pdf
Lakshadweep,2021,2,February,cumulative_fy,51.0,51.0,0.0,0.0,False,False,psp_energy-2021-02.pdf
Southern Region,2021,2,February,monthly,28947.0,28936.0,11.0,0.0,True,False,psp_energy-2021-02.pdf
Southern Region,2021,2,February,cumulative_fy,290796.0,290763.0,33.0,0.0,True,False,psp_energy-2021-02.pdf
Bihar,2021,2,February,monthly,2426.0,2413.0,12.0,0.5,False,False,psp_energy-2021-02.pdf
Bihar,2021,2,February,cumulative_fy,31249.0,31117.0,132.0,0.4,False,False,psp_energy-2021-02.pdf
DVC,2021,2,February,monthly,1831.0,1831.0,0.0,0.0,False,False,psp_energy-2021-02.pdf
DVC,2021,2,February,cumulative_fy,19309.0,19309.0,0.0,0.0,False,False,psp_energy-2021-02.pdf
Jharkhand,2021,2,February,monthly,796.0,748.0,48.0,6.0,False,False,psp_energy-2021-02.pdf
Jharkhand,2021,2,February,cumulative_fy,9032.0,8808.0,224.0,2.5,False,False,psp_energy-2021-02.pdf
Odisha,2021,2,February,monthly,2284.0,2284.0,0.0,0.0,False,False,psp_energy-2021-02.pdf
Odisha,2021,2,February,cumulative_fy,26902.0,26902.0,0.0,0.0,False,False,psp_energy-2021-02.pdf
West Bengal,2021,2,February,monthly,3669.0,3668.0,1.0,0.0,False,False,psp_energy-2021-02.pdf
West Bengal,2021,2,February,cumulative_fy,46533.0,46436.0,97.0,0.2,False,False,psp_energy-2021-02.pdf
Sikkim,2021,2,February,monthly,51.0,51.0,0.0,0.0,False,False,psp_energy-2021-02.pdf
Sikkim,2021,2,February,cumulative_fy,493.0,493.0,0.0,0.0,False,False,psp_energy-2021-02.pdf
Andaman & Nicobar,2021,2,February,monthly,29.0,27.0,2.0,6.7,False,False,psp_energy-2021-02.pdf
Andaman & Nicobar,2021,2,February,cumulative_fy,317.0,296.0,21.0,6.7,False,False,psp_energy-2021-02.pdf
Eastern Region,2021,2,February,monthly,11057.0,10995.0,62.0,0.6,True,False,psp_energy-2021-02.pdf
Eastern Region,2021,2,February,cumulative_fy,133518.0,133065.0,453.0,0.3,True,False,psp_energy-2021-02.pdf
Arunachal Pradesh,2021,2,February,monthly,64.0,64.0,0.0,0.4,False,False,psp_energy-2021-02.pdf
Arunachal Pradesh,2021,2,February,cumulative_fy,649.0,645.0,4.0,0.7,False,False,psp_energy-2021-02.pdf
Assam,2021,2,February,monthly,688.0,677.0,11.0,1.6,False,False,psp_energy-2021-02.pdf
Assam,2021,2,February,cumulative_fy,9355.0,9022.0,332.0,3.5,False,False,psp_energy-2021-02.pdf
Manipur,2021,2,February,monthly,83.0,83.0,0.0,0.3,False,False,psp_energy-2021-02.pdf
Manipur,2021,2,February,cumulative_fy,896.0,891.0,5.0,0.5,False,False,psp_energy-2021-02.pdf
Meghalaya,2021,2,February,monthly,180.0,176.0,4.0,2.3,False,False,psp_energy-2021-02.pdf
Meghalaya,2021,2,February,cumulative_fy,1845.0,1833.0,12.0,0.6,False,False,psp_energy-2021-02.pdf
Mizoram,2021,2,February,monthly,55.0,55.0,0.0,0.5,False,False,psp_energy-2021-02.pdf
Mizoram,2021,2,February,cumulative_fy,674.0,670.0,4.0,0.6,False,False,psp_energy-2021-02.pdf
Nagaland,2021,2,February,monthly,60.0,60.0,0.0,0.4,False,False,psp_energy-2021-02.pdf
Nagaland,2021,2,February,cumulative_fy,762.0,758.0,4.0,0.5,False,False,psp_energy-2021-02.pdf
Tripura,2021,2,February,monthly,98.0,98.0,0.0,0.0,False,False,psp_energy-2021-02.pdf
Tripura,2021,2,February,cumulative_fy,1370.0,1367.0,3.0,0.2,False,False,psp_energy-2021-02.pdf
North-Eastern Region,2021,2,February,monthly,1228.0,1212.0,16.0,1.3,True,False,psp_energy-2021-02.pdf
North-Eastern Region,2021,2,February,cumulative_fy,15551.0,15188.0,363.0,2.3,True,False,psp_energy-2021-02.pdf
All India,2021,2,February,monthly,103772.0,103252.0,520.0,0.5,False,True,psp_energy-2021-02.pdf
All India,2021,2,February,cumulative_fy,1154328.0,1150028.0,4300.0,0.4,False,True,psp_energy-2021-02.pdf
Chandigarh,2021,3,March,monthly,99.0,99.0,0.0,0.0,False,False,psp_energy-2021-03.pdf
Chandigarh,2021,3,March,cumulative_fy,1523.0,1523.0,0.0,0.0,False,False,psp_energy-2021-03.pdf
Delhi,2021,3,March,monthly,2097.0,2097.0,0.0,0.0,False,False,psp_energy-2021-03.pdf
Delhi,2021,3,March,cumulative_fy,29560.0,29555.0,4.0,0.0,False,False,psp_energy-2021-03.pdf
Haryana,2021,3,March,monthly,3995.0,3984.0,10.0,0.3,False,False,psp_energy-2021-03.pdf
Haryana,2021,3,March,cumulative_fy,53161.0,53108.0,53.0,0.1,False,False,psp_energy-2021-03.pdf
Himachal Pradesh,2021,3,March,monthly,976.0,975.0,1.0,0.2,False,False,psp_energy-2021-03.pdf
Himachal Pradesh,2021,3,March,cumulative_fy,10186.0,10130.0,56.0,0.5,False,False,psp_energy-2021-03.pdf
UT of J&K and Ladakh,2021,3,March,monthly,1832.0,1556.0,275.0,15.0,False,False,psp_energy-2021-03.pdf
UT of J&K and Ladakh,2021,3,March,cumulative_fy,19773.0,17222.0,2551.0,12.9,False,False,psp_energy-2021-03.pdf
Punjab,2021,3,March,monthly,4046.0,4040.0,6.0,0.2,False,False,psp_energy-2021-03.pdf
Punjab,2021,3,March,cumulative_fy,58445.0,58377.0,67.0,0.1,False,False,psp_energy-2021-03.pdf
Rajasthan,2021,3,March,monthly,7263.0,7241.0,22.0,0.3,False,False,psp_energy-2021-03.pdf
Rajasthan,2021,3,March,cumulative_fy,85311.0,85205.0,106.0,0.1,False,False,psp_energy-2021-03.pdf
Uttar Pradesh,2021,3,March,monthly,9871.0,9783.0,88.0,0.9,False,False,psp_energy-2021-03.pdf
Uttar Pradesh,2021,3,March,cumulative_fy,124367.0,123383.0,984.0,0.8,False,False,psp_energy-2021-03.pdf
Uttarakhand,2021,3,March,monthly,1154.0,1150.0,4.0,0.3,False,False,psp_energy-2021-03.pdf
Uttarakhand,2021,3,March,cumulative_fy,13827.0,13818.0,8.0,0.1,False,False,psp_energy-2021-03.pdf
Northern Region,2021,3,March,monthly,31332.0,30924.0,408.0,1.3,True,False,psp_energy-2021-03.pdf
Northern Region,2021,3,March,cumulative_fy,396151.0,392323.0,3829.0,1.0,True,False,psp_energy-2021-03.pdf
Chhattisgarh,2021,3,March,monthly,2730.0,2721.0,9.0,0.3,False,False,psp_energy-2021-03.pdf
Chhattisgarh,2021,3,March,cumulative_fy,30472.0,30449.0,22.0,0.1,False,False,psp_energy-2021-03.pdf
Gujarat,2021,3,March,monthly,11361.0,11361.0,0.0,0.0,False,False,psp_energy-2021-03.pdf
Gujarat,2021,3,March,cumulative_fy,111622.0,111622.0,0.0,0.0,False,False,psp_energy-2021-03.pdf
Madhya Pradesh,2021,3,March,monthly,7068.0,7068.0,0.0,0.0,False,False,psp_energy-2021-03.pdf
Madhya Pradesh,2021,3,March,cumulative_fy,83437.0,83437.0,0.0,0.0,False,False,psp_energy-2021-03.pdf
Maharashtra,2021,3,March,monthly,15956.0,15956.0,0.0,0.0,False,False,psp_energy-2021-03.pdf
Maharashtra,2021,3,March,cumulative_fy,150679.0,150663.0,16.0,0.0,False,False,psp_energy-2021-03.pdf
Daman & Diu,2021,3,March,monthly,228.0,228.0,0.0,0.0,False,False,psp_energy-2021-03.pdf
Daman & Diu,2021,3,March,cumulative_fy,2223.0,2223.0,0.0,0.0,False,False,psp_energy-2021-03.pdf
Dadra & Nagar Haveli,2021,3,March,monthly,608.0,608.0,0.0,0.0,False,False,psp_energy-2021-03.pdf
Dadra & Nagar Haveli,2021,3,March,cumulative_fy,5497.0,5497.0,0.0,0.0,False,False,psp_energy-2021-03.pdf
Goa,2021,3,March,monthly,419.0,419.0,0.0,0.0,False,False,psp_energy-2021-03.pdf
Goa,2021,3,March,cumulative_fy,4083.0,4083.0,0.0,0.0,False,False,psp_energy-2021-03.pdf
Western Region,2021,3,March,monthly,38369.0,38361.0,9.0,0.0,True,False,psp_energy-2021-03.pdf
Western Region,2021,3,March,cumulative_fy,388013.0,387975.0,38.0,0.0,True,False,psp_energy-2021-03.pdf
Andhra Pradesh,2021,3,March,monthly,6591.0,6591.0,0.0,0.0,False,False,psp_energy-2021-03.pdf
Andhra Pradesh,2021,3,March,cumulative_fy,62080.0,62076.0,4.0,0.0,False,False,psp_energy-2021-03.pdf
Telangana,2021,3,March,monthly,8336.0,8336.0,0.0,0.0,False,False,psp_energy-2021-03.pdf
Telangana,2021,3,March,cumulative_fy,66998.0,66994.0,4.0,0.0,False,False,psp_energy-2021-03.pdf
Karnataka,2021,3,March,monthly,8008.0,7992.0,16.0,0.2,False,False,psp_energy-2021-03.pdf
Karnataka,2021,3,March,cumulative_fy,68851.0,68831.0,19.0,0.0,False,False,psp_energy-2021-03.pdf
Kerala,2021,3,March,monthly,2548.0,2548.0,0.0,0.0,False,False,psp_energy-2021-03.pdf
Kerala,2021,3,March,cumulative_fy,25118.0,25102.0,16.0,0.1,False,False,psp_energy-2021-03.pdf
Tamil Nadu,2021,3,March,monthly,10351.0,10351.0,0.0,0.0,False,False,psp_energy-2021-03.pdf
Tamil Nadu,2021,3,March,cumulative_fy,101194.0,101189.0,5.0,0.0,False,False,psp_energy-2021-03.pdf
Puducherry,2021,3,March,monthly,255.0,255.0,0.0,0.0,False,False,psp_energy-2021-03.pdf
Puducherry,2021,3,March,cumulative_fy,2644.0,2644.0,0.0,0.0,False,False,psp_energy-2021-03.pdf
Lakshadweep,2021,3,March,monthly,5.0,5.0,0.0,0.0,False,False,psp_energy-2021-03.pdf
Lakshadweep,2021,3,March,cumulative_fy,56.0,56.0,0.0,0.0,False,False,psp_energy-2021-03.pdf
Southern Region,2021,3,March,monthly,36089.0,36073.0,16.0,0.0,True,False,psp_energy-2021-03.pdf
Southern Region,2021,3,March,cumulative_fy,326885.0,326836.0,48.0,0.0,True,False,psp_energy-2021-03.pdf
Bihar,2021,3,March,monthly,2922.0,2901.0,21.0,0.7,False,False,psp_energy-2021-03.pdf
Bihar,2021,3,March,cumulative_fy,34171.0,34018.0,153.0,0.4,False,False,psp_energy-2021-03.pdf
DVC,2021,3,March,monthly,2059.0,2059.0,0.0,0.0,False,False,psp_energy-2021-03.pdf
DVC,2021,3,March,cumulative_fy,21368.0,21368.0,0.0,0.0,False,False,psp_energy-2021-03.pdf
Jharkhand,2021,3,March,monthly,922.0,868.0,54.0,5.9,False,False,psp_energy-2021-03.pdf
Jharkhand,2021,3,March,cumulative_fy,9953.0,9675.0,278.0,2.8,False,False,psp_energy-2021-03.pdf
Odisha,2021,3,March,monthly,2947.0,2947.0,0.0,0.0,False,False,psp_energy-2021-03.pdf
Odisha,2021,3,March,cumulative_fy,29848.0,29848.0,0.0,0.0,False,False,psp_energy-2021-03.pdf
West Bengal,2021,3,March,monthly,5111.0,5107.0,3.0,0.1,False,False,psp_energy-2021-03.pdf
West Bengal,2021,3,March,cumulative_fy,51644.0,51543.0,100.0,0.2,False,False,psp_energy-2021-03.pdf
Sikkim,2021,3,March,monthly,52.0,52.0,0.0,0.0,False,False,psp_energy-2021-03.pdf
Sikkim,2021,3,March,cumulative_fy,546.0,546.0,0.0,0.0,False,False,psp_energy-2021-03.pdf
Andaman & Nicobar,2021,3,March,monthly,29.0,27.0,2.0,6.7,False,False,psp_energy-2021-03.pdf
Andaman & Nicobar,2021,3,March,cumulative_fy,346.0,323.0,23.0,6.7,False,False,psp_energy-2021-03.pdf
Eastern Region,2021,3,March,monthly,14012.0,13934.0,78.0,0.6,True,False,psp_energy-2021-03.pdf
Eastern Region,2021,3,March,cumulative_fy,147530.0,146999.0,531.0,0.4,True,False,psp_energy-2021-03.pdf
Arunachal Pradesh,2021,3,March,monthly,70.0,69.0,1.0,0.8,False,False,psp_energy-2021-03.pdf
Arunachal Pradesh,2021,3,March,cumulative_fy,719.0,714.0,5.0,0.7,False,False,psp_energy-2021-03.pdf
Assam,2021,3,March,monthly,837.0,793.0,45.0,5.3,False,False,psp_energy-2021-03.pdf
Assam,2021,3,March,cumulative_fy,10192.0,9815.0,377.0,3.7,False,False,psp_energy-2021-03.pdf
Manipur,2021,3,March,monthly,78.0,78.0,0.0,0.4,False,False,psp_energy-2021-03.pdf
Manipur,2021,3,March,cumulative_fy,974.0,969.0,5.0,0.5,False,False,psp_energy-2021-03.pdf
Meghalaya,2021,3,March,monthly,186.0,172.0,14.0,7.6,False,False,psp_energy-2021-03.pdf
Meghalaya,2021,3,March,cumulative_fy,2031.0,2005.0,26.0,1.3,False,False,psp_energy-2021-03.pdf
Mizoram,2021,3,March,monthly,53.0,53.0,0.0,0.6,False,False,psp_energy-2021-03.pdf
Mizoram,2021,3,March,cumulative_fy,728.0,723.0,4.0,0.6,False,False,psp_energy-2021-03.pdf
Nagaland,2021,3,March,monthly,64.0,64.0,0.0,0.6,False,False,psp_energy-2021-03.pdf
Nagaland,2021,3,March,cumulative_fy,826.0,822.0,4.0,0.5,False,False,psp_energy-2021-03.pdf
Tripura,2021,3,March,monthly,115.0,114.0,0.0,0.3,False,False,psp_energy-2021-03.pdf
Tripura,2021,3,March,cumulative_fy,1484.0,1481.0,3.0,0.2,False,False,psp_energy-2021-03.pdf
North-Eastern Region,2021,3,March,monthly,1404.0,1343.0,61.0,4.3,True,False,psp_energy-2021-03.pdf
North-Eastern Region,2021,3,March,cumulative_fy,16955.0,16531.0,424.0,2.5,True,False,psp_energy-2021-03.pdf
All India,2021,3,March,monthly,121205.0,120635.0,571.0,0.5,False,True,psp_energy-2021-03.pdf
All India,2021,3,March,cumulative_fy,1275534.0,1270663.0,4871.0,0.4,False,True,psp_energy-2021-03.pdf
Chandigarh,2023,2,February,monthly,97.0,97.0,0.0,0.0,False,False,psp_energy-2023-02.pdf
Chandigarh,2023,2,February,cumulative_fy,1687.0,1687.0,0.0,0.0,False,False,psp_energy-2023-02.pdf
Delhi,2023,2,February,monthly,1922.0,1920.0,2.0,0.1,False,False,psp_energy-2023-02.pdf
Delhi,2023,2,February,cumulative_fy,33013.0,33003.0,10.0,0.0,False,False,psp_energy-2023-02.pdf
Haryana,2023,2,February,monthly,3885.0,3869.0,17.0,0.4,False,False,psp_energy-2023-02.pdf
Haryana,2023,2,February,cumulative_fy,57539.0,57036.0,503.0,0.9,False,False,psp_energy-2023-02.pdf
Himachal Pradesh,2023,2,February,monthly,938.0,933.0,5.0,0.6,False,False,psp_energy-2023-02.pdf
Himachal Pradesh,2023,2,February,cumulative_fy,11623.0,11519.0,104.0,0.9,False,False,psp_energy-2023-02.pdf
UT of J&K and Ladakh,2023,2,February,monthly,1669.0,1665.0,4.0,0.3,False,False,psp_energy-2023-02.pdf
UT of J&K and Ladakh,2023,2,February,cumulative_fy,17914.0,17604.0,309.0,1.7,False,False,psp_energy-2023-02.pdf
Punjab,2023,2,February,monthly,4189.0,4147.0,42.0,1.0,False,False,psp_energy-2023-02.pdf
Punjab,2023,2,February,cumulative_fy,65247.0,64961.0,286.0,0.4,False,False,psp_energy-2023-02.pdf
Rajasthan,2023,2,February,monthly,8577.0,8314.0,264.0,3.1,False,False,psp_energy-2023-02.pdf
Rajasthan,2023,2,February,cumulative_fy,94260.0,92548.0,1712.0,1.8,False,False,psp_energy-2023-02.pdf
Uttar Pradesh,2023,2,February,monthly,9030.0,9009.0,21.0,0.2,False,False,psp_energy-2023-02.pdf
Uttar Pradesh,2023,2,February,cumulative_fy,134631.0,133436.0,1196.0,0.9,False,False,psp_energy-2023-02.pdf
Uttarakhand,2023,2,February,monthly,1113.0,1092.0,21.0,1.9,False,False,psp_energy-2023-02.pdf
Uttarakhand,2023,2,February,cumulative_fy,14485.0,14237.0,249.0,1.7,False,False,psp_energy-2023-02.pdf
Northern Region,2023,2,February,monthly,31511.0,31135.0,376.0,1.2,True,False,psp_energy-2023-02.pdf
Northern Region,2023,2,February,cumulative_fy,431472.0,427103.0,4369.0,1.0,True,False,psp_energy-2023-02.pdf
Chhattisgarh,2023,2,February,monthly,3234.0,3225.0,9.0,0.3,False,False,psp_energy-2023-02.pdf
Chhattisgarh,2023,2,February,cumulative_fy,33980.0,33911.0,69.0,0.2,False,False,psp_energy-2023-02.pdf
Gujarat,2023,2,February,monthly,10958.0,10957.0,0.0,0.0,False,False,psp_energy-2023-02.pdf
Gujarat,2023,2,February,cumulative_fy,126922.0,126878.0,44.0,0.0,False,False,psp_energy-2023-02.pdf
Madhya Pradesh,2023,2,February,monthly,8382.0,8357.0,25.0,0.3,False,False,psp_energy-2023-02.pdf
Madhya Pradesh,2023,2,February,cumulative_fy,85544.0,85215.0,329.0,0.4,False,False,psp_energy-2023-02.pdf
Maharashtra,2023,2,February,monthly,15832.0,15832.0,0.0,0.0,False,False,psp_energy-2023-02.pdf
Maharashtra,2023,2,February,cumulative_fy,169722.0,169610.0,111.0,0.1,False,False,psp_energy-2023-02.pdf
Dadra & Nagar Haveli and Daman & Diu,2023,2,February,monthly,792.0,792.0,0.0,0.0,False,False,psp_energy-2023-02.pdf
Dadra & Nagar Haveli and Daman & Diu,2023,2,February,cumulative_fy,9148.0,9148.0,0.0,0.0,False,False,psp_energy-2023-02.pdf
Goa,2023,2,February,monthly,378.0,378.0,0.0,0.0,False,False,psp_energy-2023-02.pdf
Goa,2023,2,February,cumulative_fy,4238.0,4237.0,0.0,0.0,False,False,psp_energy-2023-02.pdf
Western Region,2023,2,February,monthly,40420.0,40386.0,35.0,0.1,True,False,psp_energy-2023-02.pdf
Western Region,2023,2,February,cumulative_fy,434840.0,434285.0,554.0,0.1,True,False,psp_energy-2023-02.pdf
Andhra Pradesh,2023,2,February,monthly,6172.0,6172.0,0.0,0.0,False,False,psp_energy-2023-02.pdf
Andhra Pradesh,2023,2,February,cumulative_fy,65591.0,65181.0,410.0,0.6,False,False,psp_energy-2023-02.pdf
Telangana,2023,2,February,monthly,7807.0,7807.0,1.0,0.0,False,False,psp_energy-2023-02.pdf
Telangana,2023,2,February,cumulative_fy,68923.0,68889.0,34.0,0.0,False,False,psp_energy-2023-02.pdf
Karnataka,2023,2,February,monthly,7444.0,7443.0,1.0,0.0,False,False,psp_energy-2023-02.pdf
Karnataka,2023,2,February,cumulative_fy,67086.0,67060.0,26.0,0.0,False,False,psp_energy-2023-02.pdf
Kerala,2023,2,February,monthly,2238.0,2234.0,5.0,0.2,False,False,psp_energy-2023-02.pdf
Kerala,2023,2,February,cumulative_fy,25034.0,25013.0,21.0,0.1,False,False,psp_energy-2023-02.pdf
Tamil Nadu,2023,2,February,monthly,8945.0,8945.0,1.0,0.0,False,False,psp_energy-2023-02.pdf
Tamil Nadu,2023,2,February,cumulative_fy,103999.0,103922.0,77.0,0.1,False,False,psp_energy-2023-02.pdf
Puducherry,2023,2,February,monthly,222.0,222.0,0.0,0.0,False,False,psp_energy-2023-02.pdf
Puducherry,2023,2,February,cumulative_fy,2787.0,2786.0,1.0,0.0,False,False,psp_energy-2023-02.pdf
Lakshadweep,2023,2,February,monthly,5.0,5.0,0.0,0.0,False,False,psp_energy-2023-02.pdf
Lakshadweep,2023,2,February,cumulative_fy,58.0,58.0,0.0,0.0,False,False,psp_energy-2023-02.pdf
Southern Region,2023,2,February,monthly,32833.0,32826.0,7.0,0.0,True,False,psp_energy-2023-02.pdf
Southern Region,2023,2,February,cumulative_fy,333462.0,332895.0,567.0,0.2,True,False,psp_energy-2023-02.pdf
Bihar,2023,2,February,monthly,2504.0,2482.0,23.0,0.9,False,False,psp_energy-2023-02.pdf
Bihar,2023,2,February,cumulative_fy,36663.0,35898.0,765.0,2.1,False,False,psp_energy-2023-02.pdf
DVC,2023,2,February,monthly,2060.0,2059.0,1.0,0.0,False,False,psp_energy-2023-02.pdf
DVC,2023,2,February,cumulative_fy,24099.0,24090.0,9.0,0.0,False,False,psp_energy-2023-02.pdf
Jharkhand,2023,2,February,monthly,997.0,917.0,81.0,8.1,False,False,psp_energy-2023-02.pdf
Jharkhand,2023,2,February,cumulative_fy,12171.0,11253.0,918.0,7.5,False,False,psp_energy-2023-02.pdf
Odisha,2023,2,February,monthly,2986.0,2985.0,1.0,0.0,False,False,psp_energy-2023-02.pdf
Odisha,2023,2,February,cumulative_fy,39190.0,39143.0,47.0,0.1,False,False,psp_energy-2023-02.pdf
West Bengal,2023,2,February,monthly,4139.0,4136.0,2.0,0.1,False,False,psp_energy-2023-02.pdf
West Bengal,2023,2,February,cumulative_fy,55366.0,55297.0,69.0,0.1,False,False,psp_energy-2023-02.pdf
Sikkim,2023,2,February,monthly,51.0,51.0,0.0,0.0,False,False,psp_energy-2023-02.pdf
Sikkim,2023,2,February,cumulative_fy,537.0,536.0,0.0,0.0,False,False,psp_energy-2023-02.pdf
Andaman & Nicobar,2023,2,February,monthly,28.0,28.0,0.0,0.0,False,False,psp_energy-2023-02.pdf
Andaman & Nicobar,2023,2,February,cumulative_fy,317.0,317.0,0.0,0.0,False,False,psp_energy-2023-02.pdf
Eastern Region,2023,2,February,monthly,12742.0,12634.0,108.0,0.8,True,False,psp_energy-2023-02.pdf
Eastern Region,2023,2,February,cumulative_fy,168081.0,166273.0,1808.0,1.1,True,False,psp_energy-2023-02.pdf
Arunachal Pradesh,2023,2,February,monthly,75.0,75.0,0.0,0.0,False,False,psp_energy-2023-02.pdf
Arunachal Pradesh,2023,2,February,cumulative_fy,829.0,809.0,20.0,2.4,False,False,psp_energy-2023-02.pdf
Assam,2023,2,February,monthly,744.0,744.0,0.0,0.0,False,False,psp_energy-2023-02.pdf
Assam,2023,2,February,cumulative_fy,10621.0,10621.0,0.0,0.0,False,False,psp_energy-2023-02.pdf
Manipur,2023,2,February,monthly,83.0,83.0,0.0,0.0,False,False,psp_energy-2023-02.pdf
Manipur,2023,2,February,cumulative_fy,931.0,930.0,0.0,0.0,False,False,psp_energy-2023-02.pdf
Meghalaya,2023,2,February,monthly,188.0,188.0,0.0,0.0,False,False,psp_energy-2023-02.pdf
Meghalaya,2023,2,February,cumulative_fy,2047.0,2047.0,0.0,0.0,False,False,psp_energy-2023-02.pdf
Mizoram,2023,2,February,monthly,54.0,54.0,0.0,0.0,False,False,psp_energy-2023-02.pdf
Mizoram,2023,2,February,cumulative_fy,593.0,593.0,0.0,0.0,False,False,psp_energy-2023-02.pdf
Nagaland,2023,2,February,monthly,67.0,59.0,7.0,11.0,False,False,psp_energy-2023-02.pdf
Nagaland,2023,2,February,cumulative_fy,851.0,802.0,49.0,5.7,False,False,psp_energy-2023-02.pdf
Tripura,2023,2,February,monthly,107.0,107.0,0.0,0.0,False,False,psp_energy-2023-02.pdf
Tripura,2023,2,February,cumulative_fy,1426.0,1426.0,0.0,0.0,False,False,psp_energy-2023-02.pdf
North-Eastern Region,2023,2,February,monthly,1318.0,1310.0,7.0,0.6,True,False,psp_energy-2023-02.pdf
North-Eastern Region,2023,2,February,cumulative_fy,17304.0,17235.0,70.0,0.4,True,False,psp_energy-2023-02.pdf
All India,2023,2,February,monthly,118824.0,118292.0,533.0,0.4,False,True,psp_energy-2023-02.pdf
All India,2023,2,February,cumulative_fy,1385159.0,1377790.0,7369.0,0.5,False,True,psp_energy-2023-02.pdf
Chandigarh,2016,2,February,monthly,101.0,101.0,0.0,0.0,False,False,psp_energy_2016-02.pdf
Chandigarh,2016,2,February,cumulative_fy,1505.0,1505.0,0.0,0.0,False,False,psp_energy_2016-02.pdf
Delhi,2016,2,February,monthly,1773.0,1772.0,-1.0,-0.1,False,False,psp_energy_2016-02.pdf
Delhi,2016,2,February,cumulative_fy,27695.0,27655.0,-40.0,-0.1,False,False,psp_energy_2016-02.pdf
Haryana,2016,2,February,monthly,3448.0,3448.0,0.0,0.0,False,False,psp_energy_2016-02.pdf
Haryana,2016,2,February,cumulative_fy,44274.0,44205.0,-69.0,-0.2,False,False,psp_energy_2016-02.pdf
Himachal Pradesh,2016,2,February,monthly,723.0,721.0,-2.0,-0.3,False,False,psp_energy_2016-02.pdf
Himachal Pradesh,2016,2,February,cumulative_fy,8096.0,8034.0,-62.0,-0.8,False,False,psp_energy_2016-02.pdf
Jammu & Kashmir,2016,2,February,monthly,1432.0,1219.0,-214.0,-14.9,False,False,psp_energy_2016-02.pdf
Jammu & Kashmir,2016,2,February,cumulative_fy,15090.0,12780.0,-2310.0,-15.3,False,False,psp_energy_2016-02.pdf
Punjab,2016,2,February,monthly,3018.0,3018.0,0.0,0.0,False,False,psp_energy_2016-02.pdf
Punjab,2016,2,February,cumulative_fy,46804.0,46792.0,-12.0,0.0,False,False,psp_energy_2016-02.pdf
Rajasthan,2016,2,February,monthly,5862.0,5855.0,-7.0,-0.1,False,False,psp_energy_2016-02.pdf
Rajasthan,2016,2,February,cumulative_fy,61797.0,61586.0,-211.0,-0.3,False,False,psp_energy_2016-02.pdf
Uttar Pradesh,2016,2,February,monthly,7756.0,6795.0,-961.0,-12.4,False,False,psp_energy_2016-02.pdf
Uttar Pradesh,2016,2,February,cumulative_fy,97955.0,85519.0,-12436.0,-12.7,False,False,psp_energy_2016-02.pdf
Uttarakhand,2016,2,February,monthly,1008.0,1004.0,-4.0,-0.4,False,False,psp_energy_2016-02.pdf
Uttarakhand,2016,2,February,cumulative_fy,11902.0,11690.0,-212.0,-1.8,False,False,psp_energy_2016-02.pdf
Northern Region,2016,2,February,monthly,25122.0,23933.0,-1189.0,-4.7,True,False,psp_energy_2016-02.pdf
Northern Region,2016,2,February,cumulative_fy,315119.0,299765.0,-15354.0,-4.9,True,False,psp_energy_2016-02.pdf
Chhattisgarh,2016,2,February,monthly,2002.0,1998.0,-4.0,-0.2,False,False,psp_energy_2016-02.pdf
Chhattisgarh,2016,2,February,cumulative_fy,23335.0,23013.0,-322.0,-1.4,False,False,psp_energy_2016-02.pdf
Gujarat,2016,2,February,monthly,8136.0,8136.0,0.0,0.0,False,False,psp_energy_2016-02.pdf
Gujarat,2016,2,February,cumulative_fy,94455.0,94451.0,-4.0,0.0,False,False,psp_energy_2016-02.pdf
Madhya Pradesh,2016,2,February,monthly,5771.0,5771.0,0.0,0.0,False,False,psp_energy_2016-02.pdf
Madhya Pradesh,2016,2,February,cumulative_fy,56979.0,56979.0,0.0,0.0,False,False,psp_energy_2016-02.pdf
Maharashtra,2016,2,February,monthly,11604.0,11601.0,-3.0,0.0,False,False,psp_energy_2016-02.pdf
Maharashtra,2016,2,February,cumulative_fy,129122.0,128666.0,-456.0,-0.4,False,False,psp_energy_2016-02.pdf
Daman & Diu,2016,2,February,monthly,197.0,197.0,0.0,0.0,False,False,psp_energy_2016-02.pdf
Daman & Diu,2016,2,February,cumulative_fy,2140.0,2140.0,0.0,0.0,False,False,psp_energy_2016-02.pdf
Dadra & Nagar Haveli,2016,2,February,monthly,491.0,491.0,0.0,0.0,False,False,psp_energy_2016-02.pdf
Dadra & Nagar Haveli,2016,2,February,cumulative_fy,5406.0,5406.0,0.0,0.0,False,False,psp_energy_2016-02.pdf
Goa,2016,2,February,monthly,409.0,409.0,0.0,0.0,False,False,psp_energy_2016-02.pdf
Goa,2016,2,February,cumulative_fy,4693.0,4692.0,-1.0,0.0,False,False,psp_energy_2016-02.pdf
Western Region,2016,2,February,monthly,28611.0,28604.0,-6.0,0.0,True,False,psp_energy_2016-02.pdf
Western Region,2016,2,February,cumulative_fy,316131.0,315348.0,-783.0,-0.2,True,False,psp_energy_2016-02.pdf
Andhra Pradesh,2016,2,February,monthly,4326.0,4326.0,0.0,0.0,False,False,psp_energy_2016-02.pdf
Andhra Pradesh,2016,2,February,cumulative_fy,45642.0,45573.0,-69.0,-0.2,False,False,psp_energy_2016-02.pdf
Telangana,2016,2,February,monthly,4206.0,4206.0,0.0,0.0,False,False,psp_energy_2016-02.pdf
Telangana,2016,2,February,cumulative_fy,45739.0,45434.0,-305.0,-0.7,False,False,psp_energy_2016-02.pdf
Karnataka,2016,2,February,monthly,5776.0,5565.0,-211.0,-3.6,False,False,psp_energy_2016-02.pdf
Karnataka,2016,2,February,cumulative_fy,57845.0,54798.0,-3047.0,-5.3,False,False,psp_energy_2016-02.pdf
Kerala,2016,2,February,monthly,1964.0,1964.0,0.0,0.0,False,False,psp_energy_2016-02.pdf
Kerala,2016,2,February,cumulative_fy,21009.0,20895.0,-114.0,-0.5,False,False,psp_energy_2016-02.pdf
Tamil Nadu,2016,2,February,monthly,8240.0,8240.0,0.0,0.0,False,False,psp_energy_2016-02.pdf
Tamil Nadu,2016,2,February,cumulative_fy,87757.0,87069.0,-688.0,-0.8,False,False,psp_energy_2016-02.pdf
Puducherry,2016,2,February,monthly,194.0,194.0,0.0,-0.1,False,False,psp_energy_2016-02.pdf
Puducherry,2016,2,February,cumulative_fy,2213.0,2205.0,-8.0,-0.4,False,False,psp_energy_2016-02.pdf
Lakshadweep,2016,2,February,monthly,4.0,4.0,0.0,0.0,False,False,psp_energy_2016-02.pdf
Lakshadweep,2016,2,February,cumulative_fy,44.0,44.0,0.0,0.0,False,False,psp_energy_2016-02.pdf
Southern Region,2016,2,February,monthly,24707.0,24495.0,-212.0,-0.9,True,False,psp_energy_2016-02.pdf
Southern Region,2016,2,February,cumulative_fy,260206.0,255973.0,-4233.0,-1.6,True,False,psp_energy_2016-02.pdf
Bihar,2016,2,February,monthly,1849.0,1818.0,-31.0,-1.7,False,False,psp_energy_2016-02.pdf
Bihar,2016,2,February,cumulative_fy,21887.0,21601.0,-286.0,-1.3,False,False,psp_energy_2016-02.pdf
DVC,2016,2,February,monthly,1387.0,1374.0,-13.0,-0.9,False,False,psp_energy_2016-02.pdf
DVC,2016,2,February,cumulative_fy,16915.0,16731.0,-184.0,-1.1,False,False,psp_energy_2016-02.pdf
Jharkhand,2016,2,February,monthly,641.0,594.0,-47.0,-7.4,False,False,psp_energy_2016-02.pdf
Jharkhand,2016,2,February,cumulative_fy,7070.0,6896.0,-174.0,-2.5,False,False,psp_energy_2016-02.pdf
Odisha,2016,2,February,monthly,2108.0,2108.0,0.0,0.0,False,False,psp_energy_2016-02.pdf
Odisha,2016,2,February,cumulative_fy,24370.0,24208.0,-162.0,-0.7,False,False,psp_energy_2016-02.pdf
West Bengal,2016,2,February,monthly,3523.0,3514.0,-9.0,-0.3,False,False,psp_energy_2016-02.pdf
West Bengal,2016,2,February,cumulative_fy,42915.0,42773.0,-142.0,-0.3,False,False,psp_energy_2016-02.pdf
Sikkim,2016,2,February,monthly,36.0,36.0,0.0,-1.1,False,False,psp_energy_2016-02.pdf
Sikkim,2016,2,February,cumulative_fy,359.0,359.0,0.0,0.0,False,False,psp_energy_2016-02.pdf
Andaman & Nicobar,2016,2,February,monthly,20.0,15.0,-5.0,-25.0,False,False,psp_energy_2016-02.pdf
Andaman & Nicobar,2016,2,February,cumulative_fy,220.0,165.0,-55.0,-25.0,False,False,psp_energy_2016-02.pdf
Eastern Region,2016,2,February,monthly,9544.0,9443.0,-101.0,-1.1,True,False,psp_energy_2016-02.pdf
Eastern Region,2016,2,February,cumulative_fy,113516.0,112567.0,-949.0,-0.8,True,False,psp_energy_2016-02.pdf
Arunachal Pradesh,2016,2,February,monthly,59.0,58.0,-1.0,-1.6,False,False,psp_energy_2016-02.pdf
Arunachal Pradesh,2016,2,February,cumulative_fy,564.0,530.0,-34.0,-6.0,False,False,psp_energy_2016-02.pdf
Assam,2016,2,February,monthly,636.0,618.0,-18.0,-2.9,False,False,psp_energy_2016-02.pdf
Assam,2016,2,February,cumulative_fy,8068.0,7604.0,-464.0,-5.8,False,False,psp_energy_2016-02.pdf
Manipur,2016,2,February,monthly,69.0,68.0,-1.0,-1.5,False,False,psp_energy_2016-02.pdf
Manipur,2016,2,February,cumulative_fy,769.0,741.0,-28.0,-3.6,False,False,psp_energy_2016-02.pdf
Meghalaya,2016,2,February,monthly,156.0,156.0,0.0,0.0,False,False,psp_energy_2016-02.pdf
Meghalaya,2016,2,February,cumulative_fy,1690.0,1582.0,-108.0,-6.4,False,False,psp_energy_2016-02.pdf
Mizoram,2016,2,February,monthly,42.0,41.0,-1.0,-1.7,False,False,psp_energy_2016-02.pdf
Mizoram,2016,2,February,cumulative_fy,429.0,414.0,-15.0,-3.5,False,False,psp_energy_2016-02.pdf
Nagaland,2016,2,February,monthly,61.0,60.0,-1.0,-1.6,False,False,psp_energy_2016-02.pdf
Nagaland,2016,2,February,cumulative_fy,693.0,678.0,-15.0,-2.2,False,False,psp_energy_2016-02.pdf
Tripura,2016,2,February,monthly,88.0,87.0,-2.0,-1.8,False,False,psp_energy_2016-02.pdf
Tripura,2016,2,February,cumulative_fy,1079.0,1026.0,-53.0,-4.9,False,False,psp_energy_2016-02.pdf
North-Eastern Region,2016,2,February,monthly,1111.0,1087.0,-23.0,-2.1,True,False,psp_energy_2016-02.pdf
North-Eastern Region,2016,2,February,cumulative_fy,13291.0,12572.0,-719.0,-5.4,True,False,psp_energy_2016-02.pdf
All India,2016,2,February,monthly,89094.0,87562.0,-1531.0,-1.7,False,True,psp_energy_2016-02.pdf
All India,2016,2,February,cumulative_fy,1018261.0,996225.0,-22036.0,-2.2,False,True,psp_energy_2016-02.pdf
Chandigarh,2016,7,July,monthly,185.0,185.0,0.0,0.0,False,False,psp_energy_2016-07.pdf
Chandigarh,2016,7,July,cumulative_fy,674.0,674.0,0.0,0.0,False,False,psp_energy_2016-07.pdf
Delhi,2016,7,July,monthly,3311.0,3308.0,-3.0,-0.1,False,False,psp_energy_2016-07.pdf
Delhi,2016,7,July,cumulative_fy,12724.0,12705.0,-19.0,-0.1,False,False,psp_energy_2016-07.pdf
Haryana,2016,7,July,monthly,5303.0,5303.0,0.0,0.0,False,False,psp_energy_2016-07.pdf
Haryana,2016,7,July,cumulative_fy,17914.0,17914.0,0.0,0.0,False,False,psp_energy_2016-07.pdf
Himachal Pradesh,2016,7,July,monthly,744.0,738.0,-7.0,-0.9,False,False,psp_energy_2016-07.pdf
Himachal Pradesh,2016,7,July,cumulative_fy,2913.0,2894.0,-19.0,-0.7,False,False,psp_energy_2016-07.pdf
Jammu & Kashmir,2016,7,July,monthly,1220.0,1001.0,-219.0,-17.9,False,False,psp_energy_2016-07.pdf
Jammu & Kashmir,2016,7,July,cumulative_fy,5623.0,4601.0,-1022.0,-18.2,False,False,psp_energy_2016-07.pdf
Punjab,2016,7,July,monthly,6598.0,6598.0,0.0,0.0,False,False,psp_energy_2016-07.pdf
Punjab,2016,7,July,cumulative_fy,20710.0,20710.0,0.0,0.0,False,False,psp_energy_2016-07.pdf
Rajasthan,2016,7,July,monthly,5284.0,5276.0,-8.0,-0.1,False,False,psp_energy_2016-07.pdf
Rajasthan,2016,7,July,cumulative_fy,22468.0,22437.0,-31.0,-0.1,False,False,psp_energy_2016-07.pdf
Uttar Pradesh,2016,7,July,monthly,9268.0,9241.0,-27.0,-0.3,False,False,psp_energy_2016-07.pdf
Uttar Pradesh,2016,7,July,cumulative_fy,37501.0,36575.0,-926.0,-2.5,False,False,psp_energy_2016-07.pdf
Uttarakhand,2016,7,July,monthly,1149.0,1138.0,-11.0,-0.9,False,False,psp_energy_2016-07.pdf
Uttarakhand,2016,7,July,cumulative_fy,4572.0,4536.0,-36.0,-0.8,False,False,psp_energy_2016-07.pdf
Northern Region,2016,7,July,monthly,33061.0,32788.0,-274.0,-0.8,True,False,psp_energy_2016-07.pdf
Northern Region,2016,7,July,cumulative_fy,125098.0,123047.0,-2051.0,-1.6,True,False,psp_energy_2016-07.pdf
Chhattisgarh,2016,7,July,monthly,1871.0,1858.0,-12.0,-0.7,False,False,psp_energy_2016-07.pdf
Chhattisgarh,2016,7,July,cumulative_fy,8044.0,8001.0,-43.0,-0.5,False,False,psp_energy_2016-07.pdf
Gujarat,2016,7,July,monthly,8353.0,8353.0,0.0,0.0,False,False,psp_energy_2016-07.pdf
Gujarat,2016,7,July,cumulative_fy,36645.0,36645.0,0.0,0.0,False,False,psp_energy_2016-07.pdf
Madhya Pradesh,2016,7,July,monthly,5196.0,5196.0,0.0,0.0,False,False,psp_energy_2016-07.pdf
Madhya Pradesh,2016,7,July,cumulative_fy,20767.0,20766.0,-1.0,0.0,False,False,psp_energy_2016-07.pdf
Maharashtra,2016,7,July,monthly,10403.0,10403.0,0.0,0.0,False,False,psp_energy_2016-07.pdf
Maharashtra,2016,7,July,cumulative_fy,47053.0,47016.0,-37.0,-0.1,False,False,psp_energy_2016-07.pdf
Daman & Diu,2016,7,July,monthly,203.0,203.0,0.0,0.0,False,False,psp_energy_2016-07.pdf
Daman & Diu,2016,7,July,cumulative_fy,808.0,808.0,0.0,0.0,False,False,psp_energy_2016-07.pdf
Dadra & Nagar Haveli,2016,7,July,monthly,515.0,515.0,0.0,0.0,False,False,psp_energy_2016-07.pdf
Dadra & Nagar Haveli,2016,7,July,cumulative_fy,2039.0,2039.0,0.0,0.0,False,False,psp_energy_2016-07.pdf
Goa,2016,7,July,monthly,411.0,411.0,0.0,0.0,False,False,psp_energy_2016-07.pdf
Goa,2016,7,July,cumulative_fy,1682.0,1680.0,-2.0,-0.1,False,False,psp_energy_2016-07.pdf
Western Region,2016,7,July,monthly,26951.0,26939.0,-13.0,0.0,True,False,psp_energy_2016-07.pdf
Western Region,2016,7,July,cumulative_fy,117039.0,116958.0,-81.0,-0.1,True,False,psp_energy_2016-07.pdf
Andhra Pradesh,2016,7,July,monthly,4254.0,4254.0,0.0,0.0,False,False,psp_energy_2016-07.pdf
Andhra Pradesh,2016,7,July,cumulative_fy,17367.0,17332.0,-35.0,-0.2,False,False,psp_energy_2016-07.pdf
Telangana,2016,7,July,monthly,4051.0,4051.0,0.0,0.0,False,False,psp_energy_2016-07.pdf
Telangana,2016,7,July,cumulative_fy,16008.0,16003.0,-5.0,0.0,False,False,psp_energy_2016-07.pdf
Karnataka,2016,7,July,monthly,4443.0,4443.0,0.0,0.0,False,False,psp_energy_2016-07.pdf
Karnataka,2016,7,July,cumulative_fy,20640.0,20412.0,-228.0,-1.1,False,False,psp_energy_2016-07.pdf
Kerala,2016,7,July,monthly,1883.0,1883.0,0.0,0.0,False,False,psp_energy_2016-07.pdf
Kerala,2016,7,July,cumulative_fy,8202.0,8183.0,-19.0,-0.2,False,False,psp_energy_2016-07.pdf
Tamil Nadu,2016,7,July,monthly,9005.0,9005.0,0.0,0.0,False,False,psp_energy_2016-07.pdf
Tamil Nadu,2016,7,July,cumulative_fy,36489.0,36481.0,-8.0,0.0,False,False,psp_energy_2016-07.pdf
Puducherry,2016,7,July,monthly,227.0,227.0,0.0,0.0,False,False,psp_energy_2016-07.pdf
Puducherry,2016,7,July,cumulative_fy,907.0,906.0,-1.0,-0.1,False,False,psp_energy_2016-07.pdf
Lakshadweep,2016,7,July,monthly,4.0,4.0,0.0,0.0,False,False,psp_energy_2016-07.pdf
Lakshadweep,2016,7,July,cumulative_fy,16.0,16.0,0.0,0.0,False,False,psp_energy_2016-07.pdf
Southern Region,2016,7,July,monthly,23863.0,23863.0,0.0,0.0,True,False,psp_energy_2016-07.pdf
Southern Region,2016,7,July,cumulative_fy,99614.0,99318.0,-296.0,-0.3,True,False,psp_energy_2016-07.pdf
Bihar,2016,7,July,monthly,2199.0,2165.0,-33.0,-1.5,False,False,psp_energy_2016-07.pdf
Bihar,2016,7,July,cumulative_fy,9050.0,8873.0,-177.0,-2.0,False,False,psp_energy_2016-07.pdf
DVC,2016,7,July,monthly,1647.0,1639.0,-8.0,-0.5,False,False,psp_energy_2016-07.pdf
DVC,2016,7,July,cumulative_fy,6070.0,6027.0,-43.0,-0.7,False,False,psp_energy_2016-07.pdf
Jharkhand,2016,7,July,monthly,636.0,636.0,0.0,0.0,False,False,psp_energy_2016-07.pdf
Jharkhand,2016,7,July,cumulative_fy,2678.0,2669.0,-9.0,-0.3,False,False,psp_energy_2016-07.pdf
Odisha,2016,7,July,monthly,2366.0,2366.0,0.0,0.0,False,False,psp_energy_2016-07.pdf
Odisha,2016,7,July,cumulative_fy,9585.0,9583.0,-2.0,0.0,False,False,psp_energy_2016-07.pdf
West Bengal,2016,7,July,monthly,4567.0,4557.0,-10.0,-0.2,False,False,psp_energy_2016-07.pdf
West Bengal,2016,7,July,cumulative_fy,17389.0,17319.0,-70.0,-0.4,False,False,psp_energy_2016-07.pdf
Sikkim,2016,7,July,monthly,34.0,34.0,0.0,0.0,False,False,psp_energy_2016-07.pdf
Sikkim,2016,7,July,cumulative_fy,150.0,150.0,0.0,0.0,False,False,psp_energy_2016-07.pdf
Andaman & Nicobar,2016,7,July,monthly,20.0,15.0,-5.0,-25.0,False,False,psp_energy_2016-07.pdf
Andaman & Nicobar,2016,7,July,cumulative_fy,80.0,60.0,-20.0,-25.0,False,False,psp_energy_2016-07.pdf
Eastern Region,2016,7,July,monthly,11449.0,11398.0,-51.0,-0.4,True,False,psp_energy_2016-07.pdf
Eastern Region,2016,7,July,cumulative_fy,44923.0,44622.0,-301.0,-0.7,True,False,psp_energy_2016-07.pdf
Arunachal Pradesh,2016,7,July,monthly,57.0,56.0,-1.0,-2.0,False,False,psp_energy_2016-07.pdf
Arunachal Pradesh,2016,7,July,cumulative_fy,222.0,216.0,-6.0,-2.7,False,False,psp_energy_2016-07.pdf
Assam,2016,7,July,monthly,815.0,779.0,-36.0,-4.4,False,False,psp_energy_2016-07.pdf
Assam,2016,7,July,cumulative_fy,3036.0,2871.0,-165.0,-5.4,False,False,psp_energy_2016-07.pdf
Manipur,2016,7,July,monthly,63.0,58.0,-5.0,-8.0,False,False,psp_energy_2016-07.pdf
Manipur,2016,7,July,cumulative_fy,234.0,221.0,-13.0,-5.6,False,False,psp_energy_2016-07.pdf
Meghalaya,2016,7,July,monthly,149.0,149.0,0.0,0.0,False,False,psp_energy_2016-07.pdf
Meghalaya,2016,7,July,cumulative_fy,541.0,541.0,0.0,0.0,False,False,psp_energy_2016-07.pdf
Mizoram,2016,7,July,monthly,41.0,40.0,-1.0,-2.9,False,False,psp_energy_2016-07.pdf
Mizoram,2016,7,July,cumulative_fy,160.0,156.0,-4.0,-2.5,False,False,psp_energy_2016-07.pdf
Nagaland,2016,7,July,monthly,65.0,64.0,-1.0,-2.0,False,False,psp_energy_2016-07.pdf
Nagaland,2016,7,July,cumulative_fy,233.0,228.0,-5.0,-2.1,False,False,psp_energy_2016-07.pdf
Tripura,2016,7,July,monthly,116.0,115.0,-1.0,-1.0,False,False,psp_energy_2016-07.pdf
Tripura,2016,7,July,cumulative_fy,488.0,476.0,-12.0,-2.5,False,False,psp_energy_2016-07.pdf
North-Eastern Region,2016,7,July,monthly,1306.0,1260.0,-46.0,-3.5,True,False,psp_energy_2016-07.pdf
North-Eastern Region,2016,7,July,cumulative_fy,4913.0,4706.0,-207.0,-4.2,True,False,psp_energy_2016-07.pdf
All India,2016,7,July,monthly,96631.0,96248.0,-383.0,-0.4,False,True,psp_energy_2016-07.pdf
All India,2016,7,July,cumulative_fy,391587.0,388651.0,-2936.0,-0.7,False,True,psp_energy_2016-07.pdf
Chandigarh,2016,8,August,monthly,172.0,172.0,0.0,0.0,False,False,psp_energy_2016-08.pdf
Chandigarh,2016,8,August,cumulative_fy,846.0,846.0,0.0,0.0,False,False,psp_energy_2016-08.pdf
Delhi,2016,8,August,monthly,3211.0,3208.0,-3.0,-0.1,False,False,psp_energy_2016-08.pdf
Delhi,2016,8,August,cumulative_fy,15935.0,15913.0,-22.0,-0.1,False,False,psp_energy_2016-08.pdf
Haryana,2016,8,August,monthly,5003.0,5003.0,0.0,0.0,False,False,psp_energy_2016-08.pdf
Haryana,2016,8,August,cumulative_fy,22917.0,22917.0,0.0,0.0,False,False,psp_energy_2016-08.pdf
Himachal Pradesh,2016,8,August,monthly,742.0,736.0,-6.0,-0.8,False,False,psp_energy_2016-08.pdf
Himachal Pradesh,2016,8,August,cumulative_fy,3655.0,3630.0,-25.0,-0.7,False,False,psp_energy_2016-08.pdf
Jammu & Kashmir,2016,8,August,monthly,1321.0,1057.0,-263.0,-19.9,False,False,psp_energy_2016-08.pdf
Jammu & Kashmir,2016,8,August,cumulative_fy,6944.0,5658.0,-1286.0,-18.5,False,False,psp_energy_2016-08.pdf
Punjab,2016,8,August,monthly,6389.0,6389.0,0.0,0.0,False,False,psp_energy_2016-08.pdf
Punjab,2016,8,August,cumulative_fy,27099.0,27099.0,0.0,0.0,False,False,psp_energy_2016-08.pdf
Rajasthan,2016,8,August,monthly,4735.0,4713.0,-22.0,-0.5,False,False,psp_energy_2016-08.pdf
Rajasthan,2016,8,August,cumulative_fy,27203.0,27150.0,-53.0,-0.2,False,False,psp_energy_2016-08.pdf
Uttar Pradesh,2016,8,August,monthly,9351.0,9224.0,-127.0,-1.4,False,False,psp_energy_2016-08.pdf
Uttar Pradesh,2016,8,August,cumulative_fy,46852.0,45799.0,-1053.0,-2.2,False,False,psp_energy_2016-08.pdf
Uttarakhand,2016,8,August,monthly,1153.0,1146.0,-7.0,-0.6,False,False,psp_energy_2016-08.pdf
Uttarakhand,2016,8,August,cumulative_fy,5725.0,5682.0,-43.0,-0.8,False,False,psp_energy_2016-08.pdf
Northern Region,2016,8,August,monthly,32077.0,31648.0,-429.0,-1.3,True,False,psp_energy_2016-08.pdf
Northern Region,2016,8,August,cumulative_fy,157175.0,154695.0,-2480.0,-1.6,True,False,psp_energy_2016-08.pdf
Chhattisgarh,2016,8,August,monthly,2107.0,2101.0,-5.0,-0.3,False,False,psp_energy_2016-08.pdf
Chhattisgarh,2016,8,August,cumulative_fy,10151.0,10102.0,-49.0,-0.5,False,False,psp_energy_2016-08.pdf
Gujarat,2016,8,August,monthly,7759.0,7759.0,0.0,0.0,False,False,psp_energy_2016-08.pdf
Gujarat,2016,8,August,cumulative_fy,44404.0,44404.0,0.0,0.0,False,False,psp_energy_2016-08.pdf
Madhya Pradesh,2016,8,August,monthly,5348.0,5348.0,0.0,0.0,False,False,psp_energy_2016-08.pdf
Madhya Pradesh,2016,8,August,cumulative_fy,26115.0,26114.0,-1.0,0.0,False,False,psp_energy_2016-08.pdf
Maharashtra,2016,8,August,monthly,11113.0,11113.0,0.0,0.0,False,False,psp_energy_2016-08.pdf
Maharashtra,2016,8,August,cumulative_fy,58166.0,58129.0,-37.0,-0.1,False,False,psp_energy_2016-08.pdf
Daman & Diu,2016,8,August,monthly,203.0,203.0,0.0,0.0,False,False,psp_energy_2016-08.pdf
Daman & Diu,2016,8,August,cumulative_fy,1011.0,1011.0,0.0,0.0,False,False,psp_energy_2016-08.pdf
Dadra & Nagar Haveli,2016,8,August,monthly,510.0,510.0,0.0,0.0,False,False,psp_energy_2016-08.pdf
Dadra & Nagar Haveli,2016,8,August,cumulative_fy,2549.0,2549.0,0.0,0.0,False,False,psp_energy_2016-08.pdf
Goa,2016,8,August,monthly,412.0,412.0,0.0,0.0,False,False,psp_energy_2016-08.pdf
Goa,2016,8,August,cumulative_fy,2094.0,2092.0,-2.0,-0.1,False,False,psp_energy_2016-08.pdf
Western Region,2016,8,August,monthly,27451.0,27446.0,-5.0,0.0,True,False,psp_energy_2016-08.pdf
Western Region,2016,8,August,cumulative_fy,144490.0,144404.0,-86.0,-0.1,True,False,psp_energy_2016-08.pdf
Andhra Pradesh,2016,8,August,monthly,4835.0,4835.0,0.0,0.0,False,False,psp_energy_2016-08.pdf
Andhra Pradesh,2016,8,August,cumulative_fy,22202.0,22167.0,-35.0,-0.2,False,False,psp_energy_2016-08.pdf
Telangana,2016,8,August,monthly,4912.0,4912.0,0.0,0.0,False,False,psp_energy_2016-08.pdf
Telangana,2016,8,August,cumulative_fy,20920.0,20915.0,-5.0,0.0,False,False,psp_energy_2016-08.pdf
Karnataka,2016,8,August,monthly,5263.0,5250.0,-13.0,-0.2,False,False,psp_energy_2016-08.pdf
Karnataka,2016,8,August,cumulative_fy,25903.0,25662.0,-241.0,-0.9,False,False,psp_energy_2016-08.pdf
Kerala,2016,8,August,monthly,1991.0,1990.0,-2.0,-0.1,False,False,psp_energy_2016-08.pdf
Kerala,2016,8,August,cumulative_fy,10193.0,10173.0,-20.0,-0.2,False,False,psp_energy_2016-08.pdf
Tamil Nadu,2016,8,August,monthly,9264.0,9264.0,0.0,0.0,False,False,psp_energy_2016-08.pdf
Tamil Nadu,2016,8,August,cumulative_fy,45753.0,45745.0,-8.0,0.0,False,False,psp_energy_2016-08.pdf
Puducherry,2016,8,August,monthly,223.0,223.0,0.0,0.0,False,False,psp_energy_2016-08.pdf
Puducherry,2016,8,August,cumulative_fy,1130.0,1129.0,-1.0,-0.1,False,False,psp_energy_2016-08.pdf
Lakshadweep,2016,8,August,monthly,4.0,4.0,0.0,0.0,False,False,psp_energy_2016-08.pdf
Lakshadweep,2016,8,August,cumulative_fy,20.0,20.0,0.0,0.0,False,False,psp_energy_2016-08.pdf
Southern Region,2016,8,August,monthly,26488.0,26473.0,-15.0,-0.1,True,False,psp_energy_2016-08.pdf
Southern Region,2016,8,August,cumulative_fy,126102.0,125791.0,-311.0,-0.2,True,False,psp_energy_2016-08.pdf
Bihar,2016,8,August,monthly,2308.0,2300.0,-8.0,-0.4,False,False,psp_energy_2016-08.pdf
Bihar,2016,8,August,cumulative_fy,11358.0,11173.0,-185.0,-1.6,False,False,psp_energy_2016-08.pdf
DVC,2016,8,August,monthly,1603.0,1596.0,-7.0,-0.4,False,False,psp_energy_2016-08.pdf
DVC,2016,8,August,cumulative_fy,7673.0,7623.0,-50.0,-0.7,False,False,psp_energy_2016-08.pdf
Jharkhand,2016,8,August,monthly,645.0,645.0,0.0,0.0,False,False,psp_energy_2016-08.pdf
Jharkhand,2016,8,August,cumulative_fy,3323.0,3314.0,-9.0,-0.3,False,False,psp_energy_2016-08.pdf
Odisha,2016,8,August,monthly,2306.0,2306.0,-1.0,0.0,False,False,psp_energy_2016-08.pdf
Odisha,2016,8,August,cumulative_fy,11891.0,11889.0,-2.0,0.0,False,False,psp_energy_2016-08.pdf
West Bengal,2016,8,August,monthly,4632.0,4613.0,-19.0,-0.4,False,False,psp_energy_2016-08.pdf
West Bengal,2016,8,August,cumulative_fy,22021.0,21932.0,-89.0,-0.4,False,False,psp_energy_2016-08.pdf
Sikkim,2016,8,August,monthly,41.0,41.0,0.0,0.0,False,False,psp_energy_2016-08.pdf
Sikkim,2016,8,August,cumulative_fy,191.0,191.0,0.0,0.0,False,False,psp_energy_2016-08.pdf
Andaman & Nicobar,2016,8,August,monthly,20.0,15.0,-5.0,-25.0,False,False,psp_energy_2016-08.pdf
Andaman & Nicobar,2016,8,August,cumulative_fy,100.0,75.0,-25.0,-25.0,False,False,psp_energy_2016-08.pdf
Eastern Region,2016,8,August,monthly,11536.0,11501.0,-35.0,-0.3,True,False,psp_energy_2016-08.pdf
Eastern Region,2016,8,August,cumulative_fy,56459.0,56123.0,-336.0,-0.6,True,False,psp_energy_2016-08.pdf
Arunachal Pradesh,2016,8,August,monthly,62.0,61.0,-1.0,-2.2,False,False,psp_energy_2016-08.pdf
Arunachal Pradesh,2016,8,August,cumulative_fy,284.0,277.0,-7.0,-2.5,False,False,psp_energy_2016-08.pdf
Assam,2016,8,August,monthly,971.0,939.0,-32.0,-3.3,False,False,psp_energy_2016-08.pdf
Assam,2016,8,August,cumulative_fy,4007.0,3810.0,-197.0,-4.9,False,False,psp_energy_2016-08.pdf
Manipur,2016,8,August,monthly,60.0,58.0,-2.0,-3.5,False,False,psp_energy_2016-08.pdf
Manipur,2016,8,August,cumulative_fy,294.0,279.0,-15.0,-5.1,False,False,psp_energy_2016-08.pdf
Meghalaya,2016,8,August,monthly,138.0,138.0,0.0,0.0,False,False,psp_energy_2016-08.pdf
Meghalaya,2016,8,August,cumulative_fy,679.0,679.0,0.0,0.0,False,False,psp_energy_2016-08.pdf
Mizoram,2016,8,August,monthly,41.0,40.0,-1.0,-2.5,False,False,psp_energy_2016-08.pdf
Mizoram,2016,8,August,cumulative_fy,201.0,196.0,-5.0,-2.5,False,False,psp_energy_2016-08.pdf
Nagaland,2016,8,August,monthly,69.0,67.0,-1.0,-1.9,False,False,psp_energy_2016-08.pdf
Nagaland,2016,8,August,cumulative_fy,302.0,295.0,-7.0,-2.3,False,False,psp_energy_2016-08.pdf
Tripura,2016,8,August,monthly,121.0,119.0,-2.0,-2.0,False,False,psp_energy_2016-08.pdf
Tripura,2016,8,August,cumulative_fy,609.0,595.0,-14.0,-2.3,False,False,psp_energy_2016-08.pdf
North-Eastern Region,2016,8,August,monthly,1461.0,1421.0,-40.0,-2.8,True,False,psp_energy_2016-08.pdf
North-Eastern Region,2016,8,August,cumulative_fy,6374.0,6127.0,-247.0,-3.9,True,False,psp_energy_2016-08.pdf
All India,2016,8,August,monthly,99013.0,98489.0,-524.0,-0.5,False,True,psp_energy_2016-08.pdf
All India,2016,8,August,cumulative_fy,490600.0,487140.0,-3460.0,-0.7,False,True,psp_energy_2016-08.pdf
Chandigarh,2016,9,September,monthly,164.0,164.0,0.0,0.0,False,False,psp_energy_2016-09.pdf
Chandigarh,2016,9,September,cumulative_fy,1010.0,1010.0,0.0,0.0,False,False,psp_energy_2016-09.pdf
Delhi,2016,9,September,monthly,3109.0,3106.0,-3.0,-0.1,False,False,psp_energy_2016-09.pdf
Delhi,2016,9,September,cumulative_fy,19044.0,19019.0,-25.0,-0.1,False,False,psp_energy_2016-09.pdf
Haryana,2016,9,September,monthly,5062.0,5062.0,0.0,0.0,False,False,psp_energy_2016-09.pdf
Haryana,2016,9,September,cumulative_fy,27979.0,27979.0,0.0,0.0,False,False,psp_energy_2016-09.pdf
Himachal Pradesh,2016,9,September,monthly,751.0,749.0,-3.0,-0.3,False,False,psp_energy_2016-09.pdf
Himachal Pradesh,2016,9,September,cumulative_fy,4406.0,4379.0,-27.0,-0.6,False,False,psp_energy_2016-09.pdf
Jammu & Kashmir,2016,9,September,monthly,1353.0,1083.0,-269.0,-19.9,False,False,psp_energy_2016-09.pdf
Jammu & Kashmir,2016,9,September,cumulative_fy,8297.0,6741.0,-1556.0,-18.8,False,False,psp_energy_2016-09.pdf
Punjab,2016,9,September,monthly,6226.0,6226.0,0.0,0.0,False,False,psp_energy_2016-09.pdf
Punjab,2016,9,September,cumulative_fy,33325.0,33325.0,0.0,0.0,False,False,psp_energy_2016-09.pdf
Rajasthan,2016,9,September,monthly,5801.0,5705.0,-97.0,-1.7,False,False,psp_energy_2016-09.pdf
Rajasthan,2016,9,September,cumulative_fy,33004.0,32855.0,-149.0,-0.5,False,False,psp_energy_2016-09.pdf
Uttar Pradesh,2016,9,September,monthly,9736.0,9439.0,-297.0,-3.1,False,False,psp_energy_2016-09.pdf
Uttar Pradesh,2016,9,September,cumulative_fy,56588.0,55238.0,-1350.0,-2.4,False,False,psp_energy_2016-09.pdf
Uttarakhand,2016,9,September,monthly,1139.0,1138.0,-2.0,-0.1,False,False,psp_energy_2016-09.pdf
Uttarakhand,2016,9,September,cumulative_fy,6864.0,6820.0,-44.0,-0.6,False,False,psp_energy_2016-09.pdf
Northern Region,2016,9,September,monthly,33342.0,32671.0,-670.0,-2.0,True,False,psp_energy_2016-09.pdf
Northern Region,2016,9,September,cumulative_fy,190517.0,187366.0,-3151.0,-1.7,True,False,psp_energy_2016-09.pdf
Chhattisgarh,2016,9,September,monthly,2061.0,2057.0,-4.0,-0.2,False,False,psp_energy_2016-09.pdf
Chhattisgarh,2016,9,September,cumulative_fy,12212.0,12159.0,-53.0,-0.4,False,False,psp_energy_2016-09.pdf
Gujarat,2016,9,September,monthly,9105.0,9105.0,0.0,0.0,False,False,psp_energy_2016-09.pdf
Gujarat,2016,9,September,cumulative_fy,53509.0,53509.0,0.0,0.0,False,False,psp_energy_2016-09.pdf
Madhya Pradesh,2016,9,September,monthly,4624.0,4624.0,0.0,0.0,False,False,psp_energy_2016-09.pdf
Madhya Pradesh,2016,9,September,cumulative_fy,30739.0,30738.0,-1.0,0.0,False,False,psp_energy_2016-09.pdf
Maharashtra,2016,9,September,monthly,10947.0,10947.0,0.0,0.0,False,False,psp_energy_2016-09.pdf
Maharashtra,2016,9,September,cumulative_fy,69113.0,69076.0,-37.0,-0.1,False,False,psp_energy_2016-09.pdf
Daman & Diu,2016,9,September,monthly,208.0,208.0,0.0,0.0,False,False,psp_energy_2016-09.pdf
Daman & Diu,2016,9,September,cumulative_fy,1219.0,1219.0,0.0,0.0,False,False,psp_energy_2016-09.pdf
Dadra & Nagar Haveli,2016,9,September,monthly,514.0,514.0,0.0,0.0,False,False,psp_energy_2016-09.pdf
Dadra & Nagar Haveli,2016,9,September,cumulative_fy,3063.0,3063.0,0.0,0.0,False,False,psp_energy_2016-09.pdf
Goa,2016,9,September,monthly,310.0,310.0,0.0,0.0,False,False,psp_energy_2016-09.pdf
Goa,2016,9,September,cumulative_fy,2404.0,2402.0,-2.0,-0.1,False,False,psp_energy_2016-09.pdf
Western Region,2016,9,September,monthly,27769.0,27764.0,-4.0,0.0,True,False,psp_energy_2016-09.pdf
Western Region,2016,9,September,cumulative_fy,172259.0,172168.0,-91.0,-0.1,True,False,psp_energy_2016-09.pdf
Andhra Pradesh,2016,9,September,monthly,4448.0,4448.0,0.0,0.0,False,False,psp_energy_2016-09.pdf
Andhra Pradesh,2016,9,September,cumulative_fy,26650.0,26615.0,-35.0,-0.1,False,False,psp_energy_2016-09.pdf
Telangana,2016,9,September,monthly,4060.0,4060.0,0.0,0.0,False,False,psp_energy_2016-09.pdf
Telangana,2016,9,September,cumulative_fy,24980.0,24975.0,-5.0,0.0,False,False,psp_energy_2016-09.pdf
Karnataka,2016,9,September,monthly,5183.0,5182.0,-1.0,0.0,False,False,psp_energy_2016-09.pdf
Karnataka,2016,9,September,cumulative_fy,31086.0,30844.0,-242.0,-0.8,False,False,psp_energy_2016-09.pdf
Kerala,2016,9,September,monthly,1916.0,1915.0,-1.0,0.0,False,False,psp_energy_2016-09.pdf
Kerala,2016,9,September,cumulative_fy,12109.0,12088.0,-21.0,-0.2,False,False,psp_energy_2016-09.pdf
Tamil Nadu,2016,9,September,monthly,8843.0,8842.0,-1.0,0.0,False,False,psp_energy_2016-09.pdf
Tamil Nadu,2016,9,September,cumulative_fy,54596.0,54587.0,-9.0,0.0,False,False,psp_energy_2016-09.pdf
Puducherry,2016,9,September,monthly,209.0,209.0,0.0,0.0,False,False,psp_energy_2016-09.pdf
Puducherry,2016,9,September,cumulative_fy,1339.0,1338.0,-1.0,-0.1,False,False,psp_energy_2016-09.pdf
Lakshadweep,2016,9,September,monthly,4.0,4.0,0.0,0.0,False,False,psp_energy_2016-09.pdf
Lakshadweep,2016,9,September,cumulative_fy,24.0,24.0,0.0,0.0,False,False,psp_energy_2016-09.pdf
Southern Region,2016,9,September,monthly,24659.0,24655.0,-3.0,0.0,True,False,psp_energy_2016-09.pdf
Southern Region,2016,9,September,cumulative_fy,150761.0,150446.0,-315.0,-0.2,True,False,psp_energy_2016-09.pdf
Bihar,2016,9,September,monthly,2261.0,2195.0,-66.0,-2.9,False,False,psp_energy_2016-09.pdf
Bihar,2016,9,September,cumulative_fy,13619.0,13368.0,-251.0,-1.8,False,False,psp_energy_2016-09.pdf
DVC,2016,9,September,monthly,1556.0,1554.0,-2.0,-0.1,False,False,psp_energy_2016-09.pdf
DVC,2016,9,September,cumulative_fy,9229.0,9177.0,-52.0,-0.6,False,False,psp_energy_2016-09.pdf
Jharkhand,2016,9,September,monthly,651.0,650.0,-1.0,-0.2,False,False,psp_energy_2016-09.pdf
Jharkhand,2016,9,September,cumulative_fy,3974.0,3964.0,-10.0,-0.3,False,False,psp_energy_2016-09.pdf
Odisha,2016,9,September,monthly,2081.0,2081.0,0.0,0.0,False,False,psp_energy_2016-09.pdf
Odisha,2016,9,September,cumulative_fy,13972.0,13970.0,-2.0,0.0,False,False,psp_energy_2016-09.pdf
West Bengal,2016,9,September,monthly,4550.0,4536.0,-15.0,-0.3,False,False,psp_energy_2016-09.pdf
West Bengal,2016,9,September,cumulative_fy,26571.0,26468.0,-103.0,-0.4,False,False,psp_energy_2016-09.pdf
Sikkim,2016,9,September,monthly,37.0,37.0,0.0,0.0,False,False,psp_energy_2016-09.pdf
Sikkim,2016,9,September,cumulative_fy,228.0,228.0,0.0,0.0,False,False,psp_energy_2016-09.pdf
Andaman & Nicobar,2016,9,September,monthly,20.0,15.0,-5.0,-25.0,False,False,psp_energy_2016-09.pdf
Andaman & Nicobar,2016,9,September,cumulative_fy,120.0,90.0,-30.0,-25.0,False,False,psp_energy_2016-09.pdf
Eastern Region,2016,9,September,monthly,11136.0,11052.0,-84.0,-0.8,True,False,psp_energy_2016-09.pdf
Eastern Region,2016,9,September,cumulative_fy,67595.0,67175.0,-420.0,-0.6,True,False,psp_energy_2016-09.pdf
Arunachal Pradesh,2016,9,September,monthly,60.0,58.0,-1.0,-2.5,False,False,psp_energy_2016-09.pdf
Arunachal Pradesh,2016,9,September,cumulative_fy,344.0,335.0,-9.0,-2.6,False,False,psp_energy_2016-09.pdf
Assam,2016,9,September,monthly,888.0,858.0,-30.0,-3.4,False,False,psp_energy_2016-09.pdf
Assam,2016,9,September,cumulative_fy,4895.0,4668.0,-227.0,-4.6,False,False,psp_energy_2016-09.pdf
Manipur,2016,9,September,monthly,60.0,58.0,-2.0,-4.0,False,False,psp_energy_2016-09.pdf
Manipur,2016,9,September,cumulative_fy,354.0,337.0,-17.0,-4.8,False,False,psp_energy_2016-09.pdf
Meghalaya,2016,9,September,monthly,141.0,141.0,0.0,0.0,False,False,psp_energy_2016-09.pdf
Meghalaya,2016,9,September,cumulative_fy,820.0,820.0,0.0,0.0,False,False,psp_energy_2016-09.pdf
Mizoram,2016,9,September,monthly,37.0,35.0,-1.0,-3.4,False,False,psp_energy_2016-09.pdf
Mizoram,2016,9,September,cumulative_fy,238.0,231.0,-7.0,-2.9,False,False,psp_energy_2016-09.pdf
Nagaland,2016,9,September,monthly,68.0,67.0,-1.0,-1.8,False,False,psp_energy_2016-09.pdf
Nagaland,2016,9,September,cumulative_fy,370.0,362.0,-8.0,-2.2,False,False,psp_energy_2016-09.pdf
Tripura,2016,9,September,monthly,120.0,119.0,-1.0,-0.9,False,False,psp_energy_2016-09.pdf
Tripura,2016,9,September,cumulative_fy,729.0,714.0,-15.0,-2.1,False,False,psp_energy_2016-09.pdf
North-Eastern Region,2016,9,September,monthly,1373.0,1336.0,-37.0,-2.7,True,False,psp_energy_2016-09.pdf
North-Eastern Region,2016,9,September,cumulative_fy,7747.0,7463.0,-284.0,-3.7,True,False,psp_energy_2016-09.pdf
All India,2016,9,September,monthly,98278.0,97479.0,-799.0,-0.8,False,True,psp_energy_2016-09.pdf
All India,2016,9,September,cumulative_fy,588878.0,584619.0,-4259.0,-0.7,False,True,psp_energy_2016-09.pdf
Chandigarh,2016,10,October,monthly,125.0,125.0,0.0,0.0,False,False,psp_energy_2016-10.pdf
Chandigarh,2016,10,October,cumulative_fy,1135.0,1135.0,0.0,0.0,False,False,psp_energy_2016-10.pdf
Delhi,2016,10,October,monthly,2622.0,2620.0,-2.0,-0.1,False,False,psp_energy_2016-10.pdf
Delhi,2016,10,October,cumulative_fy,21666.0,21639.0,-27.0,-0.1,False,False,psp_energy_2016-10.pdf
Haryana,2016,10,October,monthly,4200.0,4200.0,0.0,0.0,False,False,psp_energy_2016-10.pdf
Haryana,2016,10,October,cumulative_fy,32179.0,32179.0,0.0,0.0,False,False,psp_energy_2016-10.pdf
Himachal Pradesh,2016,10,October,monthly,736.0,734.0,-2.0,-0.2,False,False,psp_energy_2016-10.pdf
Himachal Pradesh,2016,10,October,cumulative_fy,5142.0,5113.0,-29.0,-0.6,False,False,psp_energy_2016-10.pdf
Jammu & Kashmir,2016,10,October,monthly,1440.0,1188.0,-252.0,-17.5,False,False,psp_energy_2016-10.pdf
Jammu & Kashmir,2016,10,October,cumulative_fy,9737.0,7929.0,-1808.0,-18.6,False,False,psp_energy_2016-10.pdf
Punjab,2016,10,October,monthly,4341.0,4341.0,0.0,0.0,False,False,psp_energy_2016-10.pdf
Punjab,2016,10,October,cumulative_fy,37666.0,37666.0,0.0,0.0,False,False,psp_energy_2016-10.pdf
Rajasthan,2016,10,October,monthly,5545.0,5507.0,-38.0,-0.7,False,False,psp_energy_2016-10.pdf
Rajasthan,2016,10,October,cumulative_fy,38549.0,38362.0,-187.0,-0.5,False,False,psp_energy_2016-10.pdf
Uttar Pradesh,2016,10,October,monthly,9069.0,8959.0,-110.0,-1.2,False,False,psp_energy_2016-10.pdf
Uttar Pradesh,2016,10,October,cumulative_fy,65657.0,64197.0,-1460.0,-2.2,False,False,psp_energy_2016-10.pdf
Uttarakhand,2016,10,October,monthly,1079.0,1079.0,0.0,0.0,False,False,psp_energy_2016-10.pdf
Uttarakhand,2016,10,October,cumulative_fy,7943.0,7899.0,-44.0,-0.6,False,False,psp_energy_2016-10.pdf
Northern Region,2016,10,October,monthly,29158.0,28755.0,-404.0,-1.4,True,False,psp_energy_2016-10.pdf
Northern Region,2016,10,October,cumulative_fy,219675.0,216121.0,-3554.0,-1.6,True,False,psp_energy_2016-10.pdf
Chhattisgarh,2016,10,October,monthly,1932.0,1932.0,0.0,0.0,False,False,psp_energy_2016-10.pdf
Chhattisgarh,2016,10,October,cumulative_fy,14144.0,14091.0,-53.0,-0.4,False,False,psp_energy_2016-10.pdf
Gujarat,2016,10,October,monthly,8178.0,8178.0,0.0,0.0,False,False,psp_energy_2016-10.pdf
Gujarat,2016,10,October,cumulative_fy,61687.0,61687.0,0.0,0.0,False,False,psp_energy_2016-10.pdf
Madhya Pradesh,2016,10,October,monthly,5077.0,5077.0,0.0,0.0,False,False,psp_energy_2016-10.pdf
Madhya Pradesh,2016,10,October,cumulative_fy,35816.0,35815.0,-1.0,0.0,False,False,psp_energy_2016-10.pdf
Maharashtra,2016,10,October,monthly,11551.0,11551.0,0.0,0.0,False,False,psp_energy_2016-10.pdf
Maharashtra,2016,10,October,cumulative_fy,80664.0,80627.0,-37.0,0.0,False,False,psp_energy_2016-10.pdf
Daman & Diu,2016,10,October,monthly,205.0,205.0,0.0,0.0,False,False,psp_energy_2016-10.pdf
Daman & Diu,2016,10,October,cumulative_fy,1424.0,1424.0,0.0,0.0,False,False,psp_energy_2016-10.pdf
Dadra & Nagar Haveli,2016,10,October,monthly,525.0,525.0,0.0,0.0,False,False,psp_energy_2016-10.pdf
Dadra & Nagar Haveli,2016,10,October,cumulative_fy,3588.0,3588.0,0.0,0.0,False,False,psp_energy_2016-10.pdf
Goa,2016,10,October,monthly,320.0,320.0,0.0,0.0,False,False,psp_energy_2016-10.pdf
Goa,2016,10,October,cumulative_fy,2724.0,2722.0,-2.0,-0.1,False,False,psp_energy_2016-10.pdf
Western Region,2016,10,October,monthly,27788.0,27788.0,0.0,0.0,True,False,psp_energy_2016-10.pdf
Western Region,2016,10,October,cumulative_fy,200047.0,199956.0,-91.0,0.0,True,False,psp_energy_2016-10.pdf
Andhra Pradesh,2016,10,October,monthly,4821.0,4820.0,-1.0,0.0,False,False,psp_energy_2016-10.pdf
Andhra Pradesh,2016,10,October,cumulative_fy,31471.0,31435.0,-36.0,-0.1,False,False,psp_energy_2016-10.pdf
Telangana,2016,10,October,monthly,4482.0,4481.0,-1.0,0.0,False,False,psp_energy_2016-10.pdf
Telangana,2016,10,October,cumulative_fy,29462.0,29456.0,-6.0,0.0,False,False,psp_energy_2016-10.pdf
Karnataka,2016,10,October,monthly,5989.0,5945.0,-44.0,-0.7,False,False,psp_energy_2016-10.pdf
Karnataka,2016,10,October,cumulative_fy,37075.0,36789.0,-286.0,-0.8,False,False,psp_energy_2016-10.pdf
Kerala,2016,10,October,monthly,2033.0,2031.0,-2.0,-0.1,False,False,psp_energy_2016-10.pdf
Kerala,2016,10,October,cumulative_fy,14142.0,14119.0,-23.0,-0.2,False,False,psp_energy_2016-10.pdf
Tamil Nadu,2016,10,October,monthly,8945.0,8943.0,-2.0,0.0,False,False,psp_energy_2016-10.pdf
Tamil Nadu,2016,10,October,cumulative_fy,63541.0,63530.0,-11.0,0.0,False,False,psp_energy_2016-10.pdf
Puducherry,2016,10,October,monthly,217.0,216.0,0.0,-0.2,False,False,psp_energy_2016-10.pdf
Puducherry,2016,10,October,cumulative_fy,1556.0,1554.0,-2.0,-0.1,False,False,psp_energy_2016-10.pdf
Lakshadweep,2016,10,October,monthly,4.0,4.0,0.0,0.0,False,False,psp_energy_2016-10.pdf
Lakshadweep,2016,10,October,cumulative_fy,28.0,28.0,0.0,0.0,False,False,psp_energy_2016-10.pdf
Southern Region,2016,10,October,monthly,26488.0,26437.0,-50.0,-0.2,True,False,psp_energy_2016-10.pdf
Southern Region,2016,10,October,cumulative_fy,177249.0,176883.0,-366.0,-0.2,True,False,psp_energy_2016-10.pdf
Bihar,2016,10,October,monthly,2215.0,2173.0,-42.0,-1.9,False,False,psp_energy_2016-10.pdf
Bihar,2016,10,October,cumulative_fy,15834.0,15541.0,-293.0,-1.9,False,False,psp_energy_2016-10.pdf
DVC,2016,10,October,monthly,1648.0,1631.0,-16.0,-1.0,False,False,psp_energy_2016-10.pdf
DVC,2016,10,October,cumulative_fy,10877.0,10808.0,-69.0,-0.6,False,False,psp_energy_2016-10.pdf
Jharkhand,2016,10,October,monthly,652.0,651.0,-1.0,-0.2,False,False,psp_energy_2016-10.pdf
Jharkhand,2016,10,October,cumulative_fy,4626.0,4615.0,-11.0,-0.2,False,False,psp_energy_2016-10.pdf
Odisha,2016,10,October,monthly,2184.0,2184.0,0.0,0.0,False,False,psp_energy_2016-10.pdf
Odisha,2016,10,October,cumulative_fy,16156.0,16154.0,-2.0,0.0,False,False,psp_energy_2016-10.pdf
West Bengal,2016,10,October,monthly,4389.0,4381.0,-8.0,-0.2,False,False,psp_energy_2016-10.pdf
West Bengal,2016,10,October,cumulative_fy,30960.0,30849.0,-111.0,-0.4,False,False,psp_energy_2016-10.pdf
Sikkim,2016,10,October,monthly,34.0,34.0,0.0,0.0,False,False,psp_energy_2016-10.pdf
Sikkim,2016,10,October,cumulative_fy,262.0,262.0,0.0,0.0,False,False,psp_energy_2016-10.pdf
Andaman & Nicobar,2016,10,October,monthly,20.0,15.0,-5.0,-25.0,False,False,psp_energy_2016-10.pdf
Andaman & Nicobar,2016,10,October,cumulative_fy,140.0,105.0,-35.0,-25.0,False,False,psp_energy_2016-10.pdf
Eastern Region,2016,10,October,monthly,11121.0,11054.0,-68.0,-0.6,True,False,psp_energy_2016-10.pdf
Eastern Region,2016,10,October,cumulative_fy,78716.0,78229.0,-487.0,-0.6,True,False,psp_energy_2016-10.pdf
Arunachal Pradesh,2016,10,October,monthly,63.0,62.0,-1.0,-2.2,False,False,psp_energy_2016-10.pdf
Arunachal Pradesh,2016,10,October,cumulative_fy,407.0,397.0,-10.0,-2.5,False,False,psp_energy_2016-10.pdf
Assam,2016,10,October,monthly,835.0,813.0,-22.0,-2.7,False,False,psp_energy_2016-10.pdf
Assam,2016,10,October,cumulative_fy,5730.0,5481.0,-249.0,-4.3,False,False,psp_energy_2016-10.pdf
Manipur,2016,10,October,monthly,64.0,62.0,-3.0,-3.9,False,False,psp_energy_2016-10.pdf
Manipur,2016,10,October,cumulative_fy,418.0,399.0,-19.0,-4.5,False,False,psp_energy_2016-10.pdf
Meghalaya,2016,10,October,monthly,150.0,150.0,0.0,0.0,False,False,psp_energy_2016-10.pdf
Meghalaya,2016,10,October,cumulative_fy,970.0,970.0,0.0,0.0,False,False,psp_energy_2016-10.pdf
Mizoram,2016,10,October,monthly,40.0,39.0,-1.0,-3.2,False,False,psp_energy_2016-10.pdf
Mizoram,2016,10,October,cumulative_fy,278.0,270.0,-8.0,-2.9,False,False,psp_energy_2016-10.pdf
Nagaland,2016,10,October,monthly,68.0,67.0,-1.0,-2.1,False,False,psp_energy_2016-10.pdf
Nagaland,2016,10,October,cumulative_fy,438.0,429.0,-9.0,-2.1,False,False,psp_energy_2016-10.pdf
Tripura,2016,10,October,monthly,132.0,131.0,-1.0,-1.0,False,False,psp_energy_2016-10.pdf
Tripura,2016,10,October,cumulative_fy,861.0,845.0,-16.0,-1.9,False,False,psp_energy_2016-10.pdf
North-Eastern Region,2016,10,October,monthly,1352.0,1322.0,-30.0,-2.2,True,False,psp_energy_2016-10.pdf
North-Eastern Region,2016,10,October,cumulative_fy,9099.0,8785.0,-314.0,-3.5,True,False,psp_energy_2016-10.pdf
All India,2016,10,October,monthly,95908.0,95356.0,-551.0,-0.6,False,True,psp_energy_2016-10.pdf
All India,2016,10,October,cumulative_fy,684786.0,679975.0,-4811.0,-0.7,False,True,psp_energy_2016-10.pdf
Chandigarh,2016,11,November,monthly,96.0,96.0,0.0,0.0,False,False,psp_energy_2016-11.pdf
Chandigarh,2016,11,November,cumulative_fy,1231.0,1231.0,0.0,0.0,False,False,psp_energy_2016-11.pdf
Delhi,2016,11,November,monthly,1751.0,1750.0,-1.0,-0.1,False,False,psp_energy_2016-11.pdf
Delhi,2016,11,November,cumulative_fy,23417.0,23389.0,-28.0,-0.1,False,False,psp_energy_2016-11.pdf
Haryana,2016,11,November,monthly,2876.0,2876.0,0.0,0.0,False,False,psp_energy_2016-11.pdf
Haryana,2016,11,November,cumulative_fy,35055.0,35055.0,0.0,0.0,False,False,psp_energy_2016-11.pdf
Himachal Pradesh,2016,11,November,monthly,710.0,709.0,-1.0,-0.1,False,False,psp_energy_2016-11.pdf
Himachal Pradesh,2016,11,November,cumulative_fy,5852.0,5822.0,-30.0,-0.5,False,False,psp_energy_2016-11.pdf
Jammu & Kashmir,2016,11,November,monthly,1506.0,1187.0,-319.0,-21.2,False,False,psp_energy_2016-11.pdf
Jammu & Kashmir,2016,11,November,cumulative_fy,11243.0,9116.0,-2127.0,-18.9,False,False,psp_energy_2016-11.pdf
Punjab,2016,11,November,monthly,2842.0,2842.0,0.0,0.0,False,False,psp_energy_2016-11.pdf
Punjab,2016,11,November,cumulative_fy,40508.0,40508.0,0.0,0.0,False,False,psp_energy_2016-11.pdf
Rajasthan,2016,11,November,monthly,5747.0,5666.0,-81.0,-1.4,False,False,psp_energy_2016-11.pdf
Rajasthan,2016,11,November,cumulative_fy,44296.0,44028.0,-268.0,-0.6,False,False,psp_energy_2016-11.pdf
Uttar Pradesh,2016,11,November,monthly,7963.0,7863.0,-100.0,-1.3,False,False,psp_energy_2016-11.pdf
Uttar Pradesh,2016,11,November,cumulative_fy,73620.0,72060.0,-1560.0,-2.1,False,False,psp_energy_2016-11.pdf
Uttarakhand,2016,11,November,monthly,960.0,958.0,-2.0,-0.2,False,False,psp_energy_2016-11.pdf
Uttarakhand,2016,11,November,cumulative_fy,8903.0,8857.0,-46.0,-0.5,False,False,psp_energy_2016-11.pdf
Northern Region,2016,11,November,monthly,24452.0,23948.0,-504.0,-2.1,True,False,psp_energy_2016-11.pdf
Northern Region,2016,11,November,cumulative_fy,244127.0,240069.0,-4058.0,-1.7,True,False,psp_energy_2016-11.pdf
Chhattisgarh,2016,11,November,monthly,1657.0,1657.0,0.0,0.0,False,False,psp_energy_2016-11.pdf
Chhattisgarh,2016,11,November,cumulative_fy,15801.0,15748.0,-53.0,-0.3,False,False,psp_energy_2016-11.pdf
Gujarat,2016,11,November,monthly,7680.0,7680.0,0.0,0.0,False,False,psp_energy_2016-11.pdf
Gujarat,2016,11,November,cumulative_fy,69367.0,69367.0,0.0,0.0,False,False,psp_energy_2016-11.pdf
Madhya Pradesh,2016,11,November,monthly,6273.0,6273.0,0.0,0.0,False,False,psp_energy_2016-11.pdf
Madhya Pradesh,2016,11,November,cumulative_fy,42089.0,42088.0,-1.0,0.0,False,False,psp_energy_2016-11.pdf
Maharashtra,2016,11,November,monthly,11764.0,11763.0,0.0,0.0,False,False,psp_energy_2016-11.pdf
Maharashtra,2016,11,November,cumulative_fy,92428.0,92390.0,-38.0,0.0,False,False,psp_energy_2016-11.pdf
Daman & Diu,2016,11,November,monthly,187.0,187.0,0.0,0.0,False,False,psp_energy_2016-11.pdf
Daman & Diu,2016,11,November,cumulative_fy,1611.0,1611.0,0.0,0.0,False,False,psp_energy_2016-11.pdf
Dadra & Nagar Haveli,2016,11,November,monthly,478.0,478.0,0.0,0.0,False,False,psp_energy_2016-11.pdf
Dadra & Nagar Haveli,2016,11,November,cumulative_fy,4066.0,4066.0,0.0,0.0,False,False,psp_energy_2016-11.pdf
Goa,2016,11,November,monthly,307.0,307.0,0.0,0.0,False,False,psp_energy_2016-11.pdf
Goa,2016,11,November,cumulative_fy,3031.0,3029.0,-2.0,-0.1,False,False,psp_energy_2016-11.pdf
Western Region,2016,11,November,monthly,28345.0,28345.0,0.0,0.0,True,False,psp_energy_2016-11.pdf
Western Region,2016,11,November,cumulative_fy,228392.0,228301.0,-91.0,0.0,True,False,psp_energy_2016-11.pdf
Andhra Pradesh,2016,11,November,monthly,4654.0,4652.0,-2.0,0.0,False,False,psp_energy_2016-11.pdf
Andhra Pradesh,2016,11,November,cumulative_fy,36125.0,36087.0,-38.0,-0.1,False,False,psp_energy_2016-11.pdf
Telangana,2016,11,November,monthly,4161.0,4159.0,-2.0,0.0,False,False,psp_energy_2016-11.pdf
Telangana,2016,11,November,cumulative_fy,33623.0,33615.0,-8.0,0.0,False,False,psp_energy_2016-11.pdf
Karnataka,2016,11,November,monthly,5998.0,5932.0,-66.0,-1.1,False,False,psp_energy_2016-11.pdf
Karnataka,2016,11,November,cumulative_fy,43073.0,42721.0,-352.0,-0.8,False,False,psp_energy_2016-11.pdf
Kerala,2016,11,November,monthly,1988.0,1985.0,-3.0,-0.1,False,False,psp_energy_2016-11.pdf
Kerala,2016,11,November,cumulative_fy,16130.0,16104.0,-26.0,-0.2,False,False,psp_energy_2016-11.pdf
Tamil Nadu,2016,11,November,monthly,8000.0,7996.0,-4.0,0.0,False,False,psp_energy_2016-11.pdf
Tamil Nadu,2016,11,November,cumulative_fy,71541.0,71526.0,-15.0,0.0,False,False,psp_energy_2016-11.pdf
Puducherry,2016,11,November,monthly,204.0,203.0,0.0,-0.2,False,False,psp_energy_2016-11.pdf
Puducherry,2016,11,November,cumulative_fy,1760.0,1757.0,-3.0,-0.2,False,False,psp_energy_2016-11.pdf
Lakshadweep,2016,11,November,monthly,4.0,4.0,0.0,0.0,False,False,psp_energy_2016-11.pdf
Lakshadweep,2016,11,November,cumulative_fy,32.0,32.0,0.0,0.0,False,False,psp_energy_2016-11.pdf
Southern Region,2016,11,November,monthly,25005.0,24928.0,-77.0,-0.3,True,False,psp_energy_2016-11.pdf
Southern Region,2016,11,November,cumulative_fy,202254.0,201811.0,-443.0,-0.2,True,False,psp_energy_2016-11.pdf
Bihar,2016,11,November,monthly,1954.0,1918.0,-36.0,-1.8,False,False,psp_energy_2016-11.pdf
Bihar,2016,11,November,cumulative_fy,17788.0,17459.0,-329.0,-1.8,False,False,psp_energy_2016-11.pdf
DVC,2016,11,November,monthly,1435.0,1433.0,-2.0,-0.2,False,False,psp_energy_2016-11.pdf
DVC,2016,11,November,cumulative_fy,12312.0,12241.0,-71.0,-0.6,False,False,psp_energy_2016-11.pdf
Jharkhand,2016,11,November,monthly,631.0,624.0,-7.0,-1.1,False,False,psp_energy_2016-11.pdf
Jharkhand,2016,11,November,cumulative_fy,5257.0,5239.0,-18.0,-0.3,False,False,psp_energy_2016-11.pdf
Odisha,2016,11,November,monthly,2013.0,2013.0,-1.0,0.0,False,False,psp_energy_2016-11.pdf
Odisha,2016,11,November,cumulative_fy,18169.0,18167.0,-2.0,0.0,False,False,psp_energy_2016-11.pdf
West Bengal,2016,11,November,monthly,3240.0,3236.0,-4.0,-0.1,False,False,psp_energy_2016-11.pdf
West Bengal,2016,11,November,cumulative_fy,34200.0,34085.0,-115.0,-0.3,False,False,psp_energy_2016-11.pdf
Sikkim,2016,11,November,monthly,38.0,38.0,0.0,0.0,False,False,psp_energy_2016-11.pdf
Sikkim,2016,11,November,cumulative_fy,300.0,300.0,0.0,0.0,False,False,psp_energy_2016-11.pdf
Andaman & Nicobar,2016,11,November,monthly,20.0,15.0,-5.0,-25.0,False,False,psp_energy_2016-11.pdf
Andaman & Nicobar,2016,11,November,cumulative_fy,160.0,120.0,-40.0,-25.0,False,False,psp_energy_2016-11.pdf
Eastern Region,2016,11,November,monthly,9313.0,9263.0,-50.0,-0.5,True,False,psp_energy_2016-11.pdf
Eastern Region,2016,11,November,cumulative_fy,88029.0,87492.0,-537.0,-0.6,True,False,psp_energy_2016-11.pdf
Arunachal Pradesh,2016,11,November,monthly,61.0,60.0,-1.0,-1.9,False,False,psp_energy_2016-11.pdf
Arunachal Pradesh,2016,11,November,cumulative_fy,468.0,457.0,-11.0,-2.4,False,False,psp_energy_2016-11.pdf
Assam,2016,11,November,monthly,677.0,666.0,-12.0,-1.8,False,False,psp_energy_2016-11.pdf
Assam,2016,11,November,cumulative_fy,6407.0,6147.0,-260.0,-4.1,False,False,psp_energy_2016-11.pdf
Manipur,2016,11,November,monthly,66.0,65.0,-2.0,-2.3,False,False,psp_energy_2016-11.pdf
Manipur,2016,11,November,cumulative_fy,484.0,464.0,-20.0,-4.1,False,False,psp_energy_2016-11.pdf
Meghalaya,2016,11,November,monthly,137.0,137.0,0.0,0.0,False,False,psp_energy_2016-11.pdf
Meghalaya,2016,11,November,cumulative_fy,1107.0,1107.0,0.0,0.0,False,False,psp_energy_2016-11.pdf
Mizoram,2016,11,November,monthly,45.0,44.0,-1.0,-2.8,False,False,psp_energy_2016-11.pdf
Mizoram,2016,11,November,cumulative_fy,323.0,314.0,-9.0,-2.8,False,False,psp_energy_2016-11.pdf
Nagaland,2016,11,November,monthly,64.0,63.0,-1.0,-2.0,False,False,psp_energy_2016-11.pdf
Nagaland,2016,11,November,cumulative_fy,502.0,492.0,-10.0,-2.0,False,False,psp_energy_2016-11.pdf
Tripura,2016,11,November,monthly,137.0,136.0,-1.0,-0.8,False,False,psp_energy_2016-11.pdf
Tripura,2016,11,November,cumulative_fy,998.0,981.0,-17.0,-1.7,False,False,psp_energy_2016-11.pdf
North-Eastern Region,2016,11,November,monthly,1188.0,1170.0,-18.0,-1.5,True,False,psp_energy_2016-11.pdf
North-Eastern Region,2016,11,November,cumulative_fy,10287.0,9955.0,-332.0,-3.2,True,False,psp_energy_2016-11.pdf
All India,2016,11,November,monthly,88302.0,87652.0,-650.0,-0.7,False,True,psp_energy_2016-11.pdf
All India,2016,11,November,cumulative_fy,773088.0,767627.0,-5461.0,-0.7,False,True,psp_energy_2016-11.pdf
Chandigarh,2016,12,December,monthly,104.0,104.0,0.0,0.0,False,False,psp_energy_2016-12.pdf
Chandigarh,2016,12,December,cumulative_fy,1335.0,1335.0,0.0,0.0,False,False,psp_energy_2016-12.pdf
Delhi,2016,12,December,monthly,1797.0,1796.0,-1.0,-0.1,False,False,psp_energy_2016-12.pdf
Delhi,2016,12,December,cumulative_fy,25214.0,25185.0,-29.0,-0.1,False,False,psp_energy_2016-12.pdf
Haryana,2016,12,December,monthly,3567.0,3567.0,0.0,0.0,False,False,psp_energy_2016-12.pdf
Haryana,2016,12,December,cumulative_fy,38622.0,38622.0,0.0,0.0,False,False,psp_energy_2016-12.pdf
Himachal Pradesh,2016,12,December,monthly,755.0,752.0,-4.0,-0.5,False,False,psp_energy_2016-12.pdf
Himachal Pradesh,2016,12,December,cumulative_fy,6607.0,6574.0,-33.0,-0.5,False,False,psp_energy_2016-12.pdf
Jammu & Kashmir,2016,12,December,monthly,1618.0,1299.0,-319.0,-19.7,False,False,psp_energy_2016-12.pdf
Jammu & Kashmir,2016,12,December,cumulative_fy,12861.0,10415.0,-2446.0,-19.0,False,False,psp_energy_2016-12.pdf
Punjab,2016,12,December,monthly,3223.0,3223.0,0.0,0.0,False,False,psp_energy_2016-12.pdf
Punjab,2016,12,December,cumulative_fy,43731.0,43731.0,0.0,0.0,False,False,psp_energy_2016-12.pdf
Rajasthan,2016,12,December,monthly,6187.0,6109.0,-78.0,-1.3,False,False,psp_energy_2016-12.pdf
Rajasthan,2016,12,December,cumulative_fy,50483.0,50137.0,-346.0,-0.7,False,False,psp_energy_2016-12.pdf
Uttar Pradesh,2016,12,December,monthly,8466.0,8359.0,-107.0,-1.3,False,False,psp_energy_2016-12.pdf
Uttar Pradesh,2016,12,December,cumulative_fy,82086.0,80419.0,-1667.0,-2.0,False,False,psp_energy_2016-12.pdf
Uttarakhand,2016,12,December,monthly,1027.0,1024.0,-3.0,-0.3,False,False,psp_energy_2016-12.pdf
Uttarakhand,2016,12,December,cumulative_fy,9930.0,9881.0,-49.0,-0.5,False,False,psp_energy_2016-12.pdf
Northern Region,2016,12,December,monthly,26744.0,26233.0,-511.0,-1.9,True,False,psp_energy_2016-12.pdf
Northern Region,2016,12,December,cumulative_fy,270871.0,266302.0,-4569.0,-1.7,True,False,psp_energy_2016-12.pdf
Chhattisgarh,2016,12,December,monthly,1772.0,1772.0,0.0,0.0,False,False,psp_energy_2016-12.pdf
Chhattisgarh,2016,12,December,cumulative_fy,17573.0,17520.0,-53.0,-0.3,False,False,psp_energy_2016-12.pdf
Gujarat,2016,12,December,monthly,8448.0,8448.0,0.0,0.0,False,False,psp_energy_2016-12.pdf
Gujarat,2016,12,December,cumulative_fy,77815.0,77815.0,0.0,0.0,False,False,psp_energy_2016-12.pdf
Madhya Pradesh,2016,12,December,monthly,6529.0,6529.0,0.0,0.0,False,False,psp_energy_2016-12.pdf
Madhya Pradesh,2016,12,December,cumulative_fy,48618.0,48617.0,-1.0,0.0,False,False,psp_energy_2016-12.pdf
Maharashtra,2016,12,December,monthly,12158.0,12151.0,-7.0,-0.1,False,False,psp_energy_2016-12.pdf
Maharashtra,2016,12,December,cumulative_fy,104586.0,104541.0,-45.0,0.0,False,False,psp_energy_2016-12.pdf
Daman & Diu,2016,12,December,monthly,190.0,190.0,0.0,0.0,False,False,psp_energy_2016-12.pdf
Daman & Diu,2016,12,December,cumulative_fy,1801.0,1801.0,0.0,0.0,False,False,psp_energy_2016-12.pdf
Dadra & Nagar Haveli,2016,12,December,monthly,478.0,478.0,0.0,0.0,False,False,psp_energy_2016-12.pdf
Dadra & Nagar Haveli,2016,12,December,cumulative_fy,4544.0,4544.0,0.0,0.0,False,False,psp_energy_2016-12.pdf
Goa,2016,12,December,monthly,313.0,313.0,0.0,0.0,False,False,psp_energy_2016-12.pdf
Goa,2016,12,December,cumulative_fy,3344.0,3342.0,-2.0,-0.1,False,False,psp_energy_2016-12.pdf
Western Region,2016,12,December,monthly,29889.0,29882.0,-7.0,0.0,True,False,psp_energy_2016-12.pdf
Western Region,2016,12,December,cumulative_fy,258281.0,258183.0,-98.0,0.0,True,False,psp_energy_2016-12.pdf
Andhra Pradesh,2016,12,December,monthly,4260.0,4257.0,-2.0,-0.1,False,False,psp_energy_2016-12.pdf
Andhra Pradesh,2016,12,December,cumulative_fy,40385.0,40344.0,-41.0,-0.1,False,False,psp_energy_2016-12.pdf
Telangana,2016,12,December,monthly,4443.0,4441.0,-2.0,-0.1,False,False,psp_energy_2016-12.pdf
Telangana,2016,12,December,cumulative_fy,38066.0,38056.0,-10.0,0.0,False,False,psp_energy_2016-12.pdf
Karnataka,2016,12,December,monthly,5572.0,5569.0,-3.0,-0.1,False,False,psp_energy_2016-12.pdf
Karnataka,2016,12,December,cumulative_fy,48645.0,48290.0,-355.0,-0.7,False,False,psp_energy_2016-12.pdf
Kerala,2016,12,December,monthly,2004.0,1997.0,-7.0,-0.4,False,False,psp_energy_2016-12.pdf
Kerala,2016,12,December,cumulative_fy,18134.0,18101.0,-33.0,-0.2,False,False,psp_energy_2016-12.pdf
Tamil Nadu,2016,12,December,monthly,7863.0,7859.0,-5.0,-0.1,False,False,psp_energy_2016-12.pdf
Tamil Nadu,2016,12,December,cumulative_fy,79404.0,79385.0,-19.0,0.0,False,False,psp_energy_2016-12.pdf
Puducherry,2016,12,December,monthly,192.0,192.0,0.0,-0.1,False,False,psp_energy_2016-12.pdf
Puducherry,2016,12,December,cumulative_fy,1952.0,1949.0,-3.0,-0.2,False,False,psp_energy_2016-12.pdf
Lakshadweep,2016,12,December,monthly,4.0,4.0,0.0,0.0,False,False,psp_energy_2016-12.pdf
Lakshadweep,2016,12,December,cumulative_fy,36.0,36.0,0.0,0.0,False,False,psp_energy_2016-12.pdf
Southern Region,2016,12,December,monthly,24334.0,24314.0,-19.0,-0.1,True,False,psp_energy_2016-12.pdf
Southern Region,2016,12,December,cumulative_fy,226588.0,226125.0,-463.0,-0.2,True,False,psp_energy_2016-12.pdf
Bihar,2016,12,December,monthly,2055.0,1980.0,-75.0,-3.7,False,False,psp_energy_2016-12.pdf
Bihar,2016,12,December,cumulative_fy,19843.0,19439.0,-404.0,-2.0,False,False,psp_energy_2016-12.pdf
DVC,2016,12,December,monthly,1519.0,1507.0,-12.0,-0.8,False,False,psp_energy_2016-12.pdf
DVC,2016,12,December,cumulative_fy,13831.0,13748.0,-83.0,-0.6,False,False,psp_energy_2016-12.pdf
Jharkhand,2016,12,December,monthly,714.0,695.0,-18.0,-2.6,False,False,psp_energy_2016-12.pdf
Jharkhand,2016,12,December,cumulative_fy,5971.0,5934.0,-37.0,-0.6,False,False,psp_energy_2016-12.pdf
Odisha,2016,12,December,monthly,2046.0,2046.0,0.0,0.0,False,False,psp_energy_2016-12.pdf
Odisha,2016,12,December,cumulative_fy,20215.0,20213.0,-2.0,0.0,False,False,psp_energy_2016-12.pdf
West Bengal,2016,12,December,monthly,3268.0,3264.0,-3.0,-0.1,False,False,psp_energy_2016-12.pdf
West Bengal,2016,12,December,cumulative_fy,37468.0,37349.0,-119.0,-0.3,False,False,psp_energy_2016-12.pdf
Sikkim,2016,12,December,monthly,45.0,45.0,0.0,0.0,False,False,psp_energy_2016-12.pdf
Sikkim,2016,12,December,cumulative_fy,345.0,345.0,0.0,0.0,False,False,psp_energy_2016-12.pdf
Andaman & Nicobar,2016,12,December,monthly,20.0,15.0,-5.0,-25.0,False,False,psp_energy_2016-12.pdf
Andaman & Nicobar,2016,12,December,cumulative_fy,180.0,135.0,-45.0,-25.0,False,False,psp_energy_2016-12.pdf
Eastern Region,2016,12,December,monthly,9646.0,9538.0,-109.0,-1.1,True,False,psp_energy_2016-12.pdf
Eastern Region,2016,12,December,cumulative_fy,97675.0,97030.0,-645.0,-0.7,True,False,psp_energy_2016-12.pdf
Arunachal Pradesh,2016,12,December,monthly,66.0,65.0,-1.0,-1.7,False,False,psp_energy_2016-12.pdf
Arunachal Pradesh,2016,12,December,cumulative_fy,534.0,522.0,-12.0,-2.2,False,False,psp_energy_2016-12.pdf
Assam,2016,12,December,monthly,662.0,646.0,-16.0,-2.4,False,False,psp_energy_2016-12.pdf
Assam,2016,12,December,cumulative_fy,7069.0,6793.0,-276.0,-3.9,False,False,psp_energy_2016-12.pdf
Manipur,2016,12,December,monthly,73.0,72.0,-1.0,-1.8,False,False,psp_energy_2016-12.pdf
Manipur,2016,12,December,cumulative_fy,557.0,536.0,-21.0,-3.8,False,False,psp_energy_2016-12.pdf
Meghalaya,2016,12,December,monthly,148.0,148.0,0.0,0.0,False,False,psp_energy_2016-12.pdf
Meghalaya,2016,12,December,cumulative_fy,1255.0,1255.0,0.0,0.0,False,False,psp_energy_2016-12.pdf
Mizoram,2016,12,December,monthly,51.0,50.0,-1.0,-2.4,False,False,psp_energy_2016-12.pdf
Mizoram,2016,12,December,cumulative_fy,374.0,364.0,-10.0,-2.7,False,False,psp_energy_2016-12.pdf
Nagaland,2016,12,December,monthly,70.0,69.0,-1.0,-1.8,False,False,psp_energy_2016-12.pdf
Nagaland,2016,12,December,cumulative_fy,572.0,561.0,-11.0,-1.9,False,False,psp_energy_2016-12.pdf
Tripura,2016,12,December,monthly,145.0,144.0,-1.0,-0.5,False,False,psp_energy_2016-12.pdf
Tripura,2016,12,December,cumulative_fy,1143.0,1125.0,-18.0,-1.6,False,False,psp_energy_2016-12.pdf
North-Eastern Region,2016,12,December,monthly,1214.0,1192.0,-21.0,-1.8,True,False,psp_energy_2016-12.pdf
North-Eastern Region,2016,12,December,cumulative_fy,11501.0,11147.0,-354.0,-3.1,True,False,psp_energy_2016-12.pdf
All India,2016,12,December,monthly,91827.0,91160.0,-667.0,-0.7,False,True,psp_energy_2016-12.pdf
All India,2016,12,December,cumulative_fy,864915.0,858787.0,-6128.0,-0.7,False,True,psp_energy_2016-12.pdf
Chandigarh,2016,4,April,monthly,131.0,131.0,0.0,0.0,False,False,psp_energy_2016_04.pdf
Delhi,2016,4,April,monthly,2628.0,2626.0,-3.0,-0.1,False,False,psp_energy_2016_04.pdf
Haryana,2016,4,April,monthly,3618.0,3618.0,0.0,0.0,False,False,psp_energy_2016_04.pdf
Himachal Pradesh,2016,4,April,monthly,672.0,665.0,-7.0,-1.0,False,False,psp_energy_2016_04.pdf
Jammu & Kashmir,2016,4,April,monthly,1432.0,1226.0,-206.0,-14.4,False,False,psp_energy_2016_04.pdf
Punjab,2016,4,April,monthly,3381.0,3381.0,0.0,0.0,False,False,psp_energy_2016_04.pdf
Rajasthan,2016,4,April,monthly,5328.0,5319.0,-9.0,-0.2,False,False,psp_energy_2016_04.pdf
Uttar Pradesh,2016,4,April,monthly,9198.0,8566.0,-632.0,-6.9,False,False,psp_energy_2016_04.pdf
Uttarakhand,2016,4,April,monthly,1081.0,1072.0,-9.0,-0.8,False,False,psp_energy_2016_04.pdf
Northern Region,2016,4,April,monthly,27468.0,26603.0,-865.0,-3.1,True,False,psp_energy_2016_04.pdf
Chhattisgarh,2016,4,April,monthly,2249.0,2238.0,-11.0,-0.5,False,False,psp_energy_2016_04.pdf
Gujarat,2016,4,April,monthly,9187.0,9187.0,0.0,0.0,False,False,psp_energy_2016_04.pdf
Madhya Pradesh,2016,4,April,monthly,5559.0,5558.0,0.0,0.0,False,False,psp_energy_2016_04.pdf
Maharashtra,2016,4,April,monthly,12624.0,12624.0,-1.0,0.0,False,False,psp_energy_2016_04.pdf
Daman & Diu,2016,4,April,monthly,200.0,200.0,0.0,0.0,False,False,psp_energy_2016_04.pdf
Dadra & Nagar Haveli,2016,4,April,monthly,495.0,495.0,0.0,0.0,False,False,psp_energy_2016_04.pdf
Goa,2016,4,April,monthly,423.0,423.0,0.0,0.0,False,False,psp_energy_2016_04.pdf
Western Region,2016,4,April,monthly,30737.0,30724.0,-13.0,0.0,True,False,psp_energy_2016_04.pdf
Andhra Pradesh,2016,4,April,monthly,4729.0,4695.0,-34.0,-0.7,False,False,psp_energy_2016_04.pdf
Telangana,2016,4,April,monthly,4495.0,4492.0,-3.0,-0.1,False,False,psp_energy_2016_04.pdf
Karnataka,2016,4,April,monthly,6330.0,6103.0,-227.0,-3.6,False,False,psp_energy_2016_04.pdf
Kerala,2016,4,April,monthly,2342.0,2327.0,-16.0,-0.7,False,False,psp_energy_2016_04.pdf
Tamil Nadu,2016,4,April,monthly,9623.0,9617.0,-6.0,-0.1,False,False,psp_energy_2016_04.pdf
Puducherry,2016,4,April,monthly,233.0,232.0,0.0,-0.1,False,False,psp_energy_2016_04.pdf
Lakshadweep,2016,4,April,monthly,4.0,4.0,0.0,0.0,False,False,psp_energy_2016_04.pdf
Southern Region,2016,4,April,monthly,27751.0,27466.0,-285.0,-1.0,True,False,psp_energy_2016_04.pdf
Bihar,2016,4,April,monthly,2250.0,2137.0,-112.0,-5.0,False,False,psp_energy_2016_04.pdf
DVC,2016,4,April,monthly,1626.0,1614.0,-12.0,-0.7,False,False,psp_energy_2016_04.pdf
Jharkhand,2016,4,April,monthly,717.0,712.0,-6.0,-0.8,False,False,psp_energy_2016_04.pdf
Odisha,2016,4,April,monthly,2389.0,2387.0,-2.0,-0.1,False,False,psp_energy_2016_04.pdf
West Bengal,2016,4,April,monthly,4595.0,4575.0,-20.0,-0.4,False,False,psp_energy_2016_04.pdf
Sikkim,2016,4,April,monthly,37.0,37.0,0.0,-0.1,False,False,psp_energy_2016_04.pdf
Andaman & Nicobar,2016,4,April,monthly,20.0,15.0,-5.0,-25.0,False,False,psp_energy_2016_04.pdf
Eastern Region,2016,4,April,monthly,11613.0,11461.0,-152.0,-1.3,True,False,psp_energy_2016_04.pdf
Arunachal Pradesh,2016,4,April,monthly,54.0,53.0,-1.0,-2.2,False,False,psp_energy_2016_04.pdf
Assam,2016,4,April,monthly,634.0,579.0,-55.0,-8.7,False,False,psp_energy_2016_04.pdf
Manipur,2016,4,April,monthly,54.0,51.0,-3.0,-5.9,False,False,psp_energy_2016_04.pdf
Meghalaya,2016,4,April,monthly,120.0,120.0,0.0,0.0,False,False,psp_energy_2016_04.pdf
Mizoram,2016,4,April,monthly,41.0,40.0,-1.0,-3.2,False,False,psp_energy_2016_04.pdf
Nagaland,2016,4,April,monthly,53.0,51.0,-2.0,-3.1,False,False,psp_energy_2016_04.pdf
Tripura,2016,4,April,monthly,145.0,142.0,-3.0,-2.1,False,False,psp_energy_2016_04.pdf
North-Eastern Region,2016,4,April,monthly,1102.0,1036.0,-66.0,-6.0,True,False,psp_energy_2016_04.pdf
All India,2016,4,April,monthly,98671.0,97290.0,-1381.0,-1.4,False,True,psp_energy_2016_04.pdf
Chandigarh,2017,1,January,monthly,113.0,113.0,0.0,0.0,False,False,psp_energy_2017-01.pdf
Chandigarh,2017,1,January,cumulative_fy,1448.0,1448.0,0.0,0.0,False,False,psp_energy_2017-01.pdf
Delhi,2017,1,January,monthly,1938.0,1937.0,-1.0,-0.1,False,False,psp_energy_2017-01.pdf
Delhi,2017,1,January,cumulative_fy,27152.0,27122.0,-30.0,-0.1,False,False,psp_energy_2017-01.pdf
Haryana,2017,1,January,monthly,3449.0,3449.0,0.0,0.0,False,False,psp_energy_2017-01.pdf
Haryana,2017,1,January,cumulative_fy,42071.0,42071.0,0.0,0.0,False,False,psp_energy_2017-01.pdf
Himachal Pradesh,2017,1,January,monthly,779.0,764.0,-15.0,-1.9,False,False,psp_energy_2017-01.pdf
Himachal Pradesh,2017,1,January,cumulative_fy,7386.0,7338.0,-48.0,-0.6,False,False,psp_energy_2017-01.pdf
Jammu & Kashmir,2017,1,January,monthly,1599.0,1284.0,-315.0,-19.7,False,False,psp_energy_2017-01.pdf
Jammu & Kashmir,2017,1,January,cumulative_fy,14460.0,11699.0,-2761.0,-19.1,False,False,psp_energy_2017-01.pdf
Punjab,2017,1,January,monthly,3013.0,3013.0,0.0,0.0,False,False,psp_energy_2017-01.pdf
Punjab,2017,1,January,cumulative_fy,46744.0,46744.0,0.0,0.0,False,False,psp_energy_2017-01.pdf
Rajasthan,2017,1,January,monthly,6110.0,6062.0,-48.0,-0.8,False,False,psp_energy_2017-01.pdf
Rajasthan,2017,1,January,cumulative_fy,56593.0,56199.0,-394.0,-0.7,False,False,psp_energy_2017-01.pdf
Uttar Pradesh,2017,1,January,monthly,8747.0,8673.0,-74.0,-0.8,False,False,psp_energy_2017-01.pdf
Uttar Pradesh,2017,1,January,cumulative_fy,90833.0,89092.0,-1741.0,-1.9,False,False,psp_energy_2017-01.pdf
Uttarakhand,2017,1,January,monthly,1098.0,1077.0,-21.0,-1.9,False,False,psp_energy_2017-01.pdf
Uttarakhand,2017,1,January,cumulative_fy,11028.0,10958.0,-70.0,-0.6,False,False,psp_energy_2017-01.pdf
Northern Region,2017,1,January,monthly,26846.0,26373.0,-474.0,-1.8,True,False,psp_energy_2017-01.pdf
Northern Region,2017,1,January,cumulative_fy,297717.0,292675.0,-5042.0,-1.7,True,False,psp_energy_2017-01.pdf
Chhattisgarh,2017,1,January,monthly,1939.0,1939.0,0.0,0.0,False,False,psp_energy_2017-01.pdf
Chhattisgarh,2017,1,January,cumulative_fy,19512.0,19459.0,-53.0,-0.3,False,False,psp_energy_2017-01.pdf
Gujarat,2017,1,January,monthly,8496.0,8495.0,0.0,0.0,False,False,psp_energy_2017-01.pdf
Gujarat,2017,1,January,cumulative_fy,86311.0,86310.0,-1.0,0.0,False,False,psp_energy_2017-01.pdf
Madhya Pradesh,2017,1,January,monthly,6295.0,6295.0,0.0,0.0,False,False,psp_energy_2017-01.pdf
Madhya Pradesh,2017,1,January,cumulative_fy,54913.0,54912.0,-1.0,0.0,False,False,psp_energy_2017-01.pdf
Maharashtra,2017,1,January,monthly,10963.0,10953.0,-10.0,-0.1,False,False,psp_energy_2017-01.pdf
Maharashtra,2017,1,January,cumulative_fy,115549.0,115494.0,-55.0,0.0,False,False,psp_energy_2017-01.pdf
Daman & Diu,2017,1,January,monthly,195.0,195.0,0.0,0.0,False,False,psp_energy_2017-01.pdf
Daman & Diu,2017,1,January,cumulative_fy,1996.0,1996.0,0.0,0.0,False,False,psp_energy_2017-01.pdf
Dadra & Nagar Haveli,2017,1,January,monthly,501.0,501.0,0.0,0.0,False,False,psp_energy_2017-01.pdf
Dadra & Nagar Haveli,2017,1,January,cumulative_fy,5045.0,5045.0,0.0,0.0,False,False,psp_energy_2017-01.pdf
Goa,2017,1,January,monthly,319.0,319.0,0.0,0.0,False,False,psp_energy_2017-01.pdf
Goa,2017,1,January,cumulative_fy,3663.0,3661.0,-2.0,-0.1,False,False,psp_energy_2017-01.pdf
Western Region,2017,1,January,monthly,28707.0,28697.0,-10.0,0.0,True,False,psp_energy_2017-01.pdf
Western Region,2017,1,January,cumulative_fy,286988.0,286880.0,-108.0,0.0,True,False,psp_energy_2017-01.pdf
Andhra Pradesh,2017,1,January,monthly,4447.0,4447.0,0.0,0.0,False,False,psp_energy_2017-01.pdf
Andhra Pradesh,2017,1,January,cumulative_fy,44832.0,44791.0,-41.0,-0.1,False,False,psp_energy_2017-01.pdf
Telangana,2017,1,January,monthly,4783.0,4783.0,0.0,0.0,False,False,psp_energy_2017-01.pdf
Telangana,2017,1,January,cumulative_fy,42849.0,42839.0,-10.0,0.0,False,False,psp_energy_2017-01.pdf
Karnataka,2017,1,January,monthly,5961.0,5961.0,0.0,0.0,False,False,psp_energy_2017-01.pdf
Karnataka,2017,1,January,cumulative_fy,54606.0,54251.0,-355.0,-0.7,False,False,psp_energy_2017-01.pdf
Kerala,2017,1,January,monthly,2014.0,2014.0,0.0,0.0,False,False,psp_energy_2017-01.pdf
Kerala,2017,1,January,cumulative_fy,20148.0,20115.0,-33.0,-0.2,False,False,psp_energy_2017-01.pdf
Tamil Nadu,2017,1,January,monthly,8136.0,8136.0,0.0,0.0,False,False,psp_energy_2017-01.pdf
Tamil Nadu,2017,1,January,cumulative_fy,87540.0,87521.0,-19.0,0.0,False,False,psp_energy_2017-01.pdf
Puducherry,2017,1,January,monthly,189.0,189.0,0.0,0.0,False,False,psp_energy_2017-01.pdf
Puducherry,2017,1,January,cumulative_fy,2141.0,2138.0,-3.0,-0.1,False,False,psp_energy_2017-01.pdf
Lakshadweep,2017,1,January,monthly,4.0,4.0,0.0,0.0,False,False,psp_energy_2017-01.pdf
Lakshadweep,2017,1,January,cumulative_fy,40.0,40.0,0.0,0.0,False,False,psp_energy_2017-01.pdf
Southern Region,2017,1,January,monthly,25531.0,25531.0,0.0,0.0,True,False,psp_energy_2017-01.pdf
Southern Region,2017,1,January,cumulative_fy,252119.0,251656.0,-463.0,-0.2,True,False,psp_energy_2017-01.pdf
Bihar,2017,1,January,monthly,2019.0,1967.0,-51.0,-2.5,False,False,psp_energy_2017-01.pdf
Bihar,2017,1,January,cumulative_fy,21862.0,21406.0,-456.0,-2.1,False,False,psp_energy_2017-01.pdf
DVC,2017,1,January,monthly,1698.0,1647.0,-52.0,-3.0,False,False,psp_energy_2017-01.pdf
DVC,2017,1,January,cumulative_fy,15529.0,15395.0,-134.0,-0.9,False,False,psp_energy_2017-01.pdf
Jharkhand,2017,1,January,monthly,692.0,679.0,-13.0,-1.9,False,False,psp_energy_2017-01.pdf
Jharkhand,2017,1,January,cumulative_fy,6663.0,6613.0,-50.0,-0.8,False,False,psp_energy_2017-01.pdf
Odisha,2017,1,January,monthly,2209.0,2209.0,0.0,0.0,False,False,psp_energy_2017-01.pdf
Odisha,2017,1,January,cumulative_fy,22424.0,22422.0,-2.0,0.0,False,False,psp_energy_2017-01.pdf
West Bengal,2017,1,January,monthly,3495.0,3486.0,-9.0,-0.3,False,False,psp_energy_2017-01.pdf
West Bengal,2017,1,January,cumulative_fy,40963.0,40835.0,-128.0,-0.3,False,False,psp_energy_2017-01.pdf
Sikkim,2017,1,January,monthly,44.0,44.0,0.0,0.0,False,False,psp_energy_2017-01.pdf
Sikkim,2017,1,January,cumulative_fy,389.0,389.0,0.0,0.0,False,False,psp_energy_2017-01.pdf
Andaman & Nicobar,2017,1,January,monthly,20.0,15.0,-5.0,-25.0,False,False,psp_energy_2017-01.pdf
Andaman & Nicobar,2017,1,January,cumulative_fy,200.0,150.0,-50.0,-25.0,False,False,psp_energy_2017-01.pdf
Eastern Region,2017,1,January,monthly,10158.0,10033.0,-125.0,-1.2,True,False,psp_energy_2017-01.pdf
Eastern Region,2017,1,January,cumulative_fy,107833.0,107063.0,-770.0,-0.7,True,False,psp_energy_2017-01.pdf
Arunachal Pradesh,2017,1,January,monthly,68.0,67.0,-1.0,-1.7,False,False,psp_energy_2017-01.pdf
Arunachal Pradesh,2017,1,January,cumulative_fy,602.0,589.0,-13.0,-2.2,False,False,psp_energy_2017-01.pdf
Assam,2017,1,January,monthly,693.0,684.0,-9.0,-1.3,False,False,psp_energy_2017-01.pdf
Assam,2017,1,January,cumulative_fy,7762.0,7477.0,-285.0,-3.7,False,False,psp_energy_2017-01.pdf
Manipur,2017,1,January,monthly,76.0,75.0,-1.0,-1.6,False,False,psp_energy_2017-01.pdf
Manipur,2017,1,January,cumulative_fy,633.0,611.0,-22.0,-3.5,False,False,psp_energy_2017-01.pdf
Meghalaya,2017,1,January,monthly,151.0,151.0,0.0,0.0,False,False,psp_energy_2017-01.pdf
Meghalaya,2017,1,January,cumulative_fy,1406.0,1406.0,0.0,0.0,False,False,psp_energy_2017-01.pdf
Mizoram,2017,1,January,monthly,50.0,49.0,-1.0,-2.1,False,False,psp_energy_2017-01.pdf
Mizoram,2017,1,January,cumulative_fy,424.0,413.0,-11.0,-2.6,False,False,psp_energy_2017-01.pdf
Nagaland,2017,1,January,monthly,66.0,66.0,-1.0,-1.4,False,False,psp_energy_2017-01.pdf
Nagaland,2017,1,January,cumulative_fy,638.0,627.0,-11.0,-1.7,False,False,psp_energy_2017-01.pdf
Tripura,2017,1,January,monthly,184.0,183.0,0.0,-0.2,False,False,psp_energy_2017-01.pdf
Tripura,2017,1,January,cumulative_fy,1327.0,1308.0,-19.0,-1.4,False,False,psp_energy_2017-01.pdf
North-Eastern Region,2017,1,January,monthly,1289.0,1275.0,-14.0,-1.1,True,False,psp_energy_2017-01.pdf
North-Eastern Region,2017,1,January,cumulative_fy,12790.0,12422.0,-368.0,-2.9,True,False,psp_energy_2017-01.pdf
All India,2017,1,January,monthly,92531.0,91908.0,-623.0,-0.7,False,True,psp_energy_2017-01.pdf
All India,2017,1,January,cumulative_fy,957446.0,950695.0,-6751.0,-0.7,False,True,psp_energy_2017-01.pdf
Chandigarh,2017,3,March,monthly,104.0,104.0,0.0,0.0,False,False,psp_energy_2017-03.pdf
Chandigarh,2017,3,March,cumulative_fy,1645.0,1645.0,0.0,0.0,False,False,psp_energy_2017-03.pdf
Delhi,2017,3,March,monthly,1966.0,1965.0,-1.0,0.0,False,False,psp_energy_2017-03.pdf
Delhi,2017,3,March,cumulative_fy,30829.0,30797.0,-32.0,-0.1,False,False,psp_energy_2017-03.pdf
Haryana,2017,3,March,monthly,3571.0,3571.0,0.0,0.0,False,False,psp_energy_2017-03.pdf
Haryana,2017,3,March,cumulative_fy,48895.0,48895.0,0.0,0.0,False,False,psp_energy_2017-03.pdf
Himachal Pradesh,2017,3,March,monthly,750.0,748.0,-2.0,-0.3,False,False,psp_energy_2017-03.pdf
Himachal Pradesh,2017,3,March,cumulative_fy,8831.0,8779.0,-52.0,-0.6,False,False,psp_energy_2017-03.pdf
Jammu & Kashmir,2017,3,March,monthly,1469.0,1307.0,-162.0,-11.0,False,False,psp_energy_2017-03.pdf
Jammu & Kashmir,2017,3,March,cumulative_fy,17398.0,14194.0,-3204.0,-18.4,False,False,psp_energy_2017-03.pdf
Punjab,2017,3,March,monthly,3369.0,3369.0,0.0,0.0,False,False,psp_energy_2017-03.pdf
Punjab,2017,3,March,cumulative_fy,53098.0,53098.0,0.0,0.0,False,False,psp_energy_2017-03.pdf
Rajasthan,2017,3,March,monthly,5549.0,5547.0,-2.0,0.0,False,False,psp_energy_2017-03.pdf
Rajasthan,2017,3,March,cumulative_fy,67838.0,67415.0,-423.0,-0.6,False,False,psp_energy_2017-03.pdf
Uttar Pradesh,2017,3,March,monthly,8886.0,8821.0,-65.0,-0.7,False,False,psp_energy_2017-03.pdf
Uttar Pradesh,2017,3,March,cumulative_fy,107569.0,105701.0,-1868.0,-1.7,False,False,psp_energy_2017-03.pdf
Uttarakhand,2017,3,March,monthly,1056.0,1049.0,-7.0,-0.7,False,False,psp_energy_2017-03.pdf
Uttarakhand,2017,3,March,cumulative_fy,13069.0,12986.0,-83.0,-0.6,False,False,psp_energy_2017-03.pdf
Northern Region,2017,3,March,monthly,26719.0,26480.0,-239.0,-0.9,True,False,psp_energy_2017-03.pdf
Northern Region,2017,3,March,cumulative_fy,349172.0,343513.0,-5659.0,-1.6,True,False,psp_energy_2017-03.pdf
Chhattisgarh,2017,3,March,monthly,2314.0,2314.0,0.0,0.0,False,False,psp_energy_2017-03.pdf
Chhattisgarh,2017,3,March,cumulative_fy,23750.0,23697.0,-53.0,-0.2,False,False,psp_energy_2017-03.pdf
Gujarat,2017,3,March,monthly,9340.0,9340.0,0.0,0.0,False,False,psp_energy_2017-03.pdf
Gujarat,2017,3,March,cumulative_fy,103706.0,103705.0,-1.0,0.0,False,False,psp_energy_2017-03.pdf
Madhya Pradesh,2017,3,March,monthly,5364.0,5364.0,0.0,0.0,False,False,psp_energy_2017-03.pdf
Madhya Pradesh,2017,3,March,cumulative_fy,65759.0,65758.0,-1.0,0.0,False,False,psp_energy_2017-03.pdf
Maharashtra,2017,3,March,monthly,12774.0,12766.0,-8.0,-0.1,False,False,psp_energy_2017-03.pdf
Maharashtra,2017,3,March,cumulative_fy,139295.0,139228.0,-67.0,0.0,False,False,psp_energy_2017-03.pdf
Daman & Diu,2017,3,March,monthly,214.0,214.0,0.0,0.0,False,False,psp_energy_2017-03.pdf
Daman & Diu,2017,3,March,cumulative_fy,2398.0,2398.0,0.0,0.0,False,False,psp_energy_2017-03.pdf
Dadra & Nagar Haveli,2017,3,March,monthly,507.0,507.0,0.0,0.0,False,False,psp_energy_2017-03.pdf
Dadra & Nagar Haveli,2017,3,March,cumulative_fy,6021.0,6021.0,0.0,0.0,False,False,psp_energy_2017-03.pdf
Goa,2017,3,March,monthly,347.0,347.0,0.0,0.0,False,False,psp_energy_2017-03.pdf
Goa,2017,3,March,cumulative_fy,4319.0,4317.0,-2.0,0.0,False,False,psp_energy_2017-03.pdf
Western Region,2017,3,March,monthly,30860.0,30852.0,-8.0,0.0,True,False,psp_energy_2017-03.pdf
Western Region,2017,3,March,cumulative_fy,345247.0,345127.0,-120.0,0.0,True,False,psp_energy_2017-03.pdf
Andhra Pradesh,2017,3,March,monthly,5058.0,5056.0,-2.0,0.0,False,False,psp_energy_2017-03.pdf
Andhra Pradesh,2017,3,March,cumulative_fy,54300.0,54257.0,-43.0,-0.1,False,False,psp_energy_2017-03.pdf
Telangana,2017,3,March,monthly,5453.0,5451.0,-2.0,0.0,False,False,psp_energy_2017-03.pdf
Telangana,2017,3,March,cumulative_fy,53030.0,53018.0,-12.0,0.0,False,False,psp_energy_2017-03.pdf
Karnataka,2017,3,March,monthly,6580.0,6573.0,-7.0,-0.1,False,False,psp_energy_2017-03.pdf
Karnataka,2017,3,March,cumulative_fy,66899.0,66537.0,-362.0,-0.5,False,False,psp_energy_2017-03.pdf
Kerala,2017,3,March,monthly,2227.0,2226.0,-2.0,-0.1,False,False,psp_energy_2017-03.pdf
Kerala,2017,3,March,cumulative_fy,24296.0,24261.0,-35.0,-0.1,False,False,psp_energy_2017-03.pdf
Tamil Nadu,2017,3,March,monthly,9236.0,9231.0,-5.0,0.0,False,False,psp_energy_2017-03.pdf
Tamil Nadu,2017,3,March,cumulative_fy,104511.0,104487.0,-24.0,0.0,False,False,psp_energy_2017-03.pdf
Puducherry,2017,3,March,monthly,225.0,225.0,0.0,-0.1,False,False,psp_energy_2017-03.pdf
Puducherry,2017,3,March,cumulative_fy,2548.0,2545.0,-3.0,-0.1,False,False,psp_energy_2017-03.pdf
Lakshadweep,2017,3,March,monthly,4.0,4.0,0.0,0.0,False,False,psp_energy_2017-03.pdf
Lakshadweep,2017,3,March,cumulative_fy,48.0,48.0,0.0,0.0,False,False,psp_energy_2017-03.pdf
Southern Region,2017,3,March,monthly,28780.0,28762.0,-18.0,-0.1,True,False,psp_energy_2017-03.pdf
Southern Region,2017,3,March,cumulative_fy,305588.0,305106.0,-482.0,-0.2,True,False,psp_energy_2017-03.pdf
Bihar,2017,3,March,monthly,2059.0,1983.0,-76.0,-3.7,False,False,psp_energy_2017-03.pdf
Bihar,2017,3,March,cumulative_fy,25711.0,25130.0,-581.0,-2.3,False,False,psp_energy_2017-03.pdf
DVC,2017,3,March,monthly,1827.0,1823.0,-4.0,-0.2,False,False,psp_energy_2017-03.pdf
DVC,2017,3,March,cumulative_fy,18929.0,18791.0,-138.0,-0.7,False,False,psp_energy_2017-03.pdf
Jharkhand,2017,3,March,monthly,685.0,681.0,-4.0,-0.6,False,False,psp_energy_2017-03.pdf
Jharkhand,2017,3,March,cumulative_fy,7960.0,7906.0,-54.0,-0.7,False,False,psp_energy_2017-03.pdf
Odisha,2017,3,March,monthly,2349.0,2349.0,0.0,0.0,False,False,psp_energy_2017-03.pdf
Odisha,2017,3,March,cumulative_fy,26758.0,26756.0,-2.0,0.0,False,False,psp_energy_2017-03.pdf
West Bengal,2017,3,March,monthly,4223.0,4216.0,-7.0,-0.2,False,False,psp_energy_2017-03.pdf
West Bengal,2017,3,March,cumulative_fy,47948.0,47807.0,-141.0,-0.3,False,False,psp_energy_2017-03.pdf
Sikkim,2017,3,March,monthly,45.0,45.0,0.0,0.0,False,False,psp_energy_2017-03.pdf
Sikkim,2017,3,March,cumulative_fy,475.0,475.0,0.0,0.0,False,False,psp_energy_2017-03.pdf
Andaman & Nicobar,2017,3,March,monthly,20.0,15.0,-5.0,-25.0,False,False,psp_energy_2017-03.pdf
Andaman & Nicobar,2017,3,March,cumulative_fy,240.0,180.0,-60.0,-25.0,False,False,psp_energy_2017-03.pdf
Eastern Region,2017,3,March,monthly,11188.0,11097.0,-91.0,-0.8,True,False,psp_energy_2017-03.pdf
Eastern Region,2017,3,March,cumulative_fy,127783.0,126867.0,-916.0,-0.7,True,False,psp_energy_2017-03.pdf
Arunachal Pradesh,2017,3,March,monthly,65.0,64.0,-1.0,-1.4,False,False,psp_energy_2017-03.pdf
Arunachal Pradesh,2017,3,March,cumulative_fy,729.0,714.0,-15.0,-2.1,False,False,psp_energy_2017-03.pdf
Assam,2017,3,March,monthly,658.0,631.0,-28.0,-4.2,False,False,psp_energy_2017-03.pdf
Assam,2017,3,March,cumulative_fy,9020.0,8694.0,-326.0,-3.6,False,False,psp_energy_2017-03.pdf
Manipur,2017,3,March,monthly,67.0,66.0,-1.0,-1.5,False,False,psp_energy_2017-03.pdf
Manipur,2017,3,March,cumulative_fy,764.0,740.0,-24.0,-3.1,False,False,psp_energy_2017-03.pdf
Meghalaya,2017,3,March,monthly,167.0,167.0,0.0,0.0,False,False,psp_energy_2017-03.pdf
Meghalaya,2017,3,March,cumulative_fy,1715.0,1715.0,0.0,0.0,False,False,psp_energy_2017-03.pdf
Mizoram,2017,3,March,monthly,46.0,45.0,-1.0,-2.0,False,False,psp_energy_2017-03.pdf
Mizoram,2017,3,March,cumulative_fy,514.0,501.0,-13.0,-2.5,False,False,psp_energy_2017-03.pdf
Nagaland,2017,3,March,monthly,61.0,61.0,-1.0,-1.6,False,False,psp_energy_2017-03.pdf
Nagaland,2017,3,March,cumulative_fy,757.0,745.0,-12.0,-1.6,False,False,psp_energy_2017-03.pdf
Tripura,2017,3,March,monthly,148.0,145.0,-2.0,-1.5,False,False,psp_energy_2017-03.pdf
Tripura,2017,3,March,cumulative_fy,1644.0,1621.0,-23.0,-1.4,False,False,psp_energy_2017-03.pdf
North-Eastern Region,2017,3,March,monthly,1213.0,1179.0,-34.0,-2.8,True,False,psp_energy_2017-03.pdf
North-Eastern Region,2017,3,March,cumulative_fy,15140.0,14720.0,-420.0,-2.8,True,False,psp_energy_2017-03.pdf
All India,2017,3,March,monthly,98759.0,98370.0,-389.0,-0.4,False,True,psp_energy_2017-03.pdf
All India,2017,3,March,cumulative_fy,1142928.0,1135332.0,-7596.0,-0.7,False,True,psp_energy_2017-03.pdf
Chandigarh,2020,9,September,monthly,170.0,170.0,0.0,0.0,False,False,psp_energy_2020-09.pdf
Chandigarh,2020,9,September,cumulative_fy,879.0,879.0,0.0,0.0,False,False,psp_energy_2020-09.pdf
Delhi,2020,9,September,monthly,3343.0,3343.0,0.0,0.0,False,False,psp_energy_2020-09.pdf
Delhi,2020,9,September,cumulative_fy,17126.0,17124.0,3.0,0.0,False,False,psp_energy_2020-09.pdf
Haryana,2020,9,September,monthly,6005.0,5999.0,6.0,0.1,False,False,psp_energy_2020-09.pdf
Haryana,2020,9,September,cumulative_fy,29239.0,29213.0,26.0,0.1,False,False,psp_energy_2020-09.pdf
Himachal Pradesh,2020,9,September,monthly,893.0,882.0,11.0,1.2,False,False,psp_energy_2020-09.pdf
Himachal Pradesh,2020,9,September,cumulative_fy,4554.0,4522.0,32.0,0.7,False,False,psp_energy_2020-09.pdf
UT of J&K and Ladakh,2020,9,September,monthly,1431.0,1431.0,0.0,0.0,False,False,psp_energy_2020-09.pdf
UT of J&K and Ladakh,2020,9,September,cumulative_fy,8917.0,8008.0,909.0,10.2,False,False,psp_energy_2020-09.pdf
Punjab,2020,9,September,monthly,7264.0,7264.0,0.0,0.0,False,False,psp_energy_2020-09.pdf
Punjab,2020,9,September,cumulative_fy,35177.0,35177.0,0.0,0.0,False,False,psp_energy_2020-09.pdf
Rajasthan,2020,9,September,monthly,7094.0,7093.0,1.0,0.0,False,False,psp_energy_2020-09.pdf
Rajasthan,2020,9,September,cumulative_fy,40480.0,40449.0,30.0,0.1,False,False,psp_energy_2020-09.pdf
Uttar Pradesh,2020,9,September,monthly,13411.0,13325.0,86.0,0.6,False,False,psp_energy_2020-09.pdf
Uttar Pradesh,2020,9,September,cumulative_fy,69478.0,68887.0,590.0,0.8,False,False,psp_energy_2020-09.pdf
Uttarakhand,2020,9,September,monthly,1347.0,1347.0,0.0,0.0,False,False,psp_energy_2020-09.pdf
Uttarakhand,2020,9,September,cumulative_fy,6922.0,6922.0,0.0,0.0,False,False,psp_energy_2020-09.pdf
Northern Region,2020,9,September,monthly,40958.0,40854.0,104.0,0.3,True,False,psp_energy_2020-09.pdf
Northern Region,2020,9,September,cumulative_fy,212771.0,211181.0,1589.0,0.7,True,False,psp_energy_2020-09.pdf
Chhattisgarh,2020,9,September,monthly,2745.0,2745.0,0.0,0.0,False,False,psp_energy_2020-09.pdf
Chhattisgarh,2020,9,September,cumulative_fy,14974.0,14974.0,0.0,0.0,False,False,psp_energy_2020-09.pdf
Gujarat,2020,9,September,monthly,8928.0,8928.0,0.0,0.0,False,False,psp_energy_2020-09.pdf
Gujarat,2020,9,September,cumulative_fy,50786.0,50786.0,0.0,0.0,False,False,psp_energy_2020-09.pdf
Madhya Pradesh,2020,9,September,monthly,6492.0,6492.0,0.0,0.0,False,False,psp_energy_2020-09.pdf
Madhya Pradesh,2020,9,September,cumulative_fy,35768.0,35768.0,0.0,0.0,False,False,psp_energy_2020-09.pdf
Maharashtra,2020,9,September,monthly,11553.0,11553.0,0.0,0.0,False,False,psp_energy_2020-09.pdf
Maharashtra,2020,9,September,cumulative_fy,68750.0,68750.0,0.0,0.0,False,False,psp_energy_2020-09.pdf
Daman & Diu,2020,9,September,monthly,213.0,213.0,0.0,0.0,False,False,psp_energy_2020-09.pdf
Daman & Diu,2020,9,September,cumulative_fy,907.0,907.0,0.0,0.0,False,False,psp_energy_2020-09.pdf
Dadra & Nagar Haveli,2020,9,September,monthly,527.0,527.0,0.0,0.0,False,False,psp_energy_2020-09.pdf
Dadra & Nagar Haveli,2020,9,September,cumulative_fy,2098.0,2098.0,0.0,0.0,False,False,psp_energy_2020-09.pdf
Goa,2020,9,September,monthly,322.0,322.0,0.0,0.0,False,False,psp_energy_2020-09.pdf
Goa,2020,9,September,cumulative_fy,1905.0,1905.0,0.0,0.0,False,False,psp_energy_2020-09.pdf
Western Region,2020,9,September,monthly,30780.0,30780.0,0.0,0.0,True,False,psp_energy_2020-09.pdf
Western Region,2020,9,September,cumulative_fy,175187.0,175187.0,0.0,0.0,True,False,psp_energy_2020-09.pdf
Andhra Pradesh,2020,9,September,monthly,4997.0,4996.0,1.0,0.0,False,False,psp_energy_2020-09.pdf
Andhra Pradesh,2020,9,September,cumulative_fy,30271.0,30268.0,3.0,0.0,False,False,psp_energy_2020-09.pdf
Telangana,2020,9,September,monthly,5177.0,5177.0,0.0,0.0,False,False,psp_energy_2020-09.pdf
Telangana,2020,9,September,cumulative_fy,30581.0,30579.0,3.0,0.0,False,False,psp_energy_2020-09.pdf
Karnataka,2020,9,September,monthly,4539.0,4538.0,0.0,0.0,False,False,psp_energy_2020-09.pdf
Karnataka,2020,9,September,cumulative_fy,31862.0,31860.0,3.0,0.0,False,False,psp_energy_2020-09.pdf
Kerala,2020,9,September,monthly,1904.0,1904.0,0.0,0.0,False,False,psp_energy_2020-09.pdf
Kerala,2020,9,September,cumulative_fy,11939.0,11936.0,3.0,0.0,False,False,psp_energy_2020-09.pdf
Tamil Nadu,2020,9,September,monthly,8354.0,8354.0,0.0,0.0,False,False,psp_energy_2020-09.pdf
Tamil Nadu,2020,9,September,cumulative_fy,50017.0,50013.0,4.0,0.0,False,False,psp_energy_2020-09.pdf
Puducherry,2020,9,September,monthly,232.0,232.0,0.0,0.0,False,False,psp_energy_2020-09.pdf
Puducherry,2020,9,September,cumulative_fy,1316.0,1315.0,0.0,0.0,False,False,psp_energy_2020-09.pdf
Lakshadweep,2020,9,September,monthly,4.0,4.0,0.0,0.0,False,False,psp_energy_2020-09.pdf
Lakshadweep,2020,9,September,cumulative_fy,28.0,28.0,0.0,0.0,False,False,psp_energy_2020-09.pdf
Southern Region,2020,9,September,monthly,25203.0,25201.0,2.0,0.0,True,False,psp_energy_2020-09.pdf
Southern Region,2020,9,September,cumulative_fy,155986.0,155971.0,15.0,0.0,True,False,psp_energy_2020-09.pdf
Bihar,2020,9,September,monthly,3313.0,3304.0,9.0,0.3,False,False,psp_energy_2020-09.pdf
Bihar,2020,9,September,cumulative_fy,18118.0,18017.0,101.0,0.6,False,False,psp_energy_2020-09.pdf
DVC,2020,9,September,monthly,1876.0,1876.0,0.0,0.0,False,False,psp_energy_2020-09.pdf
DVC,2020,9,September,cumulative_fy,9696.0,9696.0,0.0,0.0,False,False,psp_energy_2020-09.pdf
Jharkhand,2020,9,September,monthly,872.0,866.0,6.0,0.7,False,False,psp_energy_2020-09.pdf
Jharkhand,2020,9,September,cumulative_fy,4780.0,4712.0,68.0,1.4,False,False,psp_energy_2020-09.pdf
Odisha,2020,9,September,monthly,2746.0,2746.0,0.0,0.0,False,False,psp_energy_2020-09.pdf
Odisha,2020,9,September,cumulative_fy,15027.0,15027.0,0.0,0.0,False,False,psp_energy_2020-09.pdf
West Bengal,2020,9,September,monthly,5015.0,5008.0,7.0,0.1,False,False,psp_energy_2020-09.pdf
West Bengal,2020,9,September,cumulative_fy,27050.0,26961.0,89.0,0.3,False,False,psp_energy_2020-09.pdf
Sikkim,2020,9,September,monthly,41.0,41.0,0.0,0.0,False,False,psp_energy_2020-09.pdf
Sikkim,2020,9,September,cumulative_fy,240.0,240.0,0.0,0.0,False,False,psp_energy_2020-09.pdf
Andaman & Nicobar,2020,9,September,monthly,29.0,27.0,2.0,6.7,False,False,psp_energy_2020-09.pdf
Andaman & Nicobar,2020,9,September,cumulative_fy,173.0,162.0,12.0,6.7,False,False,psp_energy_2020-09.pdf
Eastern Region,2020,9,September,monthly,13863.0,13841.0,22.0,0.2,True,False,psp_energy_2020-09.pdf
Eastern Region,2020,9,September,cumulative_fy,74911.0,74653.0,258.0,0.3,True,False,psp_energy_2020-09.pdf
Arunachal Pradesh,2020,9,September,monthly,63.0,63.0,0.0,0.4,False,False,psp_energy_2020-09.pdf
Arunachal Pradesh,2020,9,September,cumulative_fy,311.0,308.0,3.0,0.8,False,False,psp_energy_2020-09.pdf
Assam,2020,9,September,monthly,1034.0,996.0,37.0,3.6,False,False,psp_energy_2020-09.pdf
Assam,2020,9,September,cumulative_fy,5400.0,5152.0,248.0,4.6,False,False,psp_energy_2020-09.pdf
Manipur,2020,9,September,monthly,77.0,76.0,0.0,0.4,False,False,psp_energy_2020-09.pdf
Manipur,2020,9,September,cumulative_fy,440.0,437.0,3.0,0.7,False,False,psp_energy_2020-09.pdf
Meghalaya,2020,9,September,monthly,163.0,163.0,0.0,0.0,False,False,psp_energy_2020-09.pdf
Meghalaya,2020,9,September,cumulative_fy,905.0,897.0,7.0,0.8,False,False,psp_energy_2020-09.pdf
Mizoram,2020,9,September,monthly,47.0,46.0,0.0,0.9,False,False,psp_energy_2020-09.pdf
Mizoram,2020,9,September,cumulative_fy,328.0,325.0,3.0,0.8,False,False,psp_energy_2020-09.pdf
Nagaland,2020,9,September,monthly,77.0,77.0,0.0,0.4,False,False,psp_energy_2020-09.pdf
Nagaland,2020,9,September,cumulative_fy,426.0,424.0,2.0,0.5,False,False,psp_energy_2020-09.pdf
Tripura,2020,9,September,monthly,144.0,144.0,0.0,0.1,False,False,psp_energy_2020-09.pdf
Tripura,2020,9,September,cumulative_fy,797.0,794.0,2.0,0.3,False,False,psp_energy_2020-09.pdf
North-Eastern Region,2020,9,September,monthly,1604.0,1565.0,39.0,2.4,True,False,psp_energy_2020-09.pdf
North-Eastern Region,2020,9,September,cumulative_fy,8605.0,8338.0,268.0,3.1,True,False,psp_energy_2020-09.pdf
All India,2020,9,September,monthly,112407.0,112241.0,166.0,0.1,False,True,psp_energy_2020-09.pdf
All India,2020,9,September,cumulative_fy,627460.0,625330.0,2130.0,0.3,False,True,psp_energy_2020-09.pdf
Chandigarh,2020,10,October,monthly,113.0,113.0,0.0,0.0,False,False,psp_energy_2020-10.pdf
Chandigarh,2020,10,October,cumulative_fy,992.0,992.0,0.0,0.0,False,False,psp_energy_2020-10.pdf
Delhi,2020,10,October,monthly,2451.0,2451.0,0.0,0.0,False,False,psp_energy_2020-10.pdf
Delhi,2020,10,October,cumulative_fy,19578.0,19575.0,3.0,0.0,False,False,psp_energy_2020-10.pdf
Haryana,2020,10,October,monthly,4806.0,4806.0,0.0,0.0,False,False,psp_energy_2020-10.pdf
Haryana,2020,10,October,cumulative_fy,34045.0,34019.0,26.0,0.1,False,False,psp_energy_2020-10.pdf
Himachal Pradesh,2020,10,October,monthly,906.0,905.0,1.0,0.1,False,False,psp_energy_2020-10.pdf
Himachal Pradesh,2020,10,October,cumulative_fy,5460.0,5427.0,33.0,0.6,False,False,psp_energy_2020-10.pdf
UT of J&K and Ladakh,2020,10,October,monthly,1455.0,1455.0,0.0,0.0,False,False,psp_energy_2020-10.pdf
UT of J&K and Ladakh,2020,10,October,cumulative_fy,10372.0,9464.0,909.0,8.8,False,False,psp_energy_2020-10.pdf
Punjab,2020,10,October,monthly,4704.0,4702.0,2.0,0.1,False,False,psp_energy_2020-10.pdf
Punjab,2020,10,October,cumulative_fy,39881.0,39879.0,2.0,0.0,False,False,psp_energy_2020-10.pdf
Rajasthan,2020,10,October,monthly,7491.0,7489.0,1.0,0.0,False,False,psp_energy_2020-10.pdf
Rajasthan,2020,10,October,cumulative_fy,47970.0,47939.0,31.0,0.1,False,False,psp_energy_2020-10.pdf
Uttar Pradesh,2020,10,October,monthly,10812.0,10748.0,64.0,0.6,False,False,psp_energy_2020-10.pdf
Uttar Pradesh,2020,10,October,cumulative_fy,80290.0,79635.0,655.0,0.8,False,False,psp_energy_2020-10.pdf
Uttarakhand,2020,10,October,monthly,1133.0,1132.0,0.0,0.0,False,False,psp_energy_2020-10.pdf
Uttarakhand,2020,10,October,cumulative_fy,8054.0,8054.0,0.0,0.0,False,False,psp_energy_2020-10.pdf
Northern Region,2020,10,October,monthly,33871.0,33802.0,69.0,0.2,True,False,psp_energy_2020-10.pdf
Northern Region,2020,10,October,cumulative_fy,246642.0,244983.0,1659.0,0.7,True,False,psp_energy_2020-10.pdf
Chhattisgarh,2020,10,October,monthly,2547.0,2547.0,0.0,0.0,False,False,psp_energy_2020-10.pdf
Chhattisgarh,2020,10,October,cumulative_fy,17520.0,17520.0,0.0,0.0,False,False,psp_energy_2020-10.pdf
Gujarat,2020,10,October,monthly,10610.0,10610.0,0.0,0.0,False,False,psp_energy_2020-10.pdf
Gujarat,2020,10,October,cumulative_fy,61396.0,61396.0,0.0,0.0,False,False,psp_energy_2020-10.pdf
Madhya Pradesh,2020,10,October,monthly,7400.0,7400.0,0.0,0.0,False,False,psp_energy_2020-10.pdf
Madhya Pradesh,2020,10,October,cumulative_fy,43168.0,43168.0,0.0,0.0,False,False,psp_energy_2020-10.pdf
Maharashtra,2020,10,October,monthly,12517.0,12501.0,16.0,0.1,False,False,psp_energy_2020-10.pdf
Maharashtra,2020,10,October,cumulative_fy,81266.0,81250.0,16.0,0.0,False,False,psp_energy_2020-10.pdf
Daman & Diu,2020,10,October,monthly,227.0,227.0,0.0,0.0,False,False,psp_energy_2020-10.pdf
Daman & Diu,2020,10,October,cumulative_fy,1134.0,1134.0,0.0,0.0,False,False,psp_energy_2020-10.pdf
Dadra & Nagar Haveli,2020,10,October,monthly,557.0,557.0,0.0,0.0,False,False,psp_energy_2020-10.pdf
Dadra & Nagar Haveli,2020,10,October,cumulative_fy,2655.0,2655.0,0.0,0.0,False,False,psp_energy_2020-10.pdf
Goa,2020,10,October,monthly,341.0,341.0,0.0,0.0,False,False,psp_energy_2020-10.pdf
Goa,2020,10,October,cumulative_fy,2247.0,2247.0,0.0,0.0,False,False,psp_energy_2020-10.pdf
Western Region,2020,10,October,monthly,34199.0,34183.0,16.0,0.0,True,False,psp_energy_2020-10.pdf
Western Region,2020,10,October,cumulative_fy,209386.0,209370.0,16.0,0.0,True,False,psp_energy_2020-10.pdf
Andhra Pradesh,2020,10,October,monthly,4963.0,4963.0,0.0,0.0,False,False,psp_energy_2020-10.pdf
Andhra Pradesh,2020,10,October,cumulative_fy,35234.0,35232.0,3.0,0.0,False,False,psp_energy_2020-10.pdf
Telangana,2020,10,October,monthly,4660.0,4660.0,0.0,0.0,False,False,psp_energy_2020-10.pdf
Telangana,2020,10,October,cumulative_fy,35242.0,35239.0,3.0,0.0,False,False,psp_energy_2020-10.pdf
Karnataka,2020,10,October,monthly,4727.0,4727.0,0.0,0.0,False,False,psp_energy_2020-10.pdf
Karnataka,2020,10,October,cumulative_fy,36589.0,36587.0,3.0,0.0,False,False,psp_energy_2020-10.pdf
Kerala,2020,10,October,monthly,2072.0,2071.0,0.0,0.0,False,False,psp_energy_2020-10.pdf
Kerala,2020,10,October,cumulative_fy,14010.0,14007.0,3.0,0.0,False,False,psp_energy_2020-10.pdf
Tamil Nadu,2020,10,October,monthly,9107.0,9107.0,0.0,0.0,False,False,psp_energy_2020-10.pdf
Tamil Nadu,2020,10,October,cumulative_fy,59123.0,59120.0,4.0,0.0,False,False,psp_energy_2020-10.pdf
Puducherry,2020,10,October,monthly,235.0,235.0,0.0,0.0,False,False,psp_energy_2020-10.pdf
Puducherry,2020,10,October,cumulative_fy,1551.0,1551.0,0.0,0.0,False,False,psp_energy_2020-10.pdf
Lakshadweep,2020,10,October,monthly,4.0,4.0,0.0,0.0,False,False,psp_energy_2020-10.pdf
Lakshadweep,2020,10,October,cumulative_fy,32.0,32.0,0.0,0.0,False,False,psp_energy_2020-10.pdf
Southern Region,2020,10,October,monthly,25764.0,25763.0,0.0,0.0,True,False,psp_energy_2020-10.pdf
Southern Region,2020,10,October,cumulative_fy,181750.0,181735.0,15.0,0.0,True,False,psp_energy_2020-10.pdf
Bihar,2020,10,October,monthly,3285.0,3285.0,1.0,0.0,False,False,psp_energy_2020-10.pdf
Bihar,2020,10,October,cumulative_fy,21403.0,21302.0,101.0,0.5,False,False,psp_energy_2020-10.pdf
DVC,2020,10,October,monthly,1942.0,1942.0,0.0,0.0,False,False,psp_energy_2020-10.pdf
DVC,2020,10,October,cumulative_fy,11638.0,11638.0,0.0,0.0,False,False,psp_energy_2020-10.pdf
Jharkhand,2020,10,October,monthly,903.0,890.0,13.0,1.5,False,False,psp_energy_2020-10.pdf
Jharkhand,2020,10,October,cumulative_fy,5683.0,5602.0,82.0,1.4,False,False,psp_energy_2020-10.pdf
Odisha,2020,10,October,monthly,2750.0,2750.0,0.0,0.0,False,False,psp_energy_2020-10.pdf
Odisha,2020,10,October,cumulative_fy,17776.0,17776.0,0.0,0.0,False,False,psp_energy_2020-10.pdf
West Bengal,2020,10,October,monthly,4900.0,4899.0,2.0,0.0,False,False,psp_energy_2020-10.pdf
West Bengal,2020,10,October,cumulative_fy,31951.0,31860.0,91.0,0.3,False,False,psp_energy_2020-10.pdf
Sikkim,2020,10,October,monthly,42.0,42.0,0.0,0.0,False,False,psp_energy_2020-10.pdf
Sikkim,2020,10,October,cumulative_fy,282.0,282.0,0.0,0.0,False,False,psp_energy_2020-10.pdf
Andaman & Nicobar,2020,10,October,monthly,29.0,27.0,2.0,6.7,False,False,psp_energy_2020-10.pdf
Andaman & Nicobar,2020,10,October,cumulative_fy,202.0,188.0,13.0,6.7,False,False,psp_energy_2020-10.pdf
Eastern Region,2020,10,October,monthly,13823.0,13807.0,16.0,0.1,True,False,psp_energy_2020-10.pdf
Eastern Region,2020,10,October,cumulative_fy,88734.0,88460.0,274.0,0.3,True,False,psp_energy_2020-10.pdf
Arunachal Pradesh,2020,10,October,monthly,68.0,67.0,0.0,0.4,False,False,psp_energy_2020-10.pdf
Arunachal Pradesh,2020,10,October,cumulative_fy,379.0,376.0,3.0,0.7,False,False,psp_energy_2020-10.pdf
Assam,2020,10,October,monthly,1020.0,996.0,24.0,2.3,False,False,psp_energy_2020-10.pdf
Assam,2020,10,October,cumulative_fy,6420.0,6148.0,271.0,4.2,False,False,psp_energy_2020-10.pdf
Manipur,2020,10,October,monthly,80.0,80.0,0.0,0.4,False,False,psp_energy_2020-10.pdf
Manipur,2020,10,October,cumulative_fy,520.0,517.0,3.0,0.6,False,False,psp_energy_2020-10.pdf
Meghalaya,2020,10,October,monthly,175.0,175.0,0.0,0.0,False,False,psp_energy_2020-10.pdf
Meghalaya,2020,10,October,cumulative_fy,1080.0,1073.0,7.0,0.7,False,False,psp_energy_2020-10.pdf
Mizoram,2020,10,October,monthly,75.0,75.0,0.0,0.4,False,False,psp_energy_2020-10.pdf
Mizoram,2020,10,October,cumulative_fy,403.0,400.0,3.0,0.7,False,False,psp_energy_2020-10.pdf
Nagaland,2020,10,October,monthly,77.0,77.0,0.0,0.4,False,False,psp_energy_2020-10.pdf
Nagaland,2020,10,October,cumulative_fy,503.0,500.0,3.0,0.5,False,False,psp_energy_2020-10.pdf
Tripura,2020,10,October,monthly,148.0,148.0,0.0,0.1,False,False,psp_energy_2020-10.pdf
Tripura,2020,10,October,cumulative_fy,945.0,942.0,3.0,0.3,False,False,psp_energy_2020-10.pdf
North-Eastern Region,2020,10,October,monthly,1643.0,1618.0,25.0,1.5,True,False,psp_energy_2020-10.pdf
North-Eastern Region,2020,10,October,cumulative_fy,10248.0,9956.0,293.0,2.9,True,False,psp_energy_2020-10.pdf
All India,2020,10,October,monthly,109300.0,109174.0,127.0,0.1,False,True,psp_energy_2020-10.pdf
All India,2020,10,October,cumulative_fy,736760.0,734504.0,2257.0,0.3,False,True,psp_energy_2020-10.pdf
Chandigarh,2021,4,April,monthly,105.0,105.0,0.0,0.0,False,False,psp_energy_2021-04.pdf
Delhi,2021,4,April,monthly,2240.0,2239.0,0.0,0.0,False,False,psp_energy_2021-04.pdf
Haryana,2021,4,April,monthly,3873.0,3866.0,8.0,0.2,False,False,psp_energy_2021-04.pdf
Himachal Pradesh,2021,4,April,monthly,875.0,872.0,4.0,0.4,False,False,psp_energy_2021-04.pdf
UT of J&K and Ladakh,2021,4,April,monthly,1764.0,1572.0,192.0,10.9,False,False,psp_energy_2021-04.pdf
Punjab,2021,4,April,monthly,3718.0,3711.0,7.0,0.2,False,False,psp_energy_2021-04.pdf
Rajasthan,2021,4,April,monthly,6515.0,6509.0,5.0,0.1,False,False,psp_energy_2021-04.pdf
Uttar Pradesh,2021,4,April,monthly,10143.0,10049.0,94.0,0.9,False,False,psp_energy_2021-04.pdf
Uttarakhand,2021,4,April,monthly,1157.0,1153.0,4.0,0.3,False,False,psp_energy_2021-04.pdf
Northern Region,2021,4,April,monthly,30391.0,30077.0,314.0,1.0,True,False,psp_energy_2021-04.pdf
Chhattisgarh,2021,4,April,monthly,2826.0,2825.0,1.0,0.0,False,False,psp_energy_2021-04.pdf
Gujarat,2021,4,April,monthly,11271.0,11271.0,0.0,0.0,False,False,psp_energy_2021-04.pdf
Madhya Pradesh,2021,4,April,monthly,6800.0,6800.0,0.0,0.0,False,False,psp_energy_2021-04.pdf
Maharashtra,2021,4,April,monthly,15636.0,15636.0,0.0,0.0,False,False,psp_energy_2021-04.pdf
Daman & Diu,2021,4,April,monthly,214.0,214.0,0.0,0.0,False,False,psp_energy_2021-04.pdf
DNH,2021,4,April,monthly,553.0,553.0,0.0,0.0,False,False,psp_energy_2021-04.pdf
Goa,2021,4,April,monthly,406.0,406.0,0.0,0.0,False,False,psp_energy_2021-04.pdf
Western Region,2021,4,April,monthly,37706.0,37705.0,1.0,0.0,True,False,psp_energy_2021-04.pdf
Andhra Pradesh,2021,4,April,monthly,6283.0,6280.0,3.0,0.0,False,False,psp_energy_2021-04.pdf
Telangana,2021,4,April,monthly,6575.0,6574.0,1.0,0.0,False,False,psp_energy_2021-04.pdf
Karnataka,2021,4,April,monthly,7225.0,7224.0,1.0,0.0,False,False,psp_energy_2021-04.pdf
Kerala,2021,4,April,monthly,2420.0,2419.0,1.0,0.0,False,False,psp_energy_2021-04.pdf
Tamil Nadu,2021,4,April,monthly,10379.0,10378.0,1.0,0.0,False,False,psp_energy_2021-04.pdf
Puducherry,2021,4,April,monthly,271.0,271.0,0.0,0.0,False,False,psp_energy_2021-04.pdf
Lakshadweep,2021,4,April,monthly,5.0,5.0,0.0,0.0,False,False,psp_energy_2021-04.pdf
Southern Region,2021,4,April,monthly,33153.0,33146.0,8.0,0.0,True,False,psp_energy_2021-04.pdf
Bihar,2021,4,April,monthly,3270.0,3252.0,18.0,0.6,False,False,psp_energy_2021-04.pdf
DVC,2021,4,April,monthly,2027.0,2027.0,0.0,0.0,False,False,psp_energy_2021-04.pdf
Jharkhand,2021,4,April,monthly,946.0,911.0,36.0,3.8,False,False,psp_energy_2021-04.pdf
Odisha,2021,4,April,monthly,3120.0,3120.0,0.0,0.0,False,False,psp_energy_2021-04.pdf
West Bengal,2021,4,April,monthly,5417.0,5410.0,7.0,0.1,False,False,psp_energy_2021-04.pdf
Sikkim,2021,4,April,monthly,46.0,46.0,0.0,0.0,False,False,psp_energy_2021-04.pdf
Andaman & Nicobar,2021,4,April,monthly,29.0,27.0,2.0,6.7,False,False,psp_energy_2021-04.pdf
Eastern Region,2021,4,April,monthly,14826.0,14765.0,61.0,0.4,True,False,psp_energy_2021-04.pdf
Arunachal Pradesh,2021,4,April,monthly,65.0,65.0,0.0,0.4,False,False,psp_energy_2021-04.pdf
Assam,2021,4,April,monthly,854.0,836.0,19.0,2.2,False,False,psp_energy_2021-04.pdf
Manipur,2021,4,April,monthly,74.0,73.0,0.0,0.4,False,False,psp_energy_2021-04.pdf
Meghalaya,2021,4,April,monthly,164.0,151.0,13.0,7.9,False,False,psp_energy_2021-04.pdf
Mizoram,2021,4,April,monthly,52.0,52.0,0.0,0.6,False,False,psp_energy_2021-04.pdf
Nagaland,2021,4,April,monthly,62.0,62.0,0.0,0.5,False,False,psp_energy_2021-04.pdf
Tripura,2021,4,April,monthly,149.0,149.0,0.0,0.1,False,False,psp_energy_2021-04.pdf
North-Eastern Region,2021,4,April,monthly,1421.0,1388.0,33.0,2.3,True,False,psp_energy_2021-04.pdf
All India,2021,4,April,monthly,117496.0,117080.0,417.0,0.4,False,True,psp_energy_2021-04.pdf
Chandigarh,2021,5,May,monthly,127.0,127.0,0.0,0.0,False,False,psp_energy_2021-05.pdf
Chandigarh,2021,5,May,cumulative_fy,233.0,233.0,0.0,0.0,False,False,psp_energy_2021-05.pdf
Delhi,2021,5,May,monthly,2328.0,2328.0,0.0,0.0,False,False,psp_energy_2021-05.pdf
Delhi,2021,5,May,cumulative_fy,4568.0,4568.0,1.0,0.0,False,False,psp_energy_2021-05.pdf
Haryana,2021,5,May,monthly,4135.0,4133.0,1.0,0.0,False,False,psp_energy_2021-05.pdf
Haryana,2021,5,May,cumulative_fy,8008.0,7999.0,9.0,0.1,False,False,psp_energy_2021-05.pdf
Himachal Pradesh,2021,5,May,monthly,881.0,880.0,1.0,0.1,False,False,psp_energy_2021-05.pdf
Himachal Pradesh,2021,5,May,cumulative_fy,1756.0,1752.0,4.0,0.3,False,False,psp_energy_2021-05.pdf
UT of J&K and Ladakh,2021,5,May,monthly,1718.0,1602.0,116.0,6.8,False,False,psp_energy_2021-05.pdf
UT of J&K and Ladakh,2021,5,May,cumulative_fy,3482.0,3174.0,308.0,8.9,False,False,psp_energy_2021-05.pdf
Punjab,2021,5,May,monthly,4639.0,4639.0,0.0,0.0,False,False,psp_energy_2021-05.pdf
Punjab,2021,5,May,cumulative_fy,8357.0,8350.0,7.0,0.1,False,False,psp_energy_2021-05.pdf
Rajasthan,2021,5,May,monthly,6600.0,6596.0,4.0,0.1,False,False,psp_energy_2021-05.pdf
Rajasthan,2021,5,May,cumulative_fy,13115.0,13106.0,9.0,0.1,False,False,psp_energy_2021-05.pdf
Uttar Pradesh,2021,5,May,monthly,10605.0,10502.0,104.0,1.0,False,False,psp_energy_2021-05.pdf
Uttar Pradesh,2021,5,May,cumulative_fy,20748.0,20551.0,198.0,1.0,False,False,psp_energy_2021-05.pdf
Uttarakhand,2021,5,May,monthly,1075.0,1075.0,0.0,0.0,False,False,psp_energy_2021-05.pdf
Uttarakhand,2021,5,May,cumulative_fy,2232.0,2228.0,4.0,0.2,False,False,psp_energy_2021-05.pdf
Northern Region,2021,5,May,monthly,32109.0,31883.0,226.0,0.7,True,False,psp_energy_2021-05.pdf
Northern Region,2021,5,May,cumulative_fy,62500.0,61960.0,540.0,0.9,True,False,psp_energy_2021-05.pdf
Chhattisgarh,2021,5,May,monthly,2496.0,2496.0,0.0,0.0,False,False,psp_energy_2021-05.pdf
Chhattisgarh,2021,5,May,cumulative_fy,5322.0,5321.0,1.0,0.0,False,False,psp_energy_2021-05.pdf
Gujarat,2021,5,May,monthly,10076.0,10076.0,0.0,0.0,False,False,psp_energy_2021-05.pdf
Gujarat,2021,5,May,cumulative_fy,21347.0,21347.0,0.0,0.0,False,False,psp_energy_2021-05.pdf
Madhya Pradesh,2021,5,May,monthly,6483.0,6483.0,0.0,0.0,False,False,psp_energy_2021-05.pdf
Madhya Pradesh,2021,5,May,cumulative_fy,13283.0,13283.0,0.0,0.0,False,False,psp_energy_2021-05.pdf
Maharashtra,2021,5,May,monthly,14465.0,14465.0,0.0,0.0,False,False,psp_energy_2021-05.pdf
Maharashtra,2021,5,May,cumulative_fy,30101.0,30101.0,0.0,0.0,False,False,psp_energy_2021-05.pdf
Daman & Diu,2021,5,May,monthly,188.0,188.0,0.0,0.0,False,False,psp_energy_2021-05.pdf
Daman & Diu,2021,5,May,cumulative_fy,402.0,402.0,0.0,0.0,False,False,psp_energy_2021-05.pdf
Dadra & Nagar Haveli,2021,5,May,monthly,485.0,485.0,0.0,0.0,False,False,psp_energy_2021-05.pdf
Dadra & Nagar Haveli,2021,5,May,cumulative_fy,1038.0,1038.0,0.0,0.0,False,False,psp_energy_2021-05.pdf
Goa,2021,5,May,monthly,343.0,343.0,0.0,0.0,False,False,psp_energy_2021-05.pdf
Goa,2021,5,May,cumulative_fy,749.0,749.0,0.0,0.0,False,False,psp_energy_2021-05.pdf
Western Region,2021,5,May,monthly,34537.0,34537.0,0.0,0.0,True,False,psp_energy_2021-05.pdf
Western Region,2021,5,May,cumulative_fy,72243.0,72241.0,1.0,0.0,True,False,psp_energy_2021-05.pdf
Andhra Pradesh,2021,5,May,monthly,5913.0,5913.0,0.0,0.0,False,False,psp_energy_2021-05.pdf
Andhra Pradesh,2021,5,May,cumulative_fy,12195.0,12192.0,3.0,0.0,False,False,psp_energy_2021-05.pdf
Telangana,2021,5,May,monthly,4779.0,4779.0,0.0,0.0,False,False,psp_energy_2021-05.pdf
Telangana,2021,5,May,cumulative_fy,11354.0,11353.0,1.0,0.0,False,False,psp_energy_2021-05.pdf
Karnataka,2021,5,May,monthly,5768.0,5768.0,0.0,0.0,False,False,psp_energy_2021-05.pdf
Karnataka,2021,5,May,cumulative_fy,12993.0,12992.0,1.0,0.0,False,False,psp_energy_2021-05.pdf
Kerala,2021,5,May,monthly,2055.0,2051.0,3.0,0.2,False,False,psp_energy_2021-05.pdf
Kerala,2021,5,May,cumulative_fy,4475.0,4471.0,4.0,0.1,False,False,psp_energy_2021-05.pdf
Tamil Nadu,2021,5,May,monthly,9021.0,9021.0,0.0,0.0,False,False,psp_energy_2021-05.pdf
Tamil Nadu,2021,5,May,cumulative_fy,19400.0,19399.0,1.0,0.0,False,False,psp_energy_2021-05.pdf
Puducherry,2021,5,May,monthly,249.0,249.0,0.0,0.0,False,False,psp_energy_2021-05.pdf
Puducherry,2021,5,May,cumulative_fy,520.0,520.0,0.0,0.0,False,False,psp_energy_2021-05.pdf
Lakshadweep,2021,5,May,monthly,5.0,5.0,0.0,0.0,False,False,psp_energy_2021-05.pdf
Lakshadweep,2021,5,May,cumulative_fy,10.0,10.0,0.0,0.0,False,False,psp_energy_2021-05.pdf
Southern Region,2021,5,May,monthly,27785.0,27782.0,3.0,0.0,True,False,psp_energy_2021-05.pdf
Southern Region,2021,5,May,cumulative_fy,60938.0,60927.0,11.0,0.0,True,False,psp_energy_2021-05.pdf
Bihar,2021,5,May,monthly,2954.0,2928.0,26.0,0.9,False,False,psp_energy_2021-05.pdf
Bihar,2021,5,May,cumulative_fy,6224.0,6180.0,44.0,0.7,False,False,psp_energy_2021-05.pdf
DVC,2021,5,May,monthly,1861.0,1861.0,0.0,0.0,False,False,psp_energy_2021-05.pdf
DVC,2021,5,May,cumulative_fy,3889.0,3889.0,0.0,0.0,False,False,psp_energy_2021-05.pdf
Jharkhand,2021,5,May,monthly,820.0,815.0,5.0,0.6,False,False,psp_energy_2021-05.pdf
Jharkhand,2021,5,May,cumulative_fy,1767.0,1726.0,41.0,2.3,False,False,psp_energy_2021-05.pdf
Odisha,2021,5,May,monthly,3054.0,3054.0,0.0,0.0,False,False,psp_energy_2021-05.pdf
Odisha,2021,5,May,cumulative_fy,6174.0,6174.0,0.0,0.0,False,False,psp_energy_2021-05.pdf
West Bengal,2021,5,May,monthly,4522.0,4508.0,14.0,0.3,False,False,psp_energy_2021-05.pdf
West Bengal,2021,5,May,cumulative_fy,9939.0,9917.0,21.0,0.2,False,False,psp_energy_2021-05.pdf
Sikkim,2021,5,May,monthly,46.0,46.0,0.0,0.0,False,False,psp_energy_2021-05.pdf
Sikkim,2021,5,May,cumulative_fy,91.0,91.0,0.0,0.0,False,False,psp_energy_2021-05.pdf
Andaman & Nicobar,2021,5,May,monthly,29.0,27.0,2.0,6.7,False,False,psp_energy_2021-05.pdf
Andaman & Nicobar,2021,5,May,cumulative_fy,58.0,54.0,4.0,6.7,False,False,psp_energy_2021-05.pdf
Eastern Region,2021,5,May,monthly,13257.0,13212.0,45.0,0.3,True,False,psp_energy_2021-05.pdf
Eastern Region,2021,5,May,cumulative_fy,28083.0,27977.0,106.0,0.4,True,False,psp_energy_2021-05.pdf
Arunachal Pradesh,2021,5,May,monthly,60.0,60.0,0.0,0.5,False,False,psp_energy_2021-05.pdf
Arunachal Pradesh,2021,5,May,cumulative_fy,125.0,125.0,1.0,0.4,False,False,psp_energy_2021-05.pdf
Assam,2021,5,May,monthly,844.0,844.0,0.0,0.0,False,False,psp_energy_2021-05.pdf
Assam,2021,5,May,cumulative_fy,1698.0,1679.0,19.0,1.1,False,False,psp_energy_2021-05.pdf
Manipur,2021,5,May,monthly,76.0,76.0,0.0,0.5,False,False,psp_energy_2021-05.pdf
Manipur,2021,5,May,cumulative_fy,150.0,150.0,1.0,0.4,False,False,psp_energy_2021-05.pdf
Meghalaya,2021,5,May,monthly,164.0,164.0,0.0,0.0,False,False,psp_energy_2021-05.pdf
Meghalaya,2021,5,May,cumulative_fy,328.0,315.0,13.0,4.0,False,False,psp_energy_2021-05.pdf
Mizoram,2021,5,May,monthly,52.0,52.0,0.0,0.5,False,False,psp_energy_2021-05.pdf
Mizoram,2021,5,May,cumulative_fy,105.0,104.0,1.0,0.6,False,False,psp_energy_2021-05.pdf
Nagaland,2021,5,May,monthly,69.0,69.0,0.0,0.4,False,False,psp_energy_2021-05.pdf
Nagaland,2021,5,May,cumulative_fy,131.0,131.0,1.0,0.5,False,False,psp_energy_2021-05.pdf
Tripura,2021,5,May,monthly,131.0,131.0,0.0,0.2,False,False,psp_energy_2021-05.pdf
Tripura,2021,5,May,cumulative_fy,280.0,280.0,0.0,0.1,False,False,psp_energy_2021-05.pdf
North-Eastern Region,2021,5,May,monthly,1397.0,1396.0,1.0,0.1,True,False,psp_energy_2021-05.pdf
North-Eastern Region,2021,5,May,cumulative_fy,2818.0,2784.0,34.0,1.2,True,False,psp_energy_2021-05.pdf
All India,2021,5,May,monthly,109085.0,108809.0,276.0,0.3,False,True,psp_energy_2021-05.pdf
All India,2021,5,May,cumulative_fy,226581.0,225889.0,692.0,0.3,False,True,psp_energy_2021-05.pdf
Chandigarh,2021,6,June,monthly,167.0,167.0,0.0,0.0,False,False,psp_energy_2021-06.pdf
Chandigarh,2021,6,June,cumulative_fy,400.0,400.0,0.0,0.0,False,False,psp_energy_2021-06.pdf
Delhi,2021,6,June,monthly,3287.0,3286.0,1.0,0.0,False,False,psp_energy_2021-06.pdf
Delhi,2021,6,June,cumulative_fy,7856.0,7854.0,1.0,0.0,False,False,psp_energy_2021-06.pdf
Haryana,2021,6,June,monthly,5622.0,5610.0,11.0,0.2,False,False,psp_energy_2021-06.pdf
Haryana,2021,6,June,cumulative_fy,13629.0,13609.0,20.0,0.1,False,False,psp_energy_2021-06.pdf
Himachal Pradesh,2021,6,June,monthly,986.0,986.0,1.0,0.1,False,False,psp_energy_2021-06.pdf
Himachal Pradesh,2021,6,June,cumulative_fy,2742.0,2737.0,5.0,0.2,False,False,psp_energy_2021-06.pdf
UT of J&K and Ladakh,2021,6,June,monthly,1604.0,1500.0,104.0,6.5,False,False,psp_energy_2021-06.pdf
UT of J&K and Ladakh,2021,6,June,cumulative_fy,5086.0,4674.0,412.0,8.1,False,False,psp_energy_2021-06.pdf
Punjab,2021,6,June,monthly,7043.0,6994.0,49.0,0.7,False,False,psp_energy_2021-06.pdf
Punjab,2021,6,June,cumulative_fy,15400.0,15344.0,56.0,0.4,False,False,psp_energy_2021-06.pdf
Rajasthan,2021,6,June,monthly,7333.0,7312.0,21.0,0.3,False,False,psp_energy_2021-06.pdf
Rajasthan,2021,6,June,cumulative_fy,20448.0,20418.0,30.0,0.1,False,False,psp_energy_2021-06.pdf
Uttar Pradesh,2021,6,June,monthly,12040.0,11906.0,133.0,1.1,False,False,psp_energy_2021-06.pdf
Uttar Pradesh,2021,6,June,cumulative_fy,32788.0,32457.0,331.0,1.0,False,False,psp_energy_2021-06.pdf
Uttarakhand,2021,6,June,monthly,1311.0,1309.0,1.0,0.1,False,False,psp_energy_2021-06.pdf
Uttarakhand,2021,6,June,cumulative_fy,3543.0,3538.0,5.0,0.2,False,False,psp_energy_2021-06.pdf
Northern Region,2021,6,June,monthly,39393.0,39072.0,321.0,0.8,True,False,psp_energy_2021-06.pdf
Northern Region,2021,6,June,cumulative_fy,101892.0,101031.0,861.0,0.8,True,False,psp_energy_2021-06.pdf
Chhattisgarh,2021,6,June,monthly,2550.0,2549.0,1.0,0.0,False,False,psp_energy_2021-06.pdf
Chhattisgarh,2021,6,June,cumulative_fy,7872.0,7870.0,2.0,0.0,False,False,psp_energy_2021-06.pdf
Gujarat,2021,6,June,monthly,9374.0,9374.0,0.0,0.0,False,False,psp_energy_2021-06.pdf
Gujarat,2021,6,June,cumulative_fy,30721.0,30721.0,0.0,0.0,False,False,psp_energy_2021-06.pdf
Madhya Pradesh,2021,6,June,monthly,5939.0,5939.0,0.0,0.0,False,False,psp_energy_2021-06.pdf
Madhya Pradesh,2021,6,June,cumulative_fy,19222.0,19222.0,0.0,0.0,False,False,psp_energy_2021-06.pdf
Maharashtra,2021,6,June,monthly,13606.0,13606.0,0.0,0.0,False,False,psp_energy_2021-06.pdf
Maharashtra,2021,6,June,cumulative_fy,43707.0,43707.0,0.0,0.0,False,False,psp_energy_2021-06.pdf
Daman & Diu,2021,6,June,monthly,214.0,214.0,0.0,0.0,False,False,psp_energy_2021-06.pdf
Daman & Diu,2021,6,June,cumulative_fy,617.0,617.0,0.0,0.0,False,False,psp_energy_2021-06.pdf
Dadra & Nagar Haveli,2021,6,June,monthly,553.0,553.0,0.0,0.0,False,False,psp_energy_2021-06.pdf
Dadra & Nagar Haveli,2021,6,June,cumulative_fy,1591.0,1591.0,0.0,0.0,False,False,psp_energy_2021-06.pdf
Goa,2021,6,June,monthly,394.0,394.0,0.0,0.0,False,False,psp_energy_2021-06.pdf
Goa,2021,6,June,cumulative_fy,1143.0,1143.0,0.0,0.0,False,False,psp_energy_2021-06.pdf
Western Region,2021,6,June,monthly,32630.0,32629.0,1.0,0.0,True,False,psp_energy_2021-06.pdf
Western Region,2021,6,June,cumulative_fy,104872.0,104871.0,2.0,0.0,True,False,psp_energy_2021-06.pdf
Andhra Pradesh,2021,6,June,monthly,5560.0,5554.0,6.0,0.1,False,False,psp_energy_2021-06.pdf
Andhra Pradesh,2021,6,June,cumulative_fy,17756.0,17746.0,9.0,0.1,False,False,psp_energy_2021-06.pdf
Telangana,2021,6,June,monthly,5163.0,5163.0,0.0,0.0,False,False,psp_energy_2021-06.pdf
Telangana,2021,6,June,cumulative_fy,16517.0,16516.0,1.0,0.0,False,False,psp_energy_2021-06.pdf
Karnataka,2021,6,June,monthly,5281.0,5281.0,0.0,0.0,False,False,psp_energy_2021-06.pdf
Karnataka,2021,6,June,cumulative_fy,18274.0,18273.0,1.0,0.0,False,False,psp_energy_2021-06.pdf
Kerala,2021,6,June,monthly,2014.0,2014.0,0.0,0.0,False,False,psp_energy_2021-06.pdf
Kerala,2021,6,June,cumulative_fy,6489.0,6485.0,4.0,0.1,False,False,psp_energy_2021-06.pdf
Tamil Nadu,2021,6,June,monthly,9215.0,9215.0,0.0,0.0,False,False,psp_energy_2021-06.pdf
Tamil Nadu,2021,6,June,cumulative_fy,28615.0,28614.0,1.0,0.0,False,False,psp_energy_2021-06.pdf
Puducherry,2021,6,June,monthly,241.0,241.0,0.0,0.0,False,False,psp_energy_2021-06.pdf
Puducherry,2021,6,June,cumulative_fy,761.0,761.0,0.0,0.0,False,False,psp_energy_2021-06.pdf
Lakshadweep,2021,6,June,monthly,5.0,5.0,0.0,0.0,False,False,psp_energy_2021-06.pdf
Lakshadweep,2021,6,June,cumulative_fy,15.0,15.0,0.0,0.0,False,False,psp_energy_2021-06.pdf
Southern Region,2021,6,June,monthly,27474.0,27468.0,6.0,0.0,True,False,psp_energy_2021-06.pdf
Southern Region,2021,6,June,cumulative_fy,88412.0,88395.0,17.0,0.0,True,False,psp_energy_2021-06.pdf
Bihar,2021,6,June,monthly,3197.0,3195.0,2.0,0.1,False,False,psp_energy_2021-06.pdf
Bihar,2021,6,June,cumulative_fy,9421.0,9375.0,46.0,0.5,False,False,psp_energy_2021-06.pdf
DVC,2021,6,June,monthly,1930.0,1930.0,0.0,0.0,False,False,psp_energy_2021-06.pdf
DVC,2021,6,June,cumulative_fy,5819.0,5819.0,0.0,0.0,False,False,psp_energy_2021-06.pdf
Jharkhand,2021,6,June,monthly,868.0,851.0,17.0,1.9,False,False,psp_energy_2021-06.pdf
Jharkhand,2021,6,June,cumulative_fy,2635.0,2577.0,57.0,2.2,False,False,psp_energy_2021-06.pdf
Odisha,2021,6,June,monthly,3010.0,3010.0,0.0,0.0,False,False,psp_energy_2021-06.pdf
Odisha,2021,6,June,cumulative_fy,9184.0,9184.0,0.0,0.0,False,False,psp_energy_2021-06.pdf
West Bengal,2021,6,June,monthly,4735.0,4731.0,5.0,0.1,False,False,psp_energy_2021-06.pdf
West Bengal,2021,6,June,cumulative_fy,14674.0,14648.0,26.0,0.2,False,False,psp_energy_2021-06.pdf
Sikkim,2021,6,June,monthly,44.0,44.0,0.0,0.0,False,False,psp_energy_2021-06.pdf
Sikkim,2021,6,June,cumulative_fy,136.0,136.0,0.0,0.0,False,False,psp_energy_2021-06.pdf
Andaman & Nicobar,2021,6,June,monthly,29.0,27.0,2.0,6.7,False,False,psp_energy_2021-06.pdf
Andaman & Nicobar,2021,6,June,cumulative_fy,87.0,81.0,6.0,6.7,False,False,psp_energy_2021-06.pdf
Eastern Region,2021,6,June,monthly,13786.0,13762.0,23.0,0.2,True,False,psp_energy_2021-06.pdf
Eastern Region,2021,6,June,cumulative_fy,41869.0,41739.0,129.0,0.3,True,False,psp_energy_2021-06.pdf
Arunachal Pradesh,2021,6,June,monthly,63.0,63.0,0.0,0.0,False,False,psp_energy_2021-06.pdf
Arunachal Pradesh,2021,6,June,cumulative_fy,188.0,188.0,1.0,0.3,False,False,psp_energy_2021-06.pdf
Assam,2021,6,June,monthly,999.0,999.0,0.0,0.0,False,False,psp_energy_2021-06.pdf
Assam,2021,6,June,cumulative_fy,2697.0,2679.0,19.0,0.7,False,False,psp_energy_2021-06.pdf
Manipur,2021,6,June,monthly,77.0,76.0,0.0,0.3,False,False,psp_energy_2021-06.pdf
Manipur,2021,6,June,cumulative_fy,227.0,226.0,1.0,0.4,False,False,psp_energy_2021-06.pdf
Meghalaya,2021,6,June,monthly,162.0,162.0,0.0,0.2,False,False,psp_energy_2021-06.pdf
Meghalaya,2021,6,June,cumulative_fy,490.0,477.0,13.0,2.7,False,False,psp_energy_2021-06.pdf
Mizoram,2021,6,June,monthly,52.0,51.0,1.0,2.8,False,False,psp_energy_2021-06.pdf
Mizoram,2021,6,June,cumulative_fy,157.0,155.0,2.0,1.3,False,False,psp_energy_2021-06.pdf
Nagaland,2021,6,June,monthly,74.0,74.0,0.0,0.0,False,False,psp_energy_2021-06.pdf
Nagaland,2021,6,June,cumulative_fy,206.0,205.0,1.0,0.3,False,False,psp_energy_2021-06.pdf
Tripura,2021,6,June,monthly,127.0,127.0,0.0,0.0,False,False,psp_energy_2021-06.pdf
Tripura,2021,6,June,cumulative_fy,407.0,407.0,0.0,0.1,False,False,psp_energy_2021-06.pdf
North-Eastern Region,2021,6,June,monthly,1554.0,1552.0,2.0,0.1,True,False,psp_energy_2021-06.pdf
North-Eastern Region,2021,6,June,cumulative_fy,4372.0,4336.0,36.0,0.8,True,False,psp_energy_2021-06.pdf
All India,2021,6,June,monthly,114837.0,114483.0,353.0,0.3,False,True,psp_energy_2021-06.pdf
All India,2021,6,June,cumulative_fy,341418.0,340372.0,1046.0,0.3,False,True,psp_energy_2021-06.pdf
Chandigarh,2021,7,July,monthly,201.0,201.0,0.0,0.0,False,False,psp_energy_2021-07.pdf
Chandigarh,2021,7,July,cumulative_fy,601.0,601.0,0.0,0.0,False,False,psp_energy_2021-07.pdf
Delhi,2021,7,July,monthly,3722.0,3721.0,2.0,0.0,False,False,psp_energy_2021-07.pdf
Delhi,2021,7,July,cumulative_fy,11578.0,11575.0,3.0,0.0,False,False,psp_energy_2021-07.pdf
Haryana,2021,7,July,monthly,6499.0,6498.0,2.0,0.0,False,False,psp_energy_2021-07.pdf
Haryana,2021,7,July,cumulative_fy,20129.0,20107.0,22.0,0.1,False,False,psp_energy_2021-07.pdf
Himachal Pradesh,2021,7,July,monthly,1119.0,1118.0,1.0,0.1,False,False,psp_energy_2021-07.pdf
Himachal Pradesh,2021,7,July,cumulative_fy,3862.0,3856.0,6.0,0.1,False,False,psp_energy_2021-07.pdf
UT of J&K and Ladakh,2021,7,July,monthly,1552.0,1445.0,107.0,6.9,False,False,psp_energy_2021-07.pdf
UT of J&K and Ladakh,2021,7,July,cumulative_fy,6638.0,6119.0,519.0,7.8,False,False,psp_energy_2021-07.pdf
Punjab,2021,7,July,monthly,8319.0,8199.0,120.0,1.4,False,False,psp_energy_2021-07.pdf
Punjab,2021,7,July,cumulative_fy,23719.0,23543.0,176.0,0.7,False,False,psp_energy_2021-07.pdf
Rajasthan,2021,7,July,monthly,8166.0,8159.0,7.0,0.1,False,False,psp_energy_2021-07.pdf
Rajasthan,2021,7,July,cumulative_fy,28614.0,28577.0,37.0,0.1,False,False,psp_energy_2021-07.pdf
Uttar Pradesh,2021,7,July,monthly,14008.0,13872.0,135.0,1.0,False,False,psp_energy_2021-07.pdf
Uttar Pradesh,2021,7,July,cumulative_fy,46796.0,46329.0,467.0,1.0,False,False,psp_energy_2021-07.pdf
Uttarakhand,2021,7,July,monthly,1594.0,1580.0,14.0,0.9,False,False,psp_energy_2021-07.pdf
Uttarakhand,2021,7,July,cumulative_fy,5137.0,5117.0,20.0,0.4,False,False,psp_energy_2021-07.pdf
Northern Region,2021,7,July,monthly,45180.0,44793.0,387.0,0.9,True,False,psp_energy_2021-07.pdf
Northern Region,2021,7,July,cumulative_fy,147073.0,145824.0,1248.0,0.8,True,False,psp_energy_2021-07.pdf
Chhattisgarh,2021,7,July,monthly,2631.0,2627.0,4.0,0.1,False,False,psp_energy_2021-07.pdf
Chhattisgarh,2021,7,July,cumulative_fy,10502.0,10497.0,5.0,0.1,False,False,psp_energy_2021-07.pdf
Gujarat,2021,7,July,monthly,10268.0,10268.0,0.0,0.0,False,False,psp_energy_2021-07.pdf
Gujarat,2021,7,July,cumulative_fy,40989.0,40989.0,0.0,0.0,False,False,psp_energy_2021-07.pdf
Madhya Pradesh,2021,7,July,monthly,6273.0,6273.0,0.0,0.0,False,False,psp_energy_2021-07.pdf
Madhya Pradesh,2021,7,July,cumulative_fy,25496.0,25496.0,0.0,0.0,False,False,psp_energy_2021-07.pdf
Maharashtra,2021,7,July,monthly,13466.0,13466.0,0.0,0.0,False,False,psp_energy_2021-07.pdf
Maharashtra,2021,7,July,cumulative_fy,57173.0,57173.0,0.0,0.0,False,False,psp_energy_2021-07.pdf
Daman & Diu,2021,7,July,monthly,219.0,219.0,0.0,0.0,False,False,psp_energy_2021-07.pdf
Daman & Diu,2021,7,July,cumulative_fy,836.0,836.0,0.0,0.0,False,False,psp_energy_2021-07.pdf
Dadra & Nagar Haveli,2021,7,July,monthly,594.0,594.0,0.0,0.0,False,False,psp_energy_2021-07.pdf
Dadra & Nagar Haveli,2021,7,July,cumulative_fy,2185.0,2185.0,0.0,0.0,False,False,psp_energy_2021-07.pdf
Goa,2021,7,July,monthly,349.0,349.0,0.0,0.0,False,False,psp_energy_2021-07.pdf
Goa,2021,7,July,cumulative_fy,1491.0,1491.0,0.0,0.0,False,False,psp_energy_2021-07.pdf
Western Region,2021,7,July,monthly,33799.0,33796.0,4.0,0.0,True,False,psp_energy_2021-07.pdf
Western Region,2021,7,July,cumulative_fy,138672.0,138666.0,5.0,0.0,True,False,psp_energy_2021-07.pdf
Andhra Pradesh,2021,7,July,monthly,5292.0,5285.0,7.0,0.1,False,False,psp_energy_2021-07.pdf
Andhra Pradesh,2021,7,July,cumulative_fy,23047.0,23031.0,16.0,0.1,False,False,psp_energy_2021-07.pdf
Telangana,2021,7,July,monthly,5797.0,5797.0,0.0,0.0,False,False,psp_energy_2021-07.pdf
Telangana,2021,7,July,cumulative_fy,22314.0,22313.0,1.0,0.0,False,False,psp_energy_2021-07.pdf
Karnataka,2021,7,July,monthly,5220.0,5220.0,0.0,0.0,False,False,psp_energy_2021-07.pdf
Karnataka,2021,7,July,cumulative_fy,23494.0,23493.0,1.0,0.0,False,False,psp_energy_2021-07.pdf
Kerala,2021,7,July,monthly,2073.0,2073.0,0.0,0.0,False,False,psp_energy_2021-07.pdf
Kerala,2021,7,July,cumulative_fy,8562.0,8558.0,4.0,0.0,False,False,psp_energy_2021-07.pdf
Tamil Nadu,2021,7,July,monthly,9430.0,9430.0,0.0,0.0,False,False,psp_energy_2021-07.pdf
Tamil Nadu,2021,7,July,cumulative_fy,38046.0,38044.0,1.0,0.0,False,False,psp_energy_2021-07.pdf
Puducherry,2021,7,July,monthly,259.0,259.0,0.0,0.0,False,False,psp_energy_2021-07.pdf
Puducherry,2021,7,July,cumulative_fy,1020.0,1020.0,0.0,0.0,False,False,psp_energy_2021-07.pdf
Lakshadweep,2021,7,July,monthly,4.0,4.0,0.0,0.0,False,False,psp_energy_2021-07.pdf
Lakshadweep,2021,7,July,cumulative_fy,19.0,19.0,0.0,0.0,False,False,psp_energy_2021-07.pdf
Southern Region,2021,7,July,monthly,28072.0,28065.0,7.0,0.0,True,False,psp_energy_2021-07.pdf
Southern Region,2021,7,July,cumulative_fy,116484.0,116460.0,24.0,0.0,True,False,psp_energy_2021-07.pdf
Bihar,2021,7,July,monthly,3775.0,3755.0,20.0,0.5,False,False,psp_energy_2021-07.pdf
Bihar,2021,7,July,cumulative_fy,13196.0,13129.0,67.0,0.5,False,False,psp_energy_2021-07.pdf
DVC,2021,7,July,monthly,1931.0,1931.0,0.0,0.0,False,False,psp_energy_2021-07.pdf
DVC,2021,7,July,cumulative_fy,7750.0,7750.0,0.0,0.0,False,False,psp_energy_2021-07.pdf
Jharkhand,2021,7,July,monthly,961.0,936.0,24.0,2.5,False,False,psp_energy_2021-07.pdf
Jharkhand,2021,7,July,cumulative_fy,3595.0,3514.0,82.0,2.3,False,False,psp_energy_2021-07.pdf
Odisha,2021,7,July,monthly,3411.0,3411.0,0.0,0.0,False,False,psp_energy_2021-07.pdf
Odisha,2021,7,July,cumulative_fy,12595.0,12595.0,0.0,0.0,False,False,psp_energy_2021-07.pdf
West Bengal,2021,7,July,monthly,5248.0,5245.0,3.0,0.1,False,False,psp_energy_2021-07.pdf
West Bengal,2021,7,July,cumulative_fy,19923.0,19893.0,29.0,0.1,False,False,psp_energy_2021-07.pdf
Sikkim,2021,7,July,monthly,47.0,47.0,0.0,0.0,False,False,psp_energy_2021-07.pdf
Sikkim,2021,7,July,cumulative_fy,183.0,183.0,0.0,0.0,False,False,psp_energy_2021-07.pdf
Andaman & Nicobar,2021,7,July,monthly,29.0,27.0,2.0,6.7,False,False,psp_energy_2021-07.pdf
Andaman & Nicobar,2021,7,July,cumulative_fy,115.0,108.0,8.0,6.7,False,False,psp_energy_2021-07.pdf
Eastern Region,2021,7,July,monthly,15374.0,15325.0,48.0,0.3,True,False,psp_energy_2021-07.pdf
Eastern Region,2021,7,July,cumulative_fy,57242.0,57065.0,178.0,0.3,True,False,psp_energy_2021-07.pdf
Arunachal Pradesh,2021,7,July,monthly,77.0,77.0,0.0,0.0,False,False,psp_energy_2021-07.pdf
Arunachal Pradesh,2021,7,July,cumulative_fy,265.0,265.0,1.0,0.2,False,False,psp_energy_2021-07.pdf
Assam,2021,7,July,monthly,1110.0,1110.0,0.0,0.0,False,False,psp_energy_2021-07.pdf
Assam,2021,7,July,cumulative_fy,3808.0,3789.0,19.0,0.5,False,False,psp_energy_2021-07.pdf
Manipur,2021,7,July,monthly,81.0,81.0,0.0,0.3,False,False,psp_energy_2021-07.pdf
Manipur,2021,7,July,cumulative_fy,308.0,307.0,1.0,0.4,False,False,psp_energy_2021-07.pdf
Meghalaya,2021,7,July,monthly,201.0,201.0,0.0,0.0,False,False,psp_energy_2021-07.pdf
Meghalaya,2021,7,July,cumulative_fy,691.0,678.0,13.0,1.9,False,False,psp_energy_2021-07.pdf
Mizoram,2021,7,July,monthly,52.0,50.0,1.0,2.3,False,False,psp_energy_2021-07.pdf
Mizoram,2021,7,July,cumulative_fy,209.0,205.0,3.0,1.5,False,False,psp_energy_2021-07.pdf
Nagaland,2021,7,July,monthly,78.0,78.0,0.0,0.0,False,False,psp_energy_2021-07.pdf
Nagaland,2021,7,July,cumulative_fy,284.0,283.0,1.0,0.2,False,False,psp_energy_2021-07.pdf
Tripura,2021,7,July,monthly,144.0,144.0,0.0,0.0,False,False,psp_energy_2021-07.pdf
Tripura,2021,7,July,cumulative_fy,551.0,550.0,0.0,0.1,False,False,psp_energy_2021-07.pdf
North-Eastern Region,2021,7,July,monthly,1742.0,1741.0,2.0,0.1,True,False,psp_energy_2021-07.pdf
North-Eastern Region,2021,7,July,cumulative_fy,6114.0,6076.0,38.0,0.6,True,False,psp_energy_2021-07.pdf
All India,2021,7,July,monthly,124167.0,123720.0,447.0,0.4,False,True,psp_energy_2021-07.pdf
All India,2021,7,July,cumulative_fy,465585.0,464092.0,1493.0,0.3,False,True,psp_energy_2021-07.pdf
Chandigarh,2021,8,August,monthly,187.0,187.0,0.0,0.0,False,False,psp_energy_2021-08.pdf
Chandigarh,2021,8,August,cumulative_fy,788.0,788.0,0.0,0.0,False,False,psp_energy_2021-08.pdf
Delhi,2021,8,August,monthly,3547.0,3546.0,1.0,0.0,False,False,psp_energy_2021-08.pdf
Delhi,2021,8,August,cumulative_fy,15124.0,15121.0,4.0,0.0,False,False,psp_energy_2021-08.pdf
Haryana,2021,8,August,monthly,6472.0,6460.0,12.0,0.2,False,False,psp_energy_2021-08.pdf
Haryana,2021,8,August,cumulative_fy,26601.0,26566.0,34.0,0.1,False,False,psp_energy_2021-08.pdf
Himachal Pradesh,2021,8,August,monthly,1128.0,1123.0,4.0,0.4,False,False,psp_energy_2021-08.pdf
Himachal Pradesh,2021,8,August,cumulative_fy,4989.0,4979.0,10.0,0.2,False,False,psp_energy_2021-08.pdf
UT of J&K and Ladakh,2021,8,August,monthly,1529.0,1422.0,107.0,7.0,False,False,psp_energy_2021-08.pdf
UT of J&K and Ladakh,2021,8,August,cumulative_fy,8167.0,7541.0,626.0,7.7,False,False,psp_energy_2021-08.pdf
Punjab,2021,8,August,monthly,8269.0,8269.0,0.0,0.0,False,False,psp_energy_2021-08.pdf
Punjab,2021,8,August,cumulative_fy,31987.0,31812.0,176.0,0.5,False,False,psp_energy_2021-08.pdf
Rajasthan,2021,8,August,monthly,8273.0,8190.0,83.0,1.0,False,False,psp_energy_2021-08.pdf
Rajasthan,2021,8,August,cumulative_fy,36887.0,36767.0,120.0,0.3,False,False,psp_energy_2021-08.pdf
Uttar Pradesh,2021,8,August,monthly,13326.0,13122.0,204.0,1.5,False,False,psp_energy_2021-08.pdf
Uttar Pradesh,2021,8,August,cumulative_fy,60121.0,59451.0,671.0,1.1,False,False,psp_energy_2021-08.pdf
Uttarakhand,2021,8,August,monthly,1446.0,1422.0,24.0,1.7,False,False,psp_energy_2021-08.pdf
Uttarakhand,2021,8,August,cumulative_fy,6583.0,6539.0,44.0,0.7,False,False,psp_energy_2021-08.pdf
Northern Region,2021,8,August,monthly,44175.0,43740.0,435.0,1.0,True,False,psp_energy_2021-08.pdf
Northern Region,2021,8,August,cumulative_fy,191248.0,189564.0,1684.0,0.9,True,False,psp_energy_2021-08.pdf
Chhattisgarh,2021,8,August,monthly,2948.0,2925.0,23.0,0.8,False,False,psp_energy_2021-08.pdf
Chhattisgarh,2021,8,August,cumulative_fy,13450.0,13422.0,29.0,0.2,False,False,psp_energy_2021-08.pdf
Gujarat,2021,8,August,monthly,11515.0,11510.0,5.0,0.0,False,False,psp_energy_2021-08.pdf
Gujarat,2021,8,August,cumulative_fy,52504.0,52499.0,5.0,0.0,False,False,psp_energy_2021-08.pdf
Madhya Pradesh,2021,8,August,monthly,6528.0,6482.0,46.0,0.7,False,False,psp_energy_2021-08.pdf
Madhya Pradesh,2021,8,August,cumulative_fy,32024.0,31978.0,46.0,0.1,False,False,psp_energy_2021-08.pdf
Maharashtra,2021,8,August,monthly,14311.0,14311.0,0.0,0.0,False,False,psp_energy_2021-08.pdf
Maharashtra,2021,8,August,cumulative_fy,71484.0,71484.0,0.0,0.0,False,False,psp_energy_2021-08.pdf
Daman & Diu,2021,8,August,monthly,216.0,216.0,0.0,0.0,False,False,psp_energy_2021-08.pdf
Daman & Diu,2021,8,August,cumulative_fy,1052.0,1052.0,0.0,0.0,False,False,psp_energy_2021-08.pdf
Dadra & Nagar Haveli,2021,8,August,monthly,600.0,600.0,0.0,0.0,False,False,psp_energy_2021-08.pdf
Dadra & Nagar Haveli,2021,8,August,cumulative_fy,2785.0,2785.0,0.0,0.0,False,False,psp_energy_2021-08.pdf
Goa,2021,8,August,monthly,360.0,360.0,0.0,0.0,False,False,psp_energy_2021-08.pdf
Goa,2021,8,August,cumulative_fy,1851.0,1851.0,0.0,0.0,False,False,psp_energy_2021-08.pdf
Western Region,2021,8,August,monthly,36478.0,36405.0,74.0,0.2,True,False,psp_energy_2021-08.pdf
Western Region,2021,8,August,cumulative_fy,175150.0,175071.0,79.0,0.0,True,False,psp_energy_2021-08.pdf
Andhra Pradesh,2021,8,August,monthly,6086.0,6075.0,11.0,0.2,False,False,psp_energy_2021-08.pdf
Andhra Pradesh,2021,8,August,cumulative_fy,29134.0,29106.0,27.0,0.1,False,False,psp_energy_2021-08.pdf
Telangana,2021,8,August,monthly,6493.0,6491.0,2.0,0.0,False,False,psp_energy_2021-08.pdf
Telangana,2021,8,August,cumulative_fy,28807.0,28804.0,3.0,0.0,False,False,psp_energy_2021-08.pdf
Karnataka,2021,8,August,monthly,5828.0,5827.0,1.0,0.0,False,False,psp_energy_2021-08.pdf
Karnataka,2021,8,August,cumulative_fy,29322.0,29320.0,2.0,0.0,False,False,psp_energy_2021-08.pdf
Kerala,2021,8,August,monthly,2108.0,2107.0,1.0,0.1,False,False,psp_energy_2021-08.pdf
Kerala,2021,8,August,cumulative_fy,10670.0,10664.0,6.0,0.1,False,False,psp_energy_2021-08.pdf
Tamil Nadu,2021,8,August,monthly,9824.0,9823.0,1.0,0.0,False,False,psp_energy_2021-08.pdf
Tamil Nadu,2021,8,August,cumulative_fy,47870.0,47867.0,3.0,0.0,False,False,psp_energy_2021-08.pdf
Puducherry,2021,8,August,monthly,256.0,256.0,0.0,0.0,False,False,psp_energy_2021-08.pdf
Puducherry,2021,8,August,cumulative_fy,1277.0,1277.0,0.0,0.0,False,False,psp_energy_2021-08.pdf
Lakshadweep,2021,8,August,monthly,4.0,4.0,0.0,0.0,False,False,psp_energy_2021-08.pdf
Lakshadweep,2021,8,August,cumulative_fy,24.0,24.0,0.0,0.0,False,False,psp_energy_2021-08.pdf
Southern Region,2021,8,August,monthly,30595.0,30578.0,17.0,0.1,True,False,psp_energy_2021-08.pdf
Southern Region,2021,8,August,cumulative_fy,147079.0,147038.0,41.0,0.0,True,False,psp_energy_2021-08.pdf
Bihar,2021,8,August,monthly,3707.0,3644.0,63.0,1.7,False,False,psp_energy_2021-08.pdf
Bihar,2021,8,August,cumulative_fy,16903.0,16773.0,130.0,0.8,False,False,psp_energy_2021-08.pdf
DVC,2021,8,August,monthly,2000.0,2000.0,0.0,0.0,False,False,psp_energy_2021-08.pdf
DVC,2021,8,August,cumulative_fy,9750.0,9750.0,0.0,0.0,False,False,psp_energy_2021-08.pdf
Jharkhand,2021,8,August,monthly,984.0,940.0,44.0,4.5,False,False,psp_energy_2021-08.pdf
Jharkhand,2021,8,August,cumulative_fy,4580.0,4454.0,126.0,2.7,False,False,psp_energy_2021-08.pdf
Odisha,2021,8,August,monthly,3464.0,3464.0,0.0,0.0,False,False,psp_energy_2021-08.pdf
Odisha,2021,8,August,cumulative_fy,16059.0,16059.0,0.0,0.0,False,False,psp_energy_2021-08.pdf
West Bengal,2021,8,August,monthly,5331.0,5328.0,4.0,0.1,False,False,psp_energy_2021-08.pdf
West Bengal,2021,8,August,cumulative_fy,25254.0,25221.0,33.0,0.1,False,False,psp_energy_2021-08.pdf
Sikkim,2021,8,August,monthly,46.0,46.0,0.0,0.0,False,False,psp_energy_2021-08.pdf
Sikkim,2021,8,August,cumulative_fy,229.0,229.0,0.0,0.0,False,False,psp_energy_2021-08.pdf
Andaman & Nicobar,2021,8,August,monthly,28.0,28.0,0.0,0.0,False,False,psp_energy_2021-08.pdf
Andaman & Nicobar,2021,8,August,cumulative_fy,143.0,136.0,8.0,5.4,False,False,psp_energy_2021-08.pdf
Eastern Region,2021,8,August,monthly,15533.0,15422.0,111.0,0.7,True,False,psp_energy_2021-08.pdf
Eastern Region,2021,8,August,cumulative_fy,72775.0,72487.0,288.0,0.4,True,False,psp_energy_2021-08.pdf
Arunachal Pradesh,2021,8,August,monthly,79.0,79.0,0.0,0.0,False,False,psp_energy_2021-08.pdf
Arunachal Pradesh,2021,8,August,cumulative_fy,344.0,344.0,1.0,0.2,False,False,psp_energy_2021-08.pdf
Assam,2021,8,August,monthly,1125.0,1125.0,0.0,0.0,False,False,psp_energy_2021-08.pdf
Assam,2021,8,August,cumulative_fy,4933.0,4914.0,19.0,0.4,False,False,psp_energy_2021-08.pdf
Manipur,2021,8,August,monthly,81.0,81.0,0.0,0.0,False,False,psp_energy_2021-08.pdf
Manipur,2021,8,August,cumulative_fy,389.0,387.0,1.0,0.3,False,False,psp_energy_2021-08.pdf
Meghalaya,2021,8,August,monthly,176.0,176.0,0.0,0.0,False,False,psp_energy_2021-08.pdf
Meghalaya,2021,8,August,cumulative_fy,866.0,853.0,13.0,1.5,False,False,psp_energy_2021-08.pdf
Mizoram,2021,8,August,monthly,50.0,49.0,1.0,1.6,False,False,psp_energy_2021-08.pdf
Mizoram,2021,8,August,cumulative_fy,259.0,255.0,4.0,1.6,False,False,psp_energy_2021-08.pdf
Nagaland,2021,8,August,monthly,80.0,80.0,0.0,0.0,False,False,psp_energy_2021-08.pdf
Nagaland,2021,8,August,cumulative_fy,364.0,363.0,1.0,0.2,False,False,psp_energy_2021-08.pdf
Tripura,2021,8,August,monthly,146.0,146.0,0.0,0.0,False,False,psp_energy_2021-08.pdf
Tripura,2021,8,August,cumulative_fy,696.0,696.0,0.0,0.0,False,False,psp_energy_2021-08.pdf
North-Eastern Region,2021,8,August,monthly,1737.0,1736.0,1.0,0.0,True,False,psp_energy_2021-08.pdf
North-Eastern Region,2021,8,August,cumulative_fy,7851.0,7812.0,39.0,0.5,True,False,psp_energy_2021-08.pdf
All India,2021,8,August,monthly,128519.0,127881.0,638.0,0.5,False,True,psp_energy_2021-08.pdf
All India,2021,8,August,cumulative_fy,594104.0,591972.0,2131.0,0.4,False,True,psp_energy_2021-08.pdf
Chandigarh,2021,9,September,monthly,166.0,166.0,0.0,0.0,False,False,psp_energy_2021-09.pdf
Chandigarh,2021,9,September,cumulative_fy,954.0,954.0,0.0,0.0,False,False,psp_energy_2021-09.pdf
Delhi,2021,9,September,monthly,3027.0,3027.0,0.0,0.0,False,False,psp_energy_2021-09.pdf
Delhi,2021,9,September,cumulative_fy,18152.0,18148.0,4.0,0.0,False,False,psp_energy_2021-09.pdf
Haryana,2021,9,September,monthly,4975.0,4969.0,6.0,0.1,False,False,psp_energy_2021-09.pdf
Haryana,2021,9,September,cumulative_fy,31576.0,31536.0,40.0,0.1,False,False,psp_energy_2021-09.pdf
Himachal Pradesh,2021,9,September,monthly,1058.0,1056.0,2.0,0.1,False,False,psp_energy_2021-09.pdf
Himachal Pradesh,2021,9,September,cumulative_fy,6047.0,6035.0,12.0,0.2,False,False,psp_energy_2021-09.pdf
UT of J&K and Ladakh,2021,9,September,monthly,1437.0,1334.0,104.0,7.2,False,False,psp_energy_2021-09.pdf
UT of J&K and Ladakh,2021,9,September,cumulative_fy,9604.0,8875.0,729.0,7.6,False,False,psp_energy_2021-09.pdf
Punjab,2021,9,September,monthly,6518.0,6518.0,0.0,0.0,False,False,psp_energy_2021-09.pdf
Punjab,2021,9,September,cumulative_fy,38505.0,38330.0,176.0,0.5,False,False,psp_energy_2021-09.pdf
Rajasthan,2021,9,September,monthly,6539.0,6535.0,4.0,0.1,False,False,psp_energy_2021-09.pdf
Rajasthan,2021,9,September,cumulative_fy,43426.0,43302.0,124.0,0.3,False,False,psp_energy_2021-09.pdf
Uttar Pradesh,2021,9,September,monthly,11786.0,11582.0,204.0,1.7,False,False,psp_energy_2021-09.pdf
Uttar Pradesh,2021,9,September,cumulative_fy,71907.0,71032.0,875.0,1.2,False,False,psp_energy_2021-09.pdf
Uttarakhand,2021,9,September,monthly,1371.0,1367.0,4.0,0.3,False,False,psp_energy_2021-09.pdf
Uttarakhand,2021,9,September,cumulative_fy,7954.0,7906.0,48.0,0.6,False,False,psp_energy_2021-09.pdf
Northern Region,2021,9,September,monthly,36878.0,36554.0,324.0,0.9,True,False,psp_energy_2021-09.pdf
Northern Region,2021,9,September,cumulative_fy,228126.0,226118.0,2007.0,0.9,True,False,psp_energy_2021-09.pdf
Chhattisgarh,2021,9,September,monthly,2688.0,2687.0,1.0,0.1,False,False,psp_energy_2021-09.pdf
Chhattisgarh,2021,9,September,cumulative_fy,16138.0,16109.0,30.0,0.2,False,False,psp_energy_2021-09.pdf
Gujarat,2021,9,September,monthly,8344.0,8331.0,13.0,0.2,False,False,psp_energy_2021-09.pdf
Gujarat,2021,9,September,cumulative_fy,60848.0,60830.0,18.0,0.0,False,False,psp_energy_2021-09.pdf
Madhya Pradesh,2021,9,September,monthly,6418.0,6418.0,0.0,0.0,False,False,psp_energy_2021-09.pdf
Madhya Pradesh,2021,9,September,cumulative_fy,38442.0,38396.0,46.0,0.1,False,False,psp_energy_2021-09.pdf
Maharashtra,2021,9,September,monthly,12704.0,12704.0,0.0,0.0,False,False,psp_energy_2021-09.pdf
Maharashtra,2021,9,September,cumulative_fy,84189.0,84188.0,0.0,0.0,False,False,psp_energy_2021-09.pdf
Daman & Diu,2021,9,September,monthly,218.0,218.0,0.0,0.0,False,False,psp_energy_2021-09.pdf
Daman & Diu,2021,9,September,cumulative_fy,1270.0,1270.0,0.0,0.0,False,False,psp_energy_2021-09.pdf
Dadra & Nagar Haveli,2021,9,September,monthly,582.0,582.0,0.0,0.0,False,False,psp_energy_2021-09.pdf
Dadra & Nagar Haveli,2021,9,September,cumulative_fy,3367.0,3367.0,0.0,0.0,False,False,psp_energy_2021-09.pdf
Goa,2021,9,September,monthly,337.0,337.0,0.0,0.0,False,False,psp_energy_2021-09.pdf
Goa,2021,9,September,cumulative_fy,2188.0,2188.0,0.0,0.0,False,False,psp_energy_2021-09.pdf
Western Region,2021,9,September,monthly,31291.0,31276.0,15.0,0.0,True,False,psp_energy_2021-09.pdf
Western Region,2021,9,September,cumulative_fy,206441.0,206347.0,94.0,0.0,True,False,psp_energy_2021-09.pdf
Andhra Pradesh,2021,9,September,monthly,5671.0,5667.0,4.0,0.1,False,False,psp_energy_2021-09.pdf
Andhra Pradesh,2021,9,September,cumulative_fy,34804.0,34773.0,31.0,0.1,False,False,psp_energy_2021-09.pdf
Telangana,2021,9,September,monthly,5435.0,5435.0,0.0,0.0,False,False,psp_energy_2021-09.pdf
Telangana,2021,9,September,cumulative_fy,34242.0,34238.0,3.0,0.0,False,False,psp_energy_2021-09.pdf
Karnataka,2021,9,September,monthly,5632.0,5632.0,0.0,0.0,False,False,psp_energy_2021-09.pdf
Karnataka,2021,9,September,cumulative_fy,34954.0,34952.0,2.0,0.0,False,False,psp_energy_2021-09.pdf
Kerala,2021,9,September,monthly,2158.0,2158.0,0.0,0.0,False,False,psp_energy_2021-09.pdf
Kerala,2021,9,September,cumulative_fy,12828.0,12822.0,6.0,0.0,False,False,psp_energy_2021-09.pdf
Tamil Nadu,2021,9,September,monthly,9279.0,9278.0,0.0,0.0,False,False,psp_energy_2021-09.pdf
Tamil Nadu,2021,9,September,cumulative_fy,57149.0,57146.0,3.0,0.0,False,False,psp_energy_2021-09.pdf
Puducherry,2021,9,September,monthly,254.0,254.0,0.0,0.0,False,False,psp_energy_2021-09.pdf
Puducherry,2021,9,September,cumulative_fy,1531.0,1531.0,0.0,0.0,False,False,psp_energy_2021-09.pdf
Lakshadweep,2021,9,September,monthly,4.0,4.0,0.0,0.0,False,False,psp_energy_2021-09.pdf
Lakshadweep,2021,9,September,cumulative_fy,28.0,28.0,0.0,0.0,False,False,psp_energy_2021-09.pdf
Southern Region,2021,9,September,monthly,28428.0,28424.0,4.0,0.0,True,False,psp_energy_2021-09.pdf
Southern Region,2021,9,September,cumulative_fy,175507.0,175462.0,45.0,0.0,True,False,psp_energy_2021-09.pdf
Bihar,2021,9,September,monthly,3571.0,3487.0,84.0,2.3,False,False,psp_energy_2021-09.pdf
Bihar,2021,9,September,cumulative_fy,20473.0,20260.0,213.0,1.0,False,False,psp_energy_2021-09.pdf
DVC,2021,9,September,monthly,1941.0,1941.0,0.0,0.0,False,False,psp_energy_2021-09.pdf
DVC,2021,9,September,cumulative_fy,11691.0,11691.0,0.0,0.0,False,False,psp_energy_2021-09.pdf
Jharkhand,2021,9,September,monthly,918.0,889.0,29.0,3.2,False,False,psp_energy_2021-09.pdf
Jharkhand,2021,9,September,cumulative_fy,5498.0,5343.0,155.0,2.8,False,False,psp_energy_2021-09.pdf
Odisha,2021,9,September,monthly,3194.0,3194.0,0.0,0.0,False,False,psp_energy_2021-09.pdf
Odisha,2021,9,September,cumulative_fy,19253.0,19253.0,0.0,0.0,False,False,psp_energy_2021-09.pdf
West Bengal,2021,9,September,monthly,4909.0,4902.0,7.0,0.1,False,False,psp_energy_2021-09.pdf
West Bengal,2021,9,September,cumulative_fy,30163.0,30124.0,40.0,0.1,False,False,psp_energy_2021-09.pdf
Sikkim,2021,9,September,monthly,46.0,46.0,0.0,0.0,False,False,psp_energy_2021-09.pdf
Sikkim,2021,9,September,cumulative_fy,275.0,275.0,0.0,0.0,False,False,psp_energy_2021-09.pdf
Andaman & Nicobar,2021,9,September,monthly,26.0,26.0,0.0,0.0,False,False,psp_energy_2021-09.pdf
Andaman & Nicobar,2021,9,September,cumulative_fy,170.0,162.0,8.0,4.5,False,False,psp_energy_2021-09.pdf
Eastern Region,2021,9,September,monthly,14579.0,14459.0,120.0,0.8,True,False,psp_energy_2021-09.pdf
Eastern Region,2021,9,September,cumulative_fy,87354.0,86946.0,408.0,0.5,True,False,psp_energy_2021-09.pdf
Arunachal Pradesh,2021,9,September,monthly,74.0,74.0,0.0,0.1,False,False,psp_energy_2021-09.pdf
Arunachal Pradesh,2021,9,September,cumulative_fy,419.0,418.0,1.0,0.1,False,False,psp_energy_2021-09.pdf
Assam,2021,9,September,monthly,1132.0,1132.0,0.0,0.0,False,False,psp_energy_2021-09.pdf
Assam,2021,9,September,cumulative_fy,6065.0,6046.0,19.0,0.3,False,False,psp_energy_2021-09.pdf
Manipur,2021,9,September,monthly,79.0,79.0,0.0,0.2,False,False,psp_energy_2021-09.pdf
Manipur,2021,9,September,cumulative_fy,468.0,466.0,1.0,0.3,False,False,psp_energy_2021-09.pdf
Meghalaya,2021,9,September,monthly,165.0,165.0,0.0,0.0,False,False,psp_energy_2021-09.pdf
Meghalaya,2021,9,September,cumulative_fy,1031.0,1018.0,13.0,1.3,False,False,psp_energy_2021-09.pdf
Mizoram,2021,9,September,monthly,49.0,48.0,1.0,1.6,False,False,psp_energy_2021-09.pdf
Mizoram,2021,9,September,cumulative_fy,307.0,302.0,5.0,1.6,False,False,psp_energy_2021-09.pdf
Nagaland,2021,9,September,monthly,75.0,75.0,0.0,0.0,False,False,psp_energy_2021-09.pdf
Nagaland,2021,9,September,cumulative_fy,439.0,438.0,1.0,0.1,False,False,psp_energy_2021-09.pdf
Tripura,2021,9,September,monthly,149.0,149.0,0.0,0.0,False,False,psp_energy_2021-09.pdf
Tripura,2021,9,September,cumulative_fy,845.0,845.0,0.0,0.0,False,False,psp_energy_2021-09.pdf
North-Eastern Region,2021,9,September,monthly,1722.0,1721.0,1.0,0.1,True,False,psp_energy_2021-09.pdf
North-Eastern Region,2021,9,September,cumulative_fy,9574.0,9534.0,40.0,0.4,True,False,psp_energy_2021-09.pdf
All India,2021,9,September,monthly,112898.0,112435.0,463.0,0.4,False,True,psp_energy_2021-09.pdf
All India,2021,9,September,cumulative_fy,707002.0,704407.0,2594.0,0.4,False,True,psp_energy_2021-09.pdf
Chandigarh,2021,10,October,monthly,126.0,126.0,0.0,0.0,False,False,psp_energy_2021-10.pdf
Chandigarh,2021,10,October,cumulative_fy,1080.0,1080.0,0.0,0.0,False,False,psp_energy_2021-10.pdf
Delhi,2021,10,October,monthly,2663.0,2663.0,0.0,0.0,False,False,psp_energy_2021-10.pdf
Delhi,2021,10,October,cumulative_fy,20815.0,20811.0,4.0,0.0,False,False,psp_energy_2021-10.pdf
Haryana,2021,10,October,monthly,4767.0,4654.0,113.0,2.4,False,False,psp_energy_2021-10.pdf
Haryana,2021,10,October,cumulative_fy,36343.0,36190.0,153.0,0.4,False,False,psp_energy_2021-10.pdf
Himachal Pradesh,2021,10,October,monthly,1032.0,1030.0,2.0,0.1,False,False,psp_energy_2021-10.pdf
Himachal Pradesh,2021,10,October,cumulative_fy,7078.0,7065.0,13.0,0.2,False,False,psp_energy_2021-10.pdf
UT of J&K and Ladakh,2021,10,October,monthly,1472.0,1366.0,107.0,7.3,False,False,psp_energy_2021-10.pdf
UT of J&K and Ladakh,2021,10,October,cumulative_fy,11077.0,10240.0,836.0,7.5,False,False,psp_energy_2021-10.pdf
Punjab,2021,10,October,monthly,4927.0,4807.0,121.0,2.5,False,False,psp_energy_2021-10.pdf
Punjab,2021,10,October,cumulative_fy,43433.0,43136.0,297.0,0.7,False,False,psp_energy_2021-10.pdf
Rajasthan,2021,10,October,monthly,7263.0,7022.0,242.0,3.3,False,False,psp_energy_2021-10.pdf
Rajasthan,2021,10,October,cumulative_fy,50690.0,50324.0,365.0,0.7,False,False,psp_energy_2021-10.pdf
Uttar Pradesh,2021,10,October,monthly,10651.0,10450.0,200.0,1.9,False,False,psp_energy_2021-10.pdf
Uttar Pradesh,2021,10,October,cumulative_fy,82558.0,81483.0,1075.0,1.3,False,False,psp_energy_2021-10.pdf
Uttarakhand,2021,10,October,monthly,1342.0,1328.0,14.0,1.1,False,False,psp_energy_2021-10.pdf
Uttarakhand,2021,10,October,cumulative_fy,9297.0,9234.0,62.0,0.7,False,False,psp_energy_2021-10.pdf
Northern Region,2021,10,October,monthly,34245.0,33446.0,799.0,2.3,True,False,psp_energy_2021-10.pdf
Northern Region,2021,10,October,cumulative_fy,262370.0,259565.0,2806.0,1.1,True,False,psp_energy_2021-10.pdf
Chhattisgarh,2021,10,October,monthly,2821.0,2818.0,4.0,0.1,False,False,psp_energy_2021-10.pdf
Chhattisgarh,2021,10,October,cumulative_fy,18960.0,18926.0,34.0,0.2,False,False,psp_energy_2021-10.pdf
Gujarat,2021,10,October,monthly,10928.0,10714.0,215.0,2.0,False,False,psp_energy_2021-10.pdf
Gujarat,2021,10,October,cumulative_fy,71776.0,71544.0,233.0,0.3,False,False,psp_energy_2021-10.pdf
Madhya Pradesh,2021,10,October,monthly,6880.0,6880.0,0.0,0.0,False,False,psp_energy_2021-10.pdf
Madhya Pradesh,2021,10,October,cumulative_fy,45321.0,45275.0,46.0,0.1,False,False,psp_energy_2021-10.pdf
Maharashtra,2021,10,October,monthly,13853.0,13853.0,0.0,0.0,False,False,psp_energy_2021-10.pdf
Maharashtra,2021,10,October,cumulative_fy,98042.0,98042.0,0.0,0.0,False,False,psp_energy_2021-10.pdf
Daman & Diu,2021,10,October,monthly,230.0,230.0,0.0,0.0,False,False,psp_energy_2021-10.pdf
Daman & Diu,2021,10,October,cumulative_fy,1500.0,1500.0,0.0,0.0,False,False,psp_energy_2021-10.pdf
Dadra & Nagar Haveli,2021,10,October,monthly,582.0,582.0,0.0,0.0,False,False,psp_energy_2021-10.pdf
Dadra & Nagar Haveli,2021,10,October,cumulative_fy,3949.0,3949.0,0.0,0.0,False,False,psp_energy_2021-10.pdf
Goa,2021,10,October,monthly,394.0,394.0,0.0,0.0,False,False,psp_energy_2021-10.pdf
Goa,2021,10,October,cumulative_fy,2582.0,2582.0,0.0,0.0,False,False,psp_energy_2021-10.pdf
Western Region,2021,10,October,monthly,35690.0,35471.0,219.0,0.6,True,False,psp_energy_2021-10.pdf
Western Region,2021,10,October,cumulative_fy,242131.0,241818.0,313.0,0.1,True,False,psp_energy_2021-10.pdf
Andhra Pradesh,2021,10,October,monthly,5834.0,5818.0,16.0,0.3,False,False,psp_energy_2021-10.pdf
Andhra Pradesh,2021,10,October,cumulative_fy,40638.0,40591.0,47.0,0.1,False,False,psp_energy_2021-10.pdf
Telangana,2021,10,October,monthly,5861.0,5856.0,6.0,0.1,False,False,psp_energy_2021-10.pdf
Telangana,2021,10,October,cumulative_fy,40103.0,40094.0,9.0,0.0,False,False,psp_energy_2021-10.pdf
Karnataka,2021,10,October,monthly,5355.0,5345.0,10.0,0.2,False,False,psp_energy_2021-10.pdf
Karnataka,2021,10,October,cumulative_fy,40309.0,40297.0,13.0,0.0,False,False,psp_energy_2021-10.pdf
Kerala,2021,10,October,monthly,2201.0,2200.0,1.0,0.1,False,False,psp_energy_2021-10.pdf
Kerala,2021,10,October,cumulative_fy,15029.0,15022.0,7.0,0.0,False,False,psp_energy_2021-10.pdf
Tamil Nadu,2021,10,October,monthly,8874.0,8870.0,5.0,0.1,False,False,psp_energy_2021-10.pdf
Tamil Nadu,2021,10,October,cumulative_fy,66023.0,66015.0,8.0,0.0,False,False,psp_energy_2021-10.pdf
Puducherry,2021,10,October,monthly,249.0,249.0,0.0,0.1,False,False,psp_energy_2021-10.pdf
Puducherry,2021,10,October,cumulative_fy,1780.0,1779.0,0.0,0.0,False,False,psp_energy_2021-10.pdf
Lakshadweep,2021,10,October,monthly,4.0,4.0,0.0,0.0,False,False,psp_energy_2021-10.pdf
Lakshadweep,2021,10,October,cumulative_fy,32.0,32.0,0.0,0.0,False,False,psp_energy_2021-10.pdf
Southern Region,2021,10,October,monthly,28375.0,28337.0,38.0,0.1,True,False,psp_energy_2021-10.pdf
Southern Region,2021,10,October,cumulative_fy,203882.0,203799.0,83.0,0.0,True,False,psp_energy_2021-10.pdf
Bihar,2021,10,October,monthly,3052.0,2968.0,84.0,2.8,False,False,psp_energy_2021-10.pdf
Bihar,2021,10,October,cumulative_fy,23526.0,23228.0,297.0,1.3,False,False,psp_energy_2021-10.pdf
DVC,2021,10,October,monthly,1993.0,1991.0,1.0,0.1,False,False,psp_energy_2021-10.pdf
DVC,2021,10,October,cumulative_fy,13684.0,13682.0,1.0,0.0,False,False,psp_energy_2021-10.pdf
Jharkhand,2021,10,October,monthly,955.0,876.0,79.0,8.3,False,False,psp_energy_2021-10.pdf
Jharkhand,2021,10,October,cumulative_fy,6453.0,6219.0,234.0,3.6,False,False,psp_energy_2021-10.pdf
Odisha,2021,10,October,monthly,3299.0,3296.0,2.0,0.1,False,False,psp_energy_2021-10.pdf
Odisha,2021,10,October,cumulative_fy,22552.0,22549.0,2.0,0.0,False,False,psp_energy_2021-10.pdf
West Bengal,2021,10,October,monthly,4782.0,4777.0,5.0,0.1,False,False,psp_energy_2021-10.pdf
West Bengal,2021,10,October,cumulative_fy,34946.0,34901.0,45.0,0.1,False,False,psp_energy_2021-10.pdf
Sikkim,2021,10,October,monthly,47.0,47.0,0.0,0.1,False,False,psp_energy_2021-10.pdf
Sikkim,2021,10,October,cumulative_fy,322.0,322.0,0.0,0.0,False,False,psp_energy_2021-10.pdf
Andaman & Nicobar,2021,10,October,monthly,26.0,26.0,0.0,0.0,False,False,psp_energy_2021-10.pdf
Andaman & Nicobar,2021,10,October,cumulative_fy,196.0,188.0,8.0,3.9,False,False,psp_energy_2021-10.pdf
Eastern Region,2021,10,October,monthly,14128.0,13956.0,172.0,1.2,True,False,psp_energy_2021-10.pdf
Eastern Region,2021,10,October,cumulative_fy,101482.0,100902.0,580.0,0.6,True,False,psp_energy_2021-10.pdf
Arunachal Pradesh,2021,10,October,monthly,72.0,72.0,0.0,0.3,False,False,psp_energy_2021-10.pdf
Arunachal Pradesh,2021,10,October,cumulative_fy,491.0,490.0,1.0,0.2,False,False,psp_energy_2021-10.pdf
Assam,2021,10,October,monthly,996.0,996.0,0.0,0.0,False,False,psp_energy_2021-10.pdf
Assam,2021,10,October,cumulative_fy,7061.0,7042.0,19.0,0.3,False,False,psp_energy_2021-10.pdf
Manipur,2021,10,October,monthly,82.0,82.0,0.0,0.0,False,False,psp_energy_2021-10.pdf
Manipur,2021,10,October,cumulative_fy,550.0,548.0,1.0,0.2,False,False,psp_energy_2021-10.pdf
Meghalaya,2021,10,October,monthly,179.0,179.0,0.0,0.0,False,False,psp_energy_2021-10.pdf
Meghalaya,2021,10,October,cumulative_fy,1210.0,1197.0,13.0,1.1,False,False,psp_energy_2021-10.pdf
Mizoram,2021,10,October,monthly,57.0,54.0,4.0,6.3,False,False,psp_energy_2021-10.pdf
Mizoram,2021,10,October,cumulative_fy,364.0,356.0,8.0,2.3,False,False,psp_energy_2021-10.pdf
Nagaland,2021,10,October,monthly,75.0,75.0,0.0,0.0,False,False,psp_energy_2021-10.pdf
Nagaland,2021,10,October,cumulative_fy,514.0,514.0,1.0,0.1,False,False,psp_energy_2021-10.pdf
Tripura,2021,10,October,monthly,128.0,128.0,0.0,0.0,False,False,psp_energy_2021-10.pdf
Tripura,2021,10,October,cumulative_fy,973.0,973.0,0.0,0.0,False,False,psp_energy_2021-10.pdf
North-Eastern Region,2021,10,October,monthly,1591.0,1587.0,4.0,0.2,True,False,psp_energy_2021-10.pdf
North-Eastern Region,2021,10,October,cumulative_fy,11164.0,11121.0,44.0,0.4,True,False,psp_energy_2021-10.pdf
All India,2021,10,October,monthly,114028.0,112797.0,1231.0,1.1,False,True,psp_energy_2021-10.pdf
All India,2021,10,October,cumulative_fy,821030.0,817204.0,3825.0,0.5,False,True,psp_energy_2021-10.pdf
Chandigarh,2021,11,November,monthly,89.0,89.0,0.0,0.0,False,False,psp_energy_2021-11.pdf
Chandigarh,2021,11,November,cumulative_fy,1170.0,1170.0,0.0,0.0,False,False,psp_energy_2021-11.pdf
Delhi,2021,11,November,monthly,1821.0,1821.0,0.0,0.0,False,False,psp_energy_2021-11.pdf
Delhi,2021,11,November,cumulative_fy,22636.0,22632.0,4.0,0.0,False,False,psp_energy_2021-11.pdf
Haryana,2021,11,November,monthly,3483.0,3477.0,6.0,0.2,False,False,psp_energy_2021-11.pdf
Haryana,2021,11,November,cumulative_fy,39826.0,39667.0,159.0,0.4,False,False,psp_energy_2021-11.pdf
Himachal Pradesh,2021,11,November,monthly,933.0,929.0,3.0,0.4,False,False,psp_energy_2021-11.pdf
Himachal Pradesh,2021,11,November,cumulative_fy,8011.0,7995.0,16.0,0.2,False,False,psp_energy_2021-11.pdf
UT of J&K and Ladakh,2021,11,November,monthly,1693.0,1590.0,104.0,6.1,False,False,psp_energy_2021-11.pdf
UT of J&K and Ladakh,2021,11,November,cumulative_fy,12770.0,11830.0,940.0,7.4,False,False,psp_energy_2021-11.pdf
Punjab,2021,11,November,monthly,3391.0,3363.0,28.0,0.8,False,False,psp_energy_2021-11.pdf
Punjab,2021,11,November,cumulative_fy,46824.0,46499.0,324.0,0.7,False,False,psp_energy_2021-11.pdf
Rajasthan,2021,11,November,monthly,7182.0,7174.0,8.0,0.1,False,False,psp_energy_2021-11.pdf
Rajasthan,2021,11,November,cumulative_fy,57871.0,57498.0,373.0,0.6,False,False,psp_energy_2021-11.pdf
Uttar Pradesh,2021,11,November,monthly,8257.0,8237.0,20.0,0.2,False,False,psp_energy_2021-11.pdf
Uttar Pradesh,2021,11,November,cumulative_fy,90815.0,89720.0,1095.0,1.2,False,False,psp_energy_2021-11.pdf
Uttarakhand,2021,11,November,monthly,1054.0,1054.0,1.0,0.1,False,False,psp_energy_2021-11.pdf
Uttarakhand,2021,11,November,cumulative_fy,10351.0,10288.0,63.0,0.6,False,False,psp_energy_2021-11.pdf
Northern Region,2021,11,November,monthly,27904.0,27735.0,169.0,0.6,True,False,psp_energy_2021-11.pdf
Northern Region,2021,11,November,cumulative_fy,290274.0,287299.0,2975.0,1.0,True,False,psp_energy_2021-11.pdf
Chhattisgarh,2021,11,November,monthly,2202.0,2202.0,0.0,0.0,False,False,psp_energy_2021-11.pdf
Chhattisgarh,2021,11,November,cumulative_fy,21162.0,21128.0,34.0,0.2,False,False,psp_energy_2021-11.pdf
Gujarat,2021,11,November,monthly,9627.0,9619.0,8.0,0.1,False,False,psp_energy_2021-11.pdf
Gujarat,2021,11,November,cumulative_fy,81404.0,81163.0,241.0,0.3,False,False,psp_energy_2021-11.pdf
Madhya Pradesh,2021,11,November,monthly,8054.0,8054.0,0.0,0.0,False,False,psp_energy_2021-11.pdf
Madhya Pradesh,2021,11,November,cumulative_fy,53376.0,53329.0,46.0,0.1,False,False,psp_energy_2021-11.pdf
Maharashtra,2021,11,November,monthly,14172.0,14172.0,0.0,0.0,False,False,psp_energy_2021-11.pdf
Maharashtra,2021,11,November,cumulative_fy,112214.0,112214.0,0.0,0.0,False,False,psp_energy_2021-11.pdf
Daman & Diu,2021,11,November,monthly,211.0,211.0,0.0,0.0,False,False,psp_energy_2021-11.pdf
Daman & Diu,2021,11,November,cumulative_fy,1711.0,1711.0,0.0,0.0,False,False,psp_energy_2021-11.pdf
Dadra & Nagar Haveli,2021,11,November,monthly,559.0,559.0,0.0,0.0,False,False,psp_energy_2021-11.pdf
Dadra & Nagar Haveli,2021,11,November,cumulative_fy,4508.0,4508.0,0.0,0.0,False,False,psp_energy_2021-11.pdf
Goa,2021,11,November,monthly,387.0,387.0,0.0,0.0,False,False,psp_energy_2021-11.pdf
Goa,2021,11,November,cumulative_fy,2969.0,2969.0,0.0,0.0,False,False,psp_energy_2021-11.pdf
Western Region,2021,11,November,monthly,35213.0,35205.0,8.0,0.0,True,False,psp_energy_2021-11.pdf
Western Region,2021,11,November,cumulative_fy,277344.0,277023.0,321.0,0.1,True,False,psp_energy_2021-11.pdf
Andhra Pradesh,2021,11,November,monthly,4612.0,4611.0,1.0,0.0,False,False,psp_energy_2021-11.pdf
Andhra Pradesh,2021,11,November,cumulative_fy,45250.0,45202.0,48.0,0.1,False,False,psp_energy_2021-11.pdf
Telangana,2021,11,November,monthly,4546.0,4545.0,1.0,0.0,False,False,psp_energy_2021-11.pdf
Telangana,2021,11,November,cumulative_fy,44649.0,44639.0,10.0,0.0,False,False,psp_energy_2021-11.pdf
Karnataka,2021,11,November,monthly,4734.0,4733.0,1.0,0.0,False,False,psp_energy_2021-11.pdf
Karnataka,2021,11,November,cumulative_fy,45044.0,45030.0,14.0,0.0,False,False,psp_energy_2021-11.pdf
Kerala,2021,11,November,monthly,2112.0,2112.0,0.0,0.0,False,False,psp_energy_2021-11.pdf
Kerala,2021,11,November,cumulative_fy,17141.0,17134.0,7.0,0.0,False,False,psp_energy_2021-11.pdf
Tamil Nadu,2021,11,November,monthly,7239.0,7238.0,1.0,0.0,False,False,psp_energy_2021-11.pdf
Tamil Nadu,2021,11,November,cumulative_fy,73262.0,73253.0,9.0,0.0,False,False,psp_energy_2021-11.pdf
Puducherry,2021,11,November,monthly,203.0,203.0,0.0,0.0,False,False,psp_energy_2021-11.pdf
Puducherry,2021,11,November,cumulative_fy,1982.0,1982.0,0.0,0.0,False,False,psp_energy_2021-11.pdf
Lakshadweep,2021,11,November,monthly,4.0,4.0,0.0,0.0,False,False,psp_energy_2021-11.pdf
Lakshadweep,2021,11,November,cumulative_fy,37.0,37.0,0.0,0.0,False,False,psp_energy_2021-11.pdf
Southern Region,2021,11,November,monthly,23446.0,23442.0,5.0,0.0,True,False,psp_energy_2021-11.pdf
Southern Region,2021,11,November,cumulative_fy,227328.0,227241.0,88.0,0.0,True,False,psp_energy_2021-11.pdf
Bihar,2021,11,November,monthly,2218.0,2200.0,17.0,0.8,False,False,psp_energy_2021-11.pdf
Bihar,2021,11,November,cumulative_fy,25743.0,25428.0,315.0,1.2,False,False,psp_energy_2021-11.pdf
DVC,2021,11,November,monthly,1908.0,1907.0,1.0,0.0,False,False,psp_energy_2021-11.pdf
DVC,2021,11,November,cumulative_fy,15592.0,15590.0,2.0,0.0,False,False,psp_energy_2021-11.pdf
Jharkhand,2021,11,November,monthly,863.0,836.0,27.0,3.1,False,False,psp_energy_2021-11.pdf
Jharkhand,2021,11,November,cumulative_fy,7316.0,7055.0,261.0,3.6,False,False,psp_energy_2021-11.pdf
Odisha,2021,11,November,monthly,3066.0,3065.0,1.0,0.0,False,False,psp_energy_2021-11.pdf
Odisha,2021,11,November,cumulative_fy,25618.0,25614.0,3.0,0.0,False,False,psp_energy_2021-11.pdf
West Bengal,2021,11,November,monthly,3535.0,3533.0,2.0,0.1,False,False,psp_energy_2021-11.pdf
West Bengal,2021,11,November,cumulative_fy,38481.0,38434.0,47.0,0.1,False,False,psp_energy_2021-11.pdf
Sikkim,2021,11,November,monthly,51.0,51.0,0.0,0.0,False,False,psp_energy_2021-11.pdf
Sikkim,2021,11,November,cumulative_fy,373.0,373.0,0.0,0.0,False,False,psp_energy_2021-11.pdf
Andaman & Nicobar,2021,11,November,monthly,29.0,29.0,0.0,0.0,False,False,psp_energy_2021-11.pdf
Andaman & Nicobar,2021,11,November,cumulative_fy,225.0,217.0,8.0,3.4,False,False,psp_energy_2021-11.pdf
Eastern Region,2021,11,November,monthly,11641.0,11593.0,48.0,0.4,True,False,psp_energy_2021-11.pdf
Eastern Region,2021,11,November,cumulative_fy,113123.0,112495.0,628.0,0.6,True,False,psp_energy_2021-11.pdf
Arunachal Pradesh,2021,11,November,monthly,68.0,68.0,0.0,0.0,False,False,psp_energy_2021-11.pdf
Arunachal Pradesh,2021,11,November,cumulative_fy,559.0,558.0,1.0,0.2,False,False,psp_energy_2021-11.pdf
Assam,2021,11,November,monthly,762.0,762.0,0.0,0.0,False,False,psp_energy_2021-11.pdf
Assam,2021,11,November,cumulative_fy,7823.0,7804.0,19.0,0.2,False,False,psp_energy_2021-11.pdf
Manipur,2021,11,November,monthly,82.0,82.0,0.0,0.0,False,False,psp_energy_2021-11.pdf
Manipur,2021,11,November,cumulative_fy,631.0,630.0,1.0,0.2,False,False,psp_energy_2021-11.pdf
Meghalaya,2021,11,November,monthly,196.0,196.0,0.0,0.0,False,False,psp_energy_2021-11.pdf
Meghalaya,2021,11,November,cumulative_fy,1406.0,1393.0,13.0,1.0,False,False,psp_energy_2021-11.pdf
Mizoram,2021,11,November,monthly,61.0,58.0,3.0,4.9,False,False,psp_energy_2021-11.pdf
Mizoram,2021,11,November,cumulative_fy,425.0,414.0,11.0,2.7,False,False,psp_energy_2021-11.pdf
Nagaland,2021,11,November,monthly,66.0,66.0,0.0,0.0,False,False,psp_energy_2021-11.pdf
Nagaland,2021,11,November,cumulative_fy,580.0,580.0,1.0,0.1,False,False,psp_energy_2021-11.pdf
Tripura,2021,11,November,monthly,119.0,119.0,0.0,0.0,False,False,psp_energy_2021-11.pdf
Tripura,2021,11,November,cumulative_fy,1092.0,1092.0,0.0,0.0,False,False,psp_energy_2021-11.pdf
North-Eastern Region,2021,11,November,monthly,1353.0,1350.0,3.0,0.2,True,False,psp_energy_2021-11.pdf
North-Eastern Region,2021,11,November,cumulative_fy,12517.0,12471.0,47.0,0.4,True,False,psp_energy_2021-11.pdf
All India,2021,11,November,monthly,99557.0,99324.0,233.0,0.2,False,True,psp_energy_2021-11.pdf
All India,2021,11,November,cumulative_fy,920587.0,916529.0,4058.0,0.4,False,True,psp_energy_2021-11.pdf
Chandigarh,2021,12,December,monthly,106.0,106.0,0.0,0.0,False,False,psp_energy_2021-12.pdf
Chandigarh,2021,12,December,cumulative_fy,1276.0,1276.0,0.0,0.0,False,False,psp_energy_2021-12.pdf
Delhi,2021,12,December,monthly,2091.0,2090.0,0.0,0.0,False,False,psp_energy_2021-12.pdf
Delhi,2021,12,December,cumulative_fy,24727.0,24722.0,5.0,0.0,False,False,psp_energy_2021-12.pdf
Haryana,2021,12,December,monthly,4042.0,4034.0,8.0,0.2,False,False,psp_energy_2021-12.pdf
Haryana,2021,12,December,cumulative_fy,43868.0,43701.0,167.0,0.4,False,False,psp_energy_2021-12.pdf
Himachal Pradesh,2021,12,December,monthly,1054.0,1052.0,2.0,0.2,False,False,psp_energy_2021-12.pdf
Himachal Pradesh,2021,12,December,cumulative_fy,9065.0,9047.0,18.0,0.2,False,False,psp_energy_2021-12.pdf
UT of J&K and Ladakh,2021,12,December,monthly,1785.0,1620.0,166.0,9.3,False,False,psp_energy_2021-12.pdf
UT of J&K and Ladakh,2021,12,December,cumulative_fy,14555.0,13450.0,1105.0,7.6,False,False,psp_energy_2021-12.pdf
Punjab,2021,12,December,monthly,4129.0,4093.0,36.0,0.9,False,False,psp_energy_2021-12.pdf
Punjab,2021,12,December,cumulative_fy,50953.0,50592.0,360.0,0.7,False,False,psp_energy_2021-12.pdf
Rajasthan,2021,12,December,monthly,8229.0,8211.0,18.0,0.2,False,False,psp_energy_2021-12.pdf
Rajasthan,2021,12,December,cumulative_fy,66100.0,65709.0,391.0,0.6,False,False,psp_energy_2021-12.pdf
Uttar Pradesh,2021,12,December,monthly,9403.0,9403.0,0.0,0.0,False,False,psp_energy_2021-12.pdf
Uttar Pradesh,2021,12,December,cumulative_fy,100218.0,99123.0,1095.0,1.1,False,False,psp_energy_2021-12.pdf
Uttarakhand,2021,12,December,monthly,1284.0,1284.0,1.0,0.0,False,False,psp_energy_2021-12.pdf
Uttarakhand,2021,12,December,cumulative_fy,11635.0,11572.0,63.0,0.5,False,False,psp_energy_2021-12.pdf
Northern Region,2021,12,December,monthly,32123.0,31893.0,230.0,0.7,True,False,psp_energy_2021-12.pdf
Northern Region,2021,12,December,cumulative_fy,322397.0,319193.0,3205.0,1.0,True,False,psp_energy_2021-12.pdf
Chhattisgarh,2021,12,December,monthly,2371.0,2370.0,0.0,0.0,False,False,psp_energy_2021-12.pdf
Chhattisgarh,2021,12,December,cumulative_fy,23533.0,23499.0,34.0,0.1,False,False,psp_energy_2021-12.pdf
Gujarat,2021,12,December,monthly,10467.0,10451.0,16.0,0.2,False,False,psp_energy_2021-12.pdf
Gujarat,2021,12,December,cumulative_fy,91871.0,91614.0,257.0,0.3,False,False,psp_energy_2021-12.pdf
Madhya Pradesh,2021,12,December,monthly,8949.0,8949.0,0.0,0.0,False,False,psp_energy_2021-12.pdf
Madhya Pradesh,2021,12,December,cumulative_fy,62324.0,62278.0,46.0,0.1,False,False,psp_energy_2021-12.pdf
Maharashtra,2021,12,December,monthly,14148.0,14148.0,0.0,0.0,False,False,psp_energy_2021-12.pdf
Maharashtra,2021,12,December,cumulative_fy,126362.0,126362.0,0.0,0.0,False,False,psp_energy_2021-12.pdf
Daman & Diu,2021,12,December,monthly,220.0,220.0,0.0,0.0,False,False,psp_energy_2021-12.pdf
Daman & Diu,2021,12,December,cumulative_fy,1931.0,1931.0,0.0,0.0,False,False,psp_energy_2021-12.pdf
Dadra & Nagar Haveli,2021,12,December,monthly,592.0,592.0,0.0,0.0,False,False,psp_energy_2021-12.pdf
Dadra & Nagar Haveli,2021,12,December,cumulative_fy,5101.0,5101.0,0.0,0.0,False,False,psp_energy_2021-12.pdf
Goa,2021,12,December,monthly,369.0,369.0,0.0,0.0,False,False,psp_energy_2021-12.pdf
Goa,2021,12,December,cumulative_fy,3339.0,3338.0,0.0,0.0,False,False,psp_energy_2021-12.pdf
Western Region,2021,12,December,monthly,37116.0,37100.0,16.0,0.0,True,False,psp_energy_2021-12.pdf
Western Region,2021,12,December,cumulative_fy,314460.0,314123.0,337.0,0.1,True,False,psp_energy_2021-12.pdf
Andhra Pradesh,2021,12,December,monthly,5088.0,5088.0,0.0,0.0,False,False,psp_energy_2021-12.pdf
Andhra Pradesh,2021,12,December,cumulative_fy,50338.0,50290.0,48.0,0.1,False,False,psp_energy_2021-12.pdf
Telangana,2021,12,December,monthly,5457.0,5457.0,0.0,0.0,False,False,psp_energy_2021-12.pdf
Telangana,2021,12,December,cumulative_fy,50106.0,50096.0,10.0,0.0,False,False,psp_energy_2021-12.pdf
Karnataka,2021,12,December,monthly,5426.0,5426.0,0.0,0.0,False,False,psp_energy_2021-12.pdf
Karnataka,2021,12,December,cumulative_fy,50470.0,50456.0,14.0,0.0,False,False,psp_energy_2021-12.pdf
Kerala,2021,12,December,monthly,2279.0,2279.0,0.0,0.0,False,False,psp_energy_2021-12.pdf
Kerala,2021,12,December,cumulative_fy,19420.0,19413.0,7.0,0.0,False,False,psp_energy_2021-12.pdf
Tamil Nadu,2021,12,December,monthly,8447.0,8447.0,0.0,0.0,False,False,psp_energy_2021-12.pdf
Tamil Nadu,2021,12,December,cumulative_fy,81708.0,81699.0,9.0,0.0,False,False,psp_energy_2021-12.pdf
Puducherry,2021,12,December,monthly,217.0,217.0,0.0,0.0,False,False,psp_energy_2021-12.pdf
Puducherry,2021,12,December,cumulative_fy,2200.0,2199.0,0.0,0.0,False,False,psp_energy_2021-12.pdf
Lakshadweep,2021,12,December,monthly,5.0,5.0,0.0,0.0,False,False,psp_energy_2021-12.pdf
Lakshadweep,2021,12,December,cumulative_fy,41.0,41.0,0.0,0.0,False,False,psp_energy_2021-12.pdf
Southern Region,2021,12,December,monthly,26914.0,26914.0,0.0,0.0,True,False,psp_energy_2021-12.pdf
Southern Region,2021,12,December,cumulative_fy,254242.0,254155.0,88.0,0.0,True,False,psp_energy_2021-12.pdf
Bihar,2021,12,December,monthly,2386.0,2351.0,35.0,1.5,False,False,psp_energy_2021-12.pdf
Bihar,2021,12,December,cumulative_fy,28129.0,27779.0,350.0,1.2,False,False,psp_energy_2021-12.pdf
DVC,2021,12,December,monthly,1982.0,1982.0,1.0,0.0,False,False,psp_energy_2021-12.pdf
DVC,2021,12,December,cumulative_fy,17574.0,17571.0,3.0,0.0,False,False,psp_energy_2021-12.pdf
Jharkhand,2021,12,December,monthly,952.0,874.0,78.0,8.2,False,False,psp_energy_2021-12.pdf
Jharkhand,2021,12,December,cumulative_fy,8268.0,7929.0,339.0,4.1,False,False,psp_energy_2021-12.pdf
Odisha,2021,12,December,monthly,3034.0,3033.0,1.0,0.0,False,False,psp_energy_2021-12.pdf
Odisha,2021,12,December,cumulative_fy,28652.0,28647.0,4.0,0.0,False,False,psp_energy_2021-12.pdf
West Bengal,2021,12,December,monthly,3546.0,3543.0,3.0,0.1,False,False,psp_energy_2021-12.pdf
West Bengal,2021,12,December,cumulative_fy,42027.0,41977.0,50.0,0.1,False,False,psp_energy_2021-12.pdf
Sikkim,2021,12,December,monthly,61.0,61.0,0.0,0.0,False,False,psp_energy_2021-12.pdf
Sikkim,2021,12,December,cumulative_fy,434.0,434.0,0.0,0.0,False,False,psp_energy_2021-12.pdf
Andaman & Nicobar,2021,12,December,monthly,27.0,27.0,0.0,0.0,False,False,psp_energy_2021-12.pdf
Andaman & Nicobar,2021,12,December,cumulative_fy,252.0,244.0,8.0,3.0,False,False,psp_energy_2021-12.pdf
Eastern Region,2021,12,December,monthly,11961.0,11843.0,118.0,1.0,True,False,psp_energy_2021-12.pdf
Eastern Region,2021,12,December,cumulative_fy,125084.0,124338.0,747.0,0.6,True,False,psp_energy_2021-12.pdf
Arunachal Pradesh,2021,12,December,monthly,76.0,76.0,0.0,0.0,False,False,psp_energy_2021-12.pdf
Arunachal Pradesh,2021,12,December,cumulative_fy,635.0,635.0,1.0,0.1,False,False,psp_energy_2021-12.pdf
Assam,2021,12,December,monthly,760.0,760.0,0.0,0.0,False,False,psp_energy_2021-12.pdf
Assam,2021,12,December,cumulative_fy,8583.0,8564.0,19.0,0.2,False,False,psp_energy_2021-12.pdf
Manipur,2021,12,December,monthly,101.0,101.0,0.0,0.0,False,False,psp_energy_2021-12.pdf
Manipur,2021,12,December,cumulative_fy,733.0,731.0,1.0,0.2,False,False,psp_energy_2021-12.pdf
Meghalaya,2021,12,December,monthly,223.0,223.0,0.0,0.0,False,False,psp_energy_2021-12.pdf
Meghalaya,2021,12,December,cumulative_fy,1630.0,1616.0,13.0,0.8,False,False,psp_energy_2021-12.pdf
Mizoram,2021,12,December,monthly,59.0,59.0,0.0,0.4,False,False,psp_energy_2021-12.pdf
Mizoram,2021,12,December,cumulative_fy,484.0,472.0,12.0,2.4,False,False,psp_energy_2021-12.pdf
Nagaland,2021,12,December,monthly,70.0,70.0,0.0,0.0,False,False,psp_energy_2021-12.pdf
Nagaland,2021,12,December,cumulative_fy,650.0,650.0,1.0,0.1,False,False,psp_energy_2021-12.pdf
Tripura,2021,12,December,monthly,138.0,138.0,0.0,0.0,False,False,psp_energy_2021-12.pdf
Tripura,2021,12,December,cumulative_fy,1230.0,1229.0,0.0,0.0,False,False,psp_energy_2021-12.pdf
North-Eastern Region,2021,12,December,monthly,1427.0,1427.0,0.0,0.0,True,False,psp_energy_2021-12.pdf
North-Eastern Region,2021,12,December,cumulative_fy,13945.0,13898.0,47.0,0.3,True,False,psp_energy_2021-12.pdf
All India,2021,12,December,monthly,109541.0,109177.0,365.0,0.3,False,True,psp_energy_2021-12.pdf
All India,2021,12,December,cumulative_fy,1030128.0,1025706.0,4423.0,0.4,False,True,psp_energy_2021-12.pdf
Chandigarh,2022,1,January,monthly,125.0,125.0,0.0,0.0,False,False,psp_energy_2022-01.pdf
Chandigarh,2022,1,January,cumulative_fy,1401.0,1401.0,0.0,0.0,False,False,psp_energy_2022-01.pdf
Delhi,2022,1,January,monthly,2267.0,2266.0,1.0,0.0,False,False,psp_energy_2022-01.pdf
Delhi,2022,1,January,cumulative_fy,26994.0,26989.0,5.0,0.0,False,False,psp_energy_2022-01.pdf
Haryana,2022,1,January,monthly,3730.0,3725.0,5.0,0.1,False,False,psp_energy_2022-01.pdf
Haryana,2022,1,January,cumulative_fy,47598.0,47426.0,172.0,0.4,False,False,psp_energy_2022-01.pdf
Himachal Pradesh,2022,1,January,monthly,1071.0,1070.0,1.0,0.1,False,False,psp_energy_2022-01.pdf
Himachal Pradesh,2022,1,January,cumulative_fy,10136.0,10117.0,19.0,0.2,False,False,psp_energy_2022-01.pdf
UT of J&K and Ladakh,2022,1,January,monthly,1876.0,1732.0,144.0,7.7,False,False,psp_energy_2022-01.pdf
UT of J&K and Ladakh,2022,1,January,cumulative_fy,16431.0,15182.0,1249.0,7.6,False,False,psp_energy_2022-01.pdf
Punjab,2022,1,January,monthly,3840.0,3799.0,41.0,1.1,False,False,psp_energy_2022-01.pdf
Punjab,2022,1,January,cumulative_fy,54792.0,54391.0,401.0,0.7,False,False,psp_energy_2022-01.pdf
Rajasthan,2022,1,January,monthly,7752.0,7743.0,10.0,0.1,False,False,psp_energy_2022-01.pdf
Rajasthan,2022,1,January,cumulative_fy,73852.0,73452.0,400.0,0.5,False,False,psp_energy_2022-01.pdf
Uttar Pradesh,2022,1,January,monthly,9716.0,9716.0,0.0,0.0,False,False,psp_energy_2022-01.pdf
Uttar Pradesh,2022,1,January,cumulative_fy,109934.0,108839.0,1095.0,1.0,False,False,psp_energy_2022-01.pdf
Uttarakhand,2022,1,January,monthly,1392.0,1389.0,2.0,0.2,False,False,psp_energy_2022-01.pdf
Uttarakhand,2022,1,January,cumulative_fy,13027.0,12961.0,66.0,0.5,False,False,psp_energy_2022-01.pdf
Northern Region,2022,1,January,monthly,31769.0,31565.0,204.0,0.6,True,False,psp_energy_2022-01.pdf
Northern Region,2022,1,January,cumulative_fy,354166.0,350757.0,3409.0,1.0,True,False,psp_energy_2022-01.pdf
Chhattisgarh,2022,1,January,monthly,2446.0,2445.0,0.0,0.0,False,False,psp_energy_2022-01.pdf
Chhattisgarh,2022,1,January,cumulative_fy,25978.0,25944.0,34.0,0.1,False,False,psp_energy_2022-01.pdf
Gujarat,2022,1,January,monthly,10480.0,10451.0,29.0,0.3,False,False,psp_energy_2022-01.pdf
Gujarat,2022,1,January,cumulative_fy,102350.0,102064.0,286.0,0.3,False,False,psp_energy_2022-01.pdf
Madhya Pradesh,2022,1,January,monthly,7761.0,7761.0,0.0,0.0,False,False,psp_energy_2022-01.pdf
Madhya Pradesh,2022,1,January,cumulative_fy,70085.0,70039.0,46.0,0.1,False,False,psp_energy_2022-01.pdf
Maharashtra,2022,1,January,monthly,14616.0,14616.0,0.0,0.0,False,False,psp_energy_2022-01.pdf
Maharashtra,2022,1,January,cumulative_fy,140978.0,140978.0,0.0,0.0,False,False,psp_energy_2022-01.pdf
Daman & Diu,2022,1,January,monthly,219.0,219.0,0.0,0.0,False,False,psp_energy_2022-01.pdf
Daman & Diu,2022,1,January,cumulative_fy,2150.0,2150.0,0.0,0.0,False,False,psp_energy_2022-01.pdf
Dadra & Nagar Haveli,2022,1,January,monthly,588.0,588.0,0.0,0.0,False,False,psp_energy_2022-01.pdf
Dadra & Nagar Haveli,2022,1,January,cumulative_fy,5689.0,5689.0,0.0,0.0,False,False,psp_energy_2022-01.pdf
Goa,2022,1,January,monthly,359.0,359.0,0.0,0.0,False,False,psp_energy_2022-01.pdf
Goa,2022,1,January,cumulative_fy,3697.0,3697.0,0.0,0.0,False,False,psp_energy_2022-01.pdf
Western Region,2022,1,January,monthly,36468.0,36439.0,29.0,0.1,True,False,psp_energy_2022-01.pdf
Western Region,2022,1,January,cumulative_fy,350928.0,350561.0,366.0,0.1,True,False,psp_energy_2022-01.pdf
Andhra Pradesh,2022,1,January,monthly,5547.0,5543.0,5.0,0.1,False,False,psp_energy_2022-01.pdf
Andhra Pradesh,2022,1,January,cumulative_fy,55886.0,55833.0,53.0,0.1,False,False,psp_energy_2022-01.pdf
Telangana,2022,1,January,monthly,6098.0,6098.0,0.0,0.0,False,False,psp_energy_2022-01.pdf
Telangana,2022,1,January,cumulative_fy,56204.0,56194.0,10.0,0.0,False,False,psp_energy_2022-01.pdf
Karnataka,2022,1,January,monthly,6869.0,6869.0,0.0,0.0,False,False,psp_energy_2022-01.pdf
Karnataka,2022,1,January,cumulative_fy,57339.0,57325.0,14.0,0.0,False,False,psp_energy_2022-01.pdf
Kerala,2022,1,January,monthly,2316.0,2316.0,0.0,0.0,False,False,psp_energy_2022-01.pdf
Kerala,2022,1,January,cumulative_fy,21736.0,21729.0,7.0,0.0,False,False,psp_energy_2022-01.pdf
Tamil Nadu,2022,1,January,monthly,8709.0,8709.0,0.0,0.0,False,False,psp_energy_2022-01.pdf
Tamil Nadu,2022,1,January,cumulative_fy,90418.0,90409.0,9.0,0.0,False,False,psp_energy_2022-01.pdf
Puducherry,2022,1,January,monthly,221.0,221.0,0.0,0.0,False,False,psp_energy_2022-01.pdf
Puducherry,2022,1,January,cumulative_fy,2421.0,2421.0,0.0,0.0,False,False,psp_energy_2022-01.pdf
Lakshadweep,2022,1,January,monthly,5.0,5.0,0.0,0.0,False,False,psp_energy_2022-01.pdf
Lakshadweep,2022,1,January,cumulative_fy,46.0,46.0,0.0,0.0,False,False,psp_energy_2022-01.pdf
Southern Region,2022,1,January,monthly,29761.0,29756.0,5.0,0.0,True,False,psp_energy_2022-01.pdf
Southern Region,2022,1,January,cumulative_fy,284003.0,283911.0,92.0,0.0,True,False,psp_energy_2022-01.pdf
Bihar,2022,1,January,monthly,2661.0,2636.0,25.0,0.9,False,False,psp_energy_2022-01.pdf
Bihar,2022,1,January,cumulative_fy,30790.0,30415.0,375.0,1.2,False,False,psp_energy_2022-01.pdf
DVC,2022,1,January,monthly,2058.0,2058.0,0.0,0.0,False,False,psp_energy_2022-01.pdf
DVC,2022,1,January,cumulative_fy,19632.0,19629.0,3.0,0.0,False,False,psp_energy_2022-01.pdf
Jharkhand,2022,1,January,monthly,990.0,928.0,62.0,6.3,False,False,psp_energy_2022-01.pdf
Jharkhand,2022,1,January,cumulative_fy,9258.0,8857.0,401.0,4.3,False,False,psp_energy_2022-01.pdf
Odisha,2022,1,January,monthly,3291.0,3291.0,0.0,0.0,False,False,psp_energy_2022-01.pdf
Odisha,2022,1,January,cumulative_fy,31942.0,31938.0,4.0,0.0,False,False,psp_energy_2022-01.pdf
West Bengal,2022,1,January,monthly,3637.0,3636.0,1.0,0.0,False,False,psp_energy_2022-01.pdf
West Bengal,2022,1,January,cumulative_fy,45664.0,45614.0,51.0,0.1,False,False,psp_energy_2022-01.pdf
Sikkim,2022,1,January,monthly,63.0,63.0,0.0,0.0,False,False,psp_energy_2022-01.pdf
Sikkim,2022,1,January,cumulative_fy,498.0,498.0,0.0,0.0,False,False,psp_energy_2022-01.pdf
Andaman & Nicobar,2022,1,January,monthly,28.0,28.0,0.0,0.0,False,False,psp_energy_2022-01.pdf
Andaman & Nicobar,2022,1,January,cumulative_fy,280.0,272.0,8.0,2.7,False,False,psp_energy_2022-01.pdf
Eastern Region,2022,1,January,monthly,12700.0,12612.0,88.0,0.7,True,False,psp_energy_2022-01.pdf
Eastern Region,2022,1,January,cumulative_fy,137785.0,136950.0,835.0,0.6,True,False,psp_energy_2022-01.pdf
Arunachal Pradesh,2022,1,January,monthly,86.0,86.0,0.0,0.0,False,False,psp_energy_2022-01.pdf
Arunachal Pradesh,2022,1,January,cumulative_fy,721.0,721.0,1.0,0.1,False,False,psp_energy_2022-01.pdf
Assam,2022,1,January,monthly,761.0,761.0,0.0,0.0,False,False,psp_energy_2022-01.pdf
Assam,2022,1,January,cumulative_fy,9343.0,9325.0,19.0,0.2,False,False,psp_energy_2022-01.pdf
Manipur,2022,1,January,monthly,109.0,109.0,0.0,0.0,False,False,psp_energy_2022-01.pdf
Manipur,2022,1,January,cumulative_fy,842.0,840.0,1.0,0.2,False,False,psp_energy_2022-01.pdf
Meghalaya,2022,1,January,monthly,225.0,225.0,0.0,0.0,False,False,psp_energy_2022-01.pdf
Meghalaya,2022,1,January,cumulative_fy,1855.0,1841.0,13.0,0.7,False,False,psp_energy_2022-01.pdf
Mizoram,2022,1,January,monthly,60.0,60.0,0.0,0.0,False,False,psp_energy_2022-01.pdf
Mizoram,2022,1,January,cumulative_fy,544.0,533.0,12.0,2.1,False,False,psp_energy_2022-01.pdf
Nagaland,2022,1,January,monthly,68.0,68.0,0.0,0.0,False,False,psp_energy_2022-01.pdf
Nagaland,2022,1,January,cumulative_fy,719.0,718.0,1.0,0.1,False,False,psp_energy_2022-01.pdf
Tripura,2022,1,January,monthly,128.0,128.0,0.0,0.0,False,False,psp_energy_2022-01.pdf
Tripura,2022,1,January,cumulative_fy,1357.0,1357.0,0.0,0.0,False,False,psp_energy_2022-01.pdf
North-Eastern Region,2022,1,January,monthly,1437.0,1437.0,0.0,0.0,True,False,psp_energy_2022-01.pdf
North-Eastern Region,2022,1,January,cumulative_fy,15381.0,15334.0,47.0,0.3,True,False,psp_energy_2022-01.pdf
All India,2022,1,January,monthly,112134.0,111808.0,326.0,0.3,False,True,psp_energy_2022-01.pdf
All India,2022,1,January,cumulative_fy,1142263.0,1137514.0,4749.0,0.4,False,True,psp_energy_2022-01.pdf
Chandigarh,2022,2,February,monthly,97.0,97.0,0.0,0.0,False,False,psp_energy_2022-02.pdf
Chandigarh,2022,2,February,cumulative_fy,1498.0,1498.0,0.0,0.0,False,False,psp_energy_2022-02.pdf
Delhi,2022,2,February,monthly,1873.0,1873.0,0.0,0.0,False,False,psp_energy_2022-02.pdf
Delhi,2022,2,February,cumulative_fy,28867.0,28861.0,6.0,0.0,False,False,psp_energy_2022-02.pdf
Haryana,2022,2,February,monthly,3563.0,3545.0,18.0,0.5,False,False,psp_energy_2022-02.pdf
Haryana,2022,2,February,cumulative_fy,51161.0,50971.0,190.0,0.4,False,False,psp_energy_2022-02.pdf
Himachal Pradesh,2022,2,February,monthly,969.0,967.0,3.0,0.3,False,False,psp_energy_2022-02.pdf
Himachal Pradesh,2022,2,February,cumulative_fy,11105.0,11083.0,22.0,0.2,False,False,psp_energy_2022-02.pdf
UT of J&K and Ladakh,2022,2,February,monthly,1756.0,1626.0,130.0,7.4,False,False,psp_energy_2022-02.pdf
UT of J&K and Ladakh,2022,2,February,cumulative_fy,18187.0,16808.0,1379.0,7.6,False,False,psp_energy_2022-02.pdf
Punjab,2022,2,February,monthly,3457.0,3454.0,3.0,0.1,False,False,psp_energy_2022-02.pdf
Punjab,2022,2,February,cumulative_fy,58250.0,57846.0,404.0,0.7,False,False,psp_energy_2022-02.pdf
Rajasthan,2022,2,February,monthly,7774.0,7759.0,16.0,0.2,False,False,psp_energy_2022-02.pdf
Rajasthan,2022,2,February,cumulative_fy,81627.0,81211.0,416.0,0.5,False,False,psp_energy_2022-02.pdf
Uttar Pradesh,2022,2,February,monthly,8584.0,8584.0,0.0,0.0,False,False,psp_energy_2022-02.pdf
Uttar Pradesh,2022,2,February,cumulative_fy,118518.0,117423.0,1095.0,0.9,False,False,psp_energy_2022-02.pdf
Uttarakhand,2022,2,February,monthly,1187.0,1187.0,0.0,0.0,False,False,psp_energy_2022-02.pdf
Uttarakhand,2022,2,February,cumulative_fy,14214.0,14148.0,66.0,0.5,False,False,psp_energy_2022-02.pdf
Northern Region,2022,2,February,monthly,29261.0,29091.0,169.0,0.6,True,False,psp_energy_2022-02.pdf
Northern Region,2022,2,February,cumulative_fy,383427.0,379849.0,3578.0,0.9,True,False,psp_energy_2022-02.pdf
Chhattisgarh,2022,2,February,monthly,2580.0,2580.0,0.0,0.0,False,False,psp_energy_2022-02.pdf
Chhattisgarh,2022,2,February,cumulative_fy,28558.0,28524.0,34.0,0.1,False,False,psp_energy_2022-02.pdf
Gujarat,2022,2,February,monthly,9757.0,9757.0,0.0,0.0,False,False,psp_energy_2022-02.pdf
Gujarat,2022,2,February,cumulative_fy,112107.0,111821.0,286.0,0.3,False,False,psp_energy_2022-02.pdf
Madhya Pradesh,2022,2,February,monthly,8386.0,8386.0,0.0,0.0,False,False,psp_energy_2022-02.pdf
Madhya Pradesh,2022,2,February,cumulative_fy,78471.0,78424.0,46.0,0.1,False,False,psp_energy_2022-02.pdf
Maharashtra,2022,2,February,monthly,14385.0,14377.0,9.0,0.1,False,False,psp_energy_2022-02.pdf
Maharashtra,2022,2,February,cumulative_fy,155364.0,155355.0,9.0,0.0,False,False,psp_energy_2022-02.pdf
Daman & Diu,2022,2,February,monthly,212.0,212.0,0.0,0.0,False,False,psp_energy_2022-02.pdf
Daman & Diu,2022,2,February,cumulative_fy,2362.0,2362.0,0.0,0.0,False,False,psp_energy_2022-02.pdf
Dadra & Nagar Haveli,2022,2,February,monthly,553.0,553.0,0.0,0.0,False,False,psp_energy_2022-02.pdf
Dadra & Nagar Haveli,2022,2,February,cumulative_fy,6242.0,6242.0,0.0,0.0,False,False,psp_energy_2022-02.pdf
Goa,2022,2,February,monthly,333.0,333.0,0.0,0.0,False,False,psp_energy_2022-02.pdf
Goa,2022,2,February,cumulative_fy,4030.0,4030.0,0.0,0.0,False,False,psp_energy_2022-02.pdf
Western Region,2022,2,February,monthly,36206.0,36197.0,9.0,0.0,True,False,psp_energy_2022-02.pdf
Western Region,2022,2,February,cumulative_fy,387133.0,386758.0,375.0,0.1,True,False,psp_energy_2022-02.pdf
Andhra Pradesh,2022,2,February,monthly,5630.0,5559.0,71.0,1.3,False,False,psp_energy_2022-02.pdf
Andhra Pradesh,2022,2,February,cumulative_fy,61516.0,61392.0,124.0,0.2,False,False,psp_energy_2022-02.pdf
Telangana,2022,2,February,monthly,6258.0,6257.0,0.0,0.0,False,False,psp_energy_2022-02.pdf
Telangana,2022,2,February,cumulative_fy,62462.0,62452.0,10.0,0.0,False,False,psp_energy_2022-02.pdf
Karnataka,2022,2,February,monthly,6940.0,6940.0,0.0,0.0,False,False,psp_energy_2022-02.pdf
Karnataka,2022,2,February,cumulative_fy,64279.0,64266.0,14.0,0.0,False,False,psp_energy_2022-02.pdf
Kerala,2022,2,February,monthly,2222.0,2222.0,0.0,0.0,False,False,psp_energy_2022-02.pdf
Kerala,2022,2,February,cumulative_fy,23959.0,23951.0,7.0,0.0,False,False,psp_energy_2022-02.pdf
Tamil Nadu,2022,2,February,monthly,8865.0,8864.0,0.0,0.0,False,False,psp_energy_2022-02.pdf
Tamil Nadu,2022,2,February,cumulative_fy,99282.0,99273.0,9.0,0.0,False,False,psp_energy_2022-02.pdf
Puducherry,2022,2,February,monthly,213.0,213.0,0.0,0.0,False,False,psp_energy_2022-02.pdf
Puducherry,2022,2,February,cumulative_fy,2634.0,2633.0,0.0,0.0,False,False,psp_energy_2022-02.pdf
Lakshadweep,2022,2,February,monthly,4.0,4.0,0.0,0.0,False,False,psp_energy_2022-02.pdf
Lakshadweep,2022,2,February,cumulative_fy,50.0,50.0,0.0,0.0,False,False,psp_energy_2022-02.pdf
Southern Region,2022,2,February,monthly,30128.0,30056.0,72.0,0.2,True,False,psp_energy_2022-02.pdf
Southern Region,2022,2,February,cumulative_fy,314131.0,313967.0,164.0,0.1,True,False,psp_energy_2022-02.pdf
Bihar,2022,2,February,monthly,2312.0,2286.0,26.0,1.1,False,False,psp_energy_2022-02.pdf
Bihar,2022,2,February,cumulative_fy,33102.0,32701.0,401.0,1.2,False,False,psp_energy_2022-02.pdf
DVC,2022,2,February,monthly,1880.0,1880.0,0.0,0.0,False,False,psp_energy_2022-02.pdf
DVC,2022,2,February,cumulative_fy,21512.0,21509.0,3.0,0.0,False,False,psp_energy_2022-02.pdf
Jharkhand,2022,2,February,monthly,845.0,792.0,52.0,6.2,False,False,psp_energy_2022-02.pdf
Jharkhand,2022,2,February,cumulative_fy,10103.0,9649.0,454.0,4.5,False,False,psp_energy_2022-02.pdf
Odisha,2022,2,February,monthly,2961.0,2961.0,0.0,0.0,False,False,psp_energy_2022-02.pdf
Odisha,2022,2,February,cumulative_fy,34903.0,34899.0,4.0,0.0,False,False,psp_energy_2022-02.pdf
West Bengal,2022,2,February,monthly,3434.0,3432.0,2.0,0.0,False,False,psp_energy_2022-02.pdf
West Bengal,2022,2,February,cumulative_fy,49098.0,49046.0,52.0,0.1,False,False,psp_energy_2022-02.pdf
Sikkim,2022,2,February,monthly,59.0,59.0,0.0,0.0,False,False,psp_energy_2022-02.pdf
Sikkim,2022,2,February,cumulative_fy,557.0,557.0,0.0,0.0,False,False,psp_energy_2022-02.pdf
Andaman & Nicobar,2022,2,February,monthly,24.0,24.0,0.0,0.0,False,False,psp_energy_2022-02.pdf
Andaman & Nicobar,2022,2,February,cumulative_fy,304.0,297.0,8.0,2.5,False,False,psp_energy_2022-02.pdf
Eastern Region,2022,2,February,monthly,11490.0,11410.0,80.0,0.7,True,False,psp_energy_2022-02.pdf
Eastern Region,2022,2,February,cumulative_fy,149275.0,148360.0,915.0,0.6,True,False,psp_energy_2022-02.pdf
Arunachal Pradesh,2022,2,February,monthly,78.0,78.0,0.0,0.0,False,False,psp_energy_2022-02.pdf
Arunachal Pradesh,2022,2,February,cumulative_fy,799.0,799.0,1.0,0.1,False,False,psp_energy_2022-02.pdf
Assam,2022,2,February,monthly,692.0,692.0,0.0,0.0,False,False,psp_energy_2022-02.pdf
Assam,2022,2,February,cumulative_fy,10035.0,10017.0,19.0,0.2,False,False,psp_energy_2022-02.pdf
Manipur,2022,2,February,monthly,94.0,94.0,0.0,0.0,False,False,psp_energy_2022-02.pdf
Manipur,2022,2,February,cumulative_fy,936.0,935.0,1.0,0.1,False,False,psp_energy_2022-02.pdf
Meghalaya,2022,2,February,monthly,202.0,202.0,0.0,0.0,False,False,psp_energy_2022-02.pdf
Meghalaya,2022,2,February,cumulative_fy,2056.0,2043.0,13.0,0.7,False,False,psp_energy_2022-02.pdf
Mizoram,2022,2,February,monthly,52.0,52.0,0.0,0.0,False,False,psp_energy_2022-02.pdf
Mizoram,2022,2,February,cumulative_fy,596.0,584.0,12.0,2.0,False,False,psp_energy_2022-02.pdf
Nagaland,2022,2,February,monthly,64.0,64.0,0.0,0.0,False,False,psp_energy_2022-02.pdf
Nagaland,2022,2,February,cumulative_fy,782.0,781.0,1.0,0.1,False,False,psp_energy_2022-02.pdf
Tripura,2022,2,February,monthly,97.0,97.0,0.0,0.0,False,False,psp_energy_2022-02.pdf
Tripura,2022,2,February,cumulative_fy,1454.0,1454.0,0.0,0.0,False,False,psp_energy_2022-02.pdf
North-Eastern Region,2022,2,February,monthly,1278.0,1278.0,0.0,0.0,True,False,psp_energy_2022-02.pdf
North-Eastern Region,2022,2,February,cumulative_fy,16659.0,16612.0,47.0,0.3,True,False,psp_energy_2022-02.pdf
All India,2022,2,February,monthly,108362.0,108032.0,330.0,0.3,False,True,psp_energy_2022-02.pdf
All India,2022,2,February,cumulative_fy,1250625.0,1245546.0,5078.0,0.4,False,True,psp_energy_2022-02.pdf
Chandigarh,2022,3,March,monthly,108.0,108.0,0.0,0.0,False,False,psp_energy_2022-03.pdf
Chandigarh,2022,3,March,cumulative_fy,1606.0,1606.0,0.0,0.0,False,False,psp_energy_2022-03.pdf
Delhi,2022,3,March,monthly,2260.0,2260.0,0.0,0.0,False,False,psp_energy_2022-03.pdf
Delhi,2022,3,March,cumulative_fy,31128.0,31122.0,6.0,0.0,False,False,psp_energy_2022-03.pdf
Haryana,2022,3,March,monthly,4338.0,4238.0,100.0,2.3,False,False,psp_energy_2022-03.pdf
Haryana,2022,3,March,cumulative_fy,55499.0,55209.0,290.0,0.5,False,False,psp_energy_2022-03.pdf
Himachal Pradesh,2022,3,March,monthly,1010.0,1005.0,5.0,0.5,False,False,psp_energy_2022-03.pdf
Himachal Pradesh,2022,3,March,cumulative_fy,12115.0,12088.0,27.0,0.2,False,False,psp_energy_2022-03.pdf
UT of J&K and Ladakh,2022,3,March,monthly,1770.0,1626.0,144.0,8.1,False,False,psp_energy_2022-03.pdf
UT of J&K and Ladakh,2022,3,March,cumulative_fy,19957.0,18434.0,1524.0,7.6,False,False,psp_energy_2022-03.pdf
Punjab,2022,3,March,monthly,4597.0,4565.0,31.0,0.7,False,False,psp_energy_2022-03.pdf
Punjab,2022,3,March,cumulative_fy,62846.0,62411.0,436.0,0.7,False,False,psp_energy_2022-03.pdf
Rajasthan,2022,3,March,monthly,8187.0,8099.0,88.0,1.1,False,False,psp_energy_2022-03.pdf
Rajasthan,2022,3,March,cumulative_fy,89814.0,89310.0,504.0,0.6,False,False,psp_energy_2022-03.pdf
Uttar Pradesh,2022,3,March,monthly,10930.0,10887.0,43.0,0.4,False,False,psp_energy_2022-03.pdf
Uttar Pradesh,2022,3,March,cumulative_fy,129448.0,128310.0,1138.0,0.9,False,False,psp_energy_2022-03.pdf
Uttarakhand,2022,3,March,monthly,1307.0,1278.0,29.0,2.2,False,False,psp_energy_2022-03.pdf
Uttarakhand,2022,3,March,cumulative_fy,15521.0,15426.0,94.0,0.6,False,False,psp_energy_2022-03.pdf
Northern Region,2022,3,March,monthly,34508.0,34067.0,441.0,1.3,True,False,psp_energy_2022-03.pdf
Northern Region,2022,3,March,cumulative_fy,417934.0,413915.0,4019.0,1.0,True,False,psp_energy_2022-03.pdf
Chhattisgarh,2022,3,March,monthly,3349.0,3348.0,1.0,0.0,False,False,psp_energy_2022-03.pdf
Chhattisgarh,2022,3,March,cumulative_fy,31908.0,31872.0,35.0,0.1,False,False,psp_energy_2022-03.pdf
Gujarat,2022,3,March,monthly,11846.0,11845.0,1.0,0.0,False,False,psp_energy_2022-03.pdf
Gujarat,2022,3,March,cumulative_fy,123953.0,123666.0,287.0,0.2,False,False,psp_energy_2022-03.pdf
Madhya Pradesh,2022,3,March,monthly,8030.0,8030.0,0.0,0.0,False,False,psp_energy_2022-03.pdf
Madhya Pradesh,2022,3,March,cumulative_fy,86501.0,86455.0,46.0,0.1,False,False,psp_energy_2022-03.pdf
Maharashtra,2022,3,March,monthly,17459.0,17454.0,5.0,0.0,False,False,psp_energy_2022-03.pdf
Maharashtra,2022,3,March,cumulative_fy,172823.0,172809.0,14.0,0.0,False,False,psp_energy_2022-03.pdf
Daman & Diu,2022,3,March,monthly,233.0,233.0,0.0,0.0,False,False,psp_energy_2022-03.pdf
Daman & Diu,2022,3,March,cumulative_fy,2594.0,2594.0,0.0,0.0,False,False,psp_energy_2022-03.pdf
Dadra & Nagar Haveli,2022,3,March,monthly,597.0,597.0,0.0,0.0,False,False,psp_energy_2022-03.pdf
Dadra & Nagar Haveli,2022,3,March,cumulative_fy,6839.0,6839.0,0.0,0.0,False,False,psp_energy_2022-03.pdf
Goa,2022,3,March,monthly,418.0,418.0,0.0,0.0,False,False,psp_energy_2022-03.pdf
Goa,2022,3,March,cumulative_fy,4448.0,4448.0,0.0,0.0,False,False,psp_energy_2022-03.pdf
Western Region,2022,3,March,monthly,41932.0,41924.0,8.0,0.0,True,False,psp_energy_2022-03.pdf
Western Region,2022,3,March,cumulative_fy,429065.0,428683.0,383.0,0.1,True,False,psp_energy_2022-03.pdf
Andhra Pradesh,2022,3,March,monthly,6898.0,6828.0,70.0,1.0,False,False,psp_energy_2022-03.pdf
Andhra Pradesh,2022,3,March,cumulative_fy,68413.0,68219.0,194.0,0.3,False,False,psp_energy_2022-03.pdf
Telangana,2022,3,March,monthly,8077.0,8071.0,6.0,0.1,False,False,psp_energy_2022-03.pdf
Telangana,2022,3,March,cumulative_fy,70539.0,70523.0,16.0,0.0,False,False,psp_energy_2022-03.pdf
Karnataka,2022,3,March,monthly,8158.0,8151.0,6.0,0.1,False,False,psp_energy_2022-03.pdf
Karnataka,2022,3,March,cumulative_fy,72437.0,72417.0,20.0,0.0,False,False,psp_energy_2022-03.pdf
Kerala,2022,3,March,monthly,2621.0,2619.0,2.0,0.1,False,False,psp_energy_2022-03.pdf
Kerala,2022,3,March,cumulative_fy,26579.0,26570.0,9.0,0.0,False,False,psp_energy_2022-03.pdf
Tamil Nadu,2022,3,March,monthly,10534.0,10525.0,9.0,0.1,False,False,psp_energy_2022-03.pdf
Tamil Nadu,2022,3,March,cumulative_fy,109816.0,109798.0,18.0,0.0,False,False,psp_energy_2022-03.pdf
Puducherry,2022,3,March,monthly,260.0,260.0,0.0,0.1,False,False,psp_energy_2022-03.pdf
Puducherry,2022,3,March,cumulative_fy,2894.0,2893.0,1.0,0.0,False,False,psp_energy_2022-03.pdf
Lakshadweep,2022,3,March,monthly,5.0,5.0,0.0,0.0,False,False,psp_energy_2022-03.pdf
Lakshadweep,2022,3,March,cumulative_fy,56.0,56.0,0.0,0.0,False,False,psp_energy_2022-03.pdf
Southern Region,2022,3,March,monthly,36548.0,36454.0,94.0,0.3,True,False,psp_energy_2022-03.pdf
Southern Region,2022,3,March,cumulative_fy,350678.0,350421.0,258.0,0.1,True,False,psp_energy_2022-03.pdf
Bihar,2022,3,March,monthly,3114.0,3061.0,53.0,1.7,False,False,psp_energy_2022-03.pdf
Bihar,2022,3,March,cumulative_fy,36216.0,35761.0,455.0,1.3,False,False,psp_energy_2022-03.pdf
DVC,2022,3,March,monthly,2229.0,2227.0,2.0,0.1,False,False,psp_energy_2022-03.pdf
DVC,2022,3,March,cumulative_fy,23741.0,23736.0,4.0,0.0,False,False,psp_energy_2022-03.pdf
Jharkhand,2022,3,March,monthly,1045.0,940.0,104.0,10.0,False,False,psp_energy_2022-03.pdf
Jharkhand,2022,3,March,cumulative_fy,11148.0,10590.0,558.0,5.0,False,False,psp_energy_2022-03.pdf
Odisha,2022,3,March,monthly,3436.0,3433.0,2.0,0.1,False,False,psp_energy_2022-03.pdf
Odisha,2022,3,March,cumulative_fy,38339.0,38332.0,7.0,0.0,False,False,psp_energy_2022-03.pdf
West Bengal,2022,3,March,monthly,4903.0,4899.0,4.0,0.1,False,False,psp_energy_2022-03.pdf
West Bengal,2022,3,March,cumulative_fy,54001.0,53945.0,57.0,0.1,False,False,psp_energy_2022-03.pdf
Sikkim,2022,3,March,monthly,53.0,53.0,0.0,0.1,False,False,psp_energy_2022-03.pdf
Sikkim,2022,3,March,cumulative_fy,610.0,609.0,0.0,0.0,False,False,psp_energy_2022-03.pdf
Andaman & Nicobar,2022,3,March,monthly,31.0,31.0,0.0,0.0,False,False,psp_energy_2022-03.pdf
Andaman & Nicobar,2022,3,March,cumulative_fy,335.0,327.0,8.0,2.3,False,False,psp_energy_2022-03.pdf
Eastern Region,2022,3,March,monthly,14779.0,14613.0,166.0,1.1,True,False,psp_energy_2022-03.pdf
Eastern Region,2022,3,March,cumulative_fy,164054.0,162973.0,1081.0,0.7,True,False,psp_energy_2022-03.pdf
Arunachal Pradesh,2022,3,March,monthly,75.0,75.0,0.0,0.0,False,False,psp_energy_2022-03.pdf
Arunachal Pradesh,2022,3,March,cumulative_fy,875.0,874.0,1.0,0.1,False,False,psp_energy_2022-03.pdf
Assam,2022,3,March,monthly,809.0,809.0,0.0,0.0,False,False,psp_energy_2022-03.pdf
Assam,2022,3,March,cumulative_fy,10844.0,10825.0,19.0,0.2,False,False,psp_energy_2022-03.pdf
Manipur,2022,3,March,monthly,83.0,83.0,0.0,0.0,False,False,psp_energy_2022-03.pdf
Manipur,2022,3,March,cumulative_fy,1019.0,1018.0,1.0,0.1,False,False,psp_energy_2022-03.pdf
Meghalaya,2022,3,March,monthly,200.0,200.0,0.0,0.0,False,False,psp_energy_2022-03.pdf
Meghalaya,2022,3,March,cumulative_fy,2256.0,2243.0,13.0,0.6,False,False,psp_energy_2022-03.pdf
Mizoram,2022,3,March,monthly,60.0,60.0,0.0,0.0,False,False,psp_energy_2022-03.pdf
Mizoram,2022,3,March,cumulative_fy,656.0,644.0,12.0,1.8,False,False,psp_energy_2022-03.pdf
Nagaland,2022,3,March,monthly,70.0,70.0,0.0,0.0,False,False,psp_energy_2022-03.pdf
Nagaland,2022,3,March,cumulative_fy,852.0,851.0,1.0,0.1,False,False,psp_energy_2022-03.pdf
Tripura,2022,3,March,monthly,124.0,124.0,0.0,0.0,False,False,psp_energy_2022-03.pdf
Tripura,2022,3,March,cumulative_fy,1578.0,1578.0,0.0,0.0,False,False,psp_energy_2022-03.pdf
North-Eastern Region,2022,3,March,monthly,1421.0,1421.0,0.0,0.0,True,False,psp_energy_2022-03.pdf
North-Eastern Region,2022,3,March,cumulative_fy,18079.0,18033.0,47.0,0.3,True,False,psp_energy_2022-03.pdf
All India,2022,3,March,monthly,129187.0,128478.0,709.0,0.5,False,True,psp_energy_2022-03.pdf
All India,2022,3,March,cumulative_fy,1379812.0,1374024.0,5787.0,0.4,False,True,psp_energy_2022-03.pdf
Chandigarh,2022,4,April,monthly,147.0,147.0,0.0,0.0,False,False,psp_energy_2022-04.pdf
Delhi,2022,4,April,monthly,3202.0,3201.0,1.0,0.0,False,False,psp_energy_2022-04.pdf
Haryana,2022,4,April,monthly,4920.0,4622.0,297.0,6.0,False,False,psp_energy_2022-04.pdf
Himachal Pradesh,2022,4,April,monthly,1005.0,992.0,13.0,1.3,False,False,psp_energy_2022-04.pdf
UT of J&K and Ladakh,2022,4,April,monthly,1519.0,1370.0,149.0,9.8,False,False,psp_energy_2022-04.pdf
Punjab,2022,4,April,monthly,4981.0,4838.0,143.0,2.9,False,False,psp_energy_2022-04.pdf
Rajasthan,2022,4,April,monthly,8222.0,7769.0,453.0,5.5,False,False,psp_energy_2022-04.pdf
Uttar Pradesh,2022,4,April,monthly,13081.0,12700.0,381.0,2.9,False,False,psp_energy_2022-04.pdf
Uttarakhand,2022,4,April,monthly,1401.0,1341.0,59.0,4.2,False,False,psp_energy_2022-04.pdf
Northern Region,2022,4,April,monthly,38566.0,37070.0,1496.0,3.9,True,False,psp_energy_2022-04.pdf
Chhattisgarh,2022,4,April,monthly,3520.0,3467.0,53.0,1.5,False,False,psp_energy_2022-04.pdf
Gujarat,2022,4,April,monthly,12554.0,12550.0,4.0,0.0,False,False,psp_energy_2022-04.pdf
Madhya Pradesh,2022,4,April,monthly,8234.0,8026.0,209.0,2.5,False,False,psp_energy_2022-04.pdf
Maharashtra,2022,4,April,monthly,17827.0,17718.0,109.0,0.6,False,False,psp_energy_2022-04.pdf
Daman & Diu,2022,4,April,monthly,230.0,230.0,0.0,0.0,False,False,psp_energy_2022-04.pdf
Dadra & Nagar Haveli,2022,4,April,monthly,602.0,602.0,0.0,0.0,False,False,psp_energy_2022-04.pdf
Goa,2022,4,April,monthly,433.0,432.0,0.0,0.1,False,False,psp_energy_2022-04.pdf
Western Region,2022,4,April,monthly,43931.0,43556.0,375.0,0.9,True,False,psp_energy_2022-04.pdf
Andhra Pradesh,2022,4,April,monthly,6717.0,6335.0,382.0,5.7,False,False,psp_energy_2022-04.pdf
Telangana,2022,4,April,monthly,7200.0,7182.0,18.0,0.2,False,False,psp_energy_2022-04.pdf
Karnataka,2022,4,April,monthly,7253.0,7234.0,18.0,0.3,False,False,psp_energy_2022-04.pdf
Kerala,2022,4,April,monthly,2480.0,2468.0,12.0,0.5,False,False,psp_energy_2022-04.pdf
Tamil Nadu,2022,4,April,monthly,10493.0,10427.0,67.0,0.6,False,False,psp_energy_2022-04.pdf
Puducherry,2022,4,April,monthly,275.0,275.0,1.0,0.3,False,False,psp_energy_2022-04.pdf
Lakshadweep,2022,4,April,monthly,6.0,6.0,0.0,0.0,False,False,psp_energy_2022-04.pdf
Southern Region,2022,4,April,monthly,34423.0,33926.0,497.0,1.4,True,False,psp_energy_2022-04.pdf
Bihar,2022,4,April,monthly,3620.0,3477.0,143.0,3.9,False,False,psp_energy_2022-04.pdf
DVC,2022,4,April,monthly,2286.0,2280.0,6.0,0.2,False,False,psp_energy_2022-04.pdf
Jharkhand,2022,4,April,monthly,1172.0,1011.0,160.0,13.7,False,False,psp_energy_2022-04.pdf
Odisha,2022,4,April,monthly,3533.0,3495.0,37.0,1.1,False,False,psp_energy_2022-04.pdf
West Bengal,2022,4,April,monthly,5841.0,5814.0,27.0,0.5,False,False,psp_energy_2022-04.pdf
Sikkim,2022,4,April,monthly,48.0,48.0,0.0,0.2,False,False,psp_energy_2022-04.pdf
Andaman & Nicobar,2022,4,April,monthly,31.0,31.0,0.0,0.0,False,False,psp_energy_2022-04.pdf
Eastern Region,2022,4,April,monthly,16505.0,16132.0,374.0,2.3,True,False,psp_energy_2022-04.pdf
Arunachal Pradesh,2022,4,April,monthly,71.0,69.0,2.0,2.4,False,False,psp_energy_2022-04.pdf
Assam,2022,4,April,monthly,775.0,775.0,0.0,0.0,False,False,psp_energy_2022-04.pdf
Manipur,2022,4,April,monthly,74.0,73.0,0.0,0.6,False,False,psp_energy_2022-04.pdf
Meghalaya,2022,4,April,monthly,165.0,165.0,0.0,0.0,False,False,psp_energy_2022-04.pdf
Mizoram,2022,4,April,monthly,57.0,57.0,0.0,0.0,False,False,psp_energy_2022-04.pdf
Nagaland,2022,4,April,monthly,69.0,62.0,8.0,10.9,False,False,psp_energy_2022-04.pdf
Tripura,2022,4,April,monthly,144.0,144.0,0.0,0.0,False,False,psp_energy_2022-04.pdf
North-Eastern Region,2022,4,April,monthly,1356.0,1346.0,10.0,0.8,True,False,psp_energy_2022-04.pdf
All India,2022,4,April,monthly,134781.0,132028.0,2752.0,2.0,False,True,psp_energy_2022-04.pdf
Chandigarh,2022,5,May,monthly,183.0,183.0,0.0,0.0,False,False,psp_energy_2022-05.pdf
Chandigarh,2022,5,May,cumulative_fy,330.0,330.0,0.0,0.0,False,False,psp_energy_2022-05.pdf
Delhi,2022,5,May,monthly,3776.0,3775.0,1.0,0.0,False,False,psp_energy_2022-05.pdf
Delhi,2022,5,May,cumulative_fy,6977.0,6976.0,2.0,0.0,False,False,psp_energy_2022-05.pdf
Haryana,2022,5,May,monthly,5699.0,5647.0,51.0,0.9,False,False,psp_energy_2022-05.pdf
Haryana,2022,5,May,cumulative_fy,10619.0,10270.0,349.0,3.3,False,False,psp_energy_2022-05.pdf
Himachal Pradesh,2022,5,May,monthly,1059.0,1039.0,20.0,1.9,False,False,psp_energy_2022-05.pdf
Himachal Pradesh,2022,5,May,cumulative_fy,2064.0,2031.0,33.0,1.6,False,False,psp_energy_2022-05.pdf
UT of J&K and Ladakh,2022,5,May,monthly,1578.0,1546.0,32.0,2.0,False,False,psp_energy_2022-05.pdf
UT of J&K and Ladakh,2022,5,May,cumulative_fy,3097.0,2916.0,181.0,5.8,False,False,psp_energy_2022-05.pdf
Punjab,2022,5,May,monthly,6312.0,6292.0,19.0,0.3,False,False,psp_energy_2022-05.pdf
Punjab,2022,5,May,cumulative_fy,11293.0,11131.0,162.0,1.4,False,False,psp_energy_2022-05.pdf
Rajasthan,2022,5,May,monthly,9048.0,8941.0,106.0,1.2,False,False,psp_energy_2022-05.pdf
Rajasthan,2022,5,May,cumulative_fy,17269.0,16710.0,559.0,3.2,False,False,psp_energy_2022-05.pdf
Uttar Pradesh,2022,5,May,monthly,14252.0,14150.0,103.0,0.7,False,False,psp_energy_2022-05.pdf
Uttar Pradesh,2022,5,May,cumulative_fy,27333.0,26850.0,484.0,1.8,False,False,psp_energy_2022-05.pdf
Uttarakhand,2022,5,May,monthly,1460.0,1451.0,9.0,0.6,False,False,psp_energy_2022-05.pdf
Uttarakhand,2022,5,May,cumulative_fy,2861.0,2793.0,68.0,2.4,False,False,psp_energy_2022-05.pdf
Northern Region,2022,5,May,monthly,43463.0,43121.0,342.0,0.8,True,False,psp_energy_2022-05.pdf
Northern Region,2022,5,May,cumulative_fy,82029.0,80191.0,1838.0,2.2,True,False,psp_energy_2022-05.pdf
Chhattisgarh,2022,5,May,monthly,3126.0,3125.0,1.0,0.0,False,False,psp_energy_2022-05.pdf
Chhattisgarh,2022,5,May,cumulative_fy,6646.0,6592.0,54.0,0.8,False,False,psp_energy_2022-05.pdf
Gujarat,2022,5,May,monthly,13526.0,13526.0,0.0,0.0,False,False,psp_energy_2022-05.pdf
Gujarat,2022,5,May,cumulative_fy,26080.0,26075.0,4.0,0.0,False,False,psp_energy_2022-05.pdf
Madhya Pradesh,2022,5,May,monthly,8212.0,8119.0,93.0,1.1,False,False,psp_energy_2022-05.pdf
Madhya Pradesh,2022,5,May,cumulative_fy,16447.0,16145.0,302.0,1.8,False,False,psp_energy_2022-05.pdf
Maharashtra,2022,5,May,monthly,17644.0,17644.0,0.0,0.0,False,False,psp_energy_2022-05.pdf
Maharashtra,2022,5,May,cumulative_fy,35471.0,35362.0,109.0,0.3,False,False,psp_energy_2022-05.pdf
Daman & Diu,2022,5,May,monthly,228.0,228.0,0.0,0.0,False,False,psp_energy_2022-05.pdf
Daman & Diu,2022,5,May,cumulative_fy,458.0,458.0,0.0,0.0,False,False,psp_energy_2022-05.pdf
Dadra & Nagar Haveli,2022,5,May,monthly,618.0,618.0,0.0,0.0,False,False,psp_energy_2022-05.pdf
Dadra & Nagar Haveli,2022,5,May,cumulative_fy,1220.0,1219.0,0.0,0.0,False,False,psp_energy_2022-05.pdf
Goa,2022,5,May,monthly,460.0,460.0,0.0,0.0,False,False,psp_energy_2022-05.pdf
Goa,2022,5,May,cumulative_fy,892.0,892.0,0.0,0.0,False,False,psp_energy_2022-05.pdf
Western Region,2022,5,May,monthly,44125.0,44030.0,94.0,0.2,True,False,psp_energy_2022-05.pdf
Western Region,2022,5,May,cumulative_fy,88055.0,87586.0,470.0,0.5,True,False,psp_energy_2022-05.pdf
Andhra Pradesh,2022,5,May,monthly,6054.0,6043.0,11.0,0.2,False,False,psp_energy_2022-05.pdf
Andhra Pradesh,2022,5,May,cumulative_fy,12770.0,12378.0,393.0,3.1,False,False,psp_energy_2022-05.pdf
Telangana,2022,5,May,monthly,5793.0,5792.0,1.0,0.0,False,False,psp_energy_2022-05.pdf
Telangana,2022,5,May,cumulative_fy,12992.0,12974.0,18.0,0.1,False,False,psp_energy_2022-05.pdf
Karnataka,2022,5,May,monthly,5707.0,5706.0,1.0,0.0,False,False,psp_energy_2022-05.pdf
Karnataka,2022,5,May,cumulative_fy,12959.0,12940.0,19.0,0.1,False,False,psp_energy_2022-05.pdf
Kerala,2022,5,May,monthly,2361.0,2361.0,0.0,0.0,False,False,psp_energy_2022-05.pdf
Kerala,2022,5,May,cumulative_fy,4842.0,4829.0,12.0,0.3,False,False,psp_energy_2022-05.pdf
Tamil Nadu,2022,5,May,monthly,10287.0,10286.0,1.0,0.0,False,False,psp_energy_2022-05.pdf
Tamil Nadu,2022,5,May,cumulative_fy,20781.0,20713.0,68.0,0.3,False,False,psp_energy_2022-05.pdf
Puducherry,2022,5,May,monthly,280.0,280.0,0.0,0.0,False,False,psp_energy_2022-05.pdf
Puducherry,2022,5,May,cumulative_fy,555.0,554.0,1.0,0.1,False,False,psp_energy_2022-05.pdf
Lakshadweep,2022,5,May,monthly,6.0,6.0,0.0,0.0,False,False,psp_energy_2022-05.pdf
Lakshadweep,2022,5,May,cumulative_fy,12.0,12.0,0.0,0.0,False,False,psp_energy_2022-05.pdf
Southern Region,2022,5,May,monthly,30485.0,30471.0,14.0,0.0,True,False,psp_energy_2022-05.pdf
Southern Region,2022,5,May,cumulative_fy,64908.0,64397.0,511.0,0.8,True,False,psp_energy_2022-05.pdf
Bihar,2022,5,May,monthly,3542.0,3483.0,59.0,1.7,False,False,psp_energy_2022-05.pdf
Bihar,2022,5,May,cumulative_fy,7162.0,6960.0,202.0,2.8,False,False,psp_energy_2022-05.pdf
DVC,2022,5,May,monthly,2291.0,2291.0,0.0,0.0,False,False,psp_energy_2022-05.pdf
DVC,2022,5,May,cumulative_fy,4577.0,4571.0,6.0,0.1,False,False,psp_energy_2022-05.pdf
Jharkhand,2022,5,May,monthly,1031.0,956.0,75.0,7.3,False,False,psp_energy_2022-05.pdf
Jharkhand,2022,5,May,cumulative_fy,2202.0,1967.0,235.0,10.7,False,False,psp_energy_2022-05.pdf
Odisha,2022,5,May,monthly,3867.0,3862.0,5.0,0.1,False,False,psp_energy_2022-05.pdf
Odisha,2022,5,May,cumulative_fy,7400.0,7358.0,42.0,0.6,False,False,psp_energy_2022-05.pdf
West Bengal,2022,5,May,monthly,5369.0,5355.0,14.0,0.3,False,False,psp_energy_2022-05.pdf
West Bengal,2022,5,May,cumulative_fy,11210.0,11169.0,41.0,0.4,False,False,psp_energy_2022-05.pdf
Sikkim,2022,5,May,monthly,48.0,48.0,0.0,0.0,False,False,psp_energy_2022-05.pdf
Sikkim,2022,5,May,cumulative_fy,96.0,96.0,0.0,0.1,False,False,psp_energy_2022-05.pdf
Andaman & Nicobar,2022,5,May,monthly,29.0,29.0,0.0,0.0,False,False,psp_energy_2022-05.pdf
Andaman & Nicobar,2022,5,May,cumulative_fy,60.0,60.0,0.0,0.0,False,False,psp_energy_2022-05.pdf
Eastern Region,2022,5,May,monthly,16151.0,15999.0,152.0,0.9,True,False,psp_energy_2022-05.pdf
Eastern Region,2022,5,May,cumulative_fy,32657.0,32131.0,526.0,1.6,True,False,psp_energy_2022-05.pdf
Arunachal Pradesh,2022,5,May,monthly,76.0,73.0,3.0,3.9,False,False,psp_energy_2022-05.pdf
Arunachal Pradesh,2022,5,May,cumulative_fy,147.0,142.0,5.0,3.2,False,False,psp_energy_2022-05.pdf
Assam,2022,5,May,monthly,954.0,954.0,0.0,0.0,False,False,psp_energy_2022-05.pdf
Assam,2022,5,May,cumulative_fy,1729.0,1729.0,0.0,0.0,False,False,psp_energy_2022-05.pdf
Manipur,2022,5,May,monthly,75.0,75.0,0.0,0.0,False,False,psp_energy_2022-05.pdf
Manipur,2022,5,May,cumulative_fy,149.0,149.0,0.0,0.3,False,False,psp_energy_2022-05.pdf
Meghalaya,2022,5,May,monthly,167.0,167.0,0.0,0.0,False,False,psp_energy_2022-05.pdf
Meghalaya,2022,5,May,cumulative_fy,332.0,332.0,0.0,0.0,False,False,psp_energy_2022-05.pdf
Mizoram,2022,5,May,monthly,53.0,53.0,0.0,0.0,False,False,psp_energy_2022-05.pdf
Mizoram,2022,5,May,cumulative_fy,110.0,110.0,0.0,0.0,False,False,psp_energy_2022-05.pdf
Nagaland,2022,5,May,monthly,75.0,72.0,3.0,4.4,False,False,psp_energy_2022-05.pdf
Nagaland,2022,5,May,cumulative_fy,144.0,134.0,11.0,7.5,False,False,psp_energy_2022-05.pdf
Tripura,2022,5,May,monthly,140.0,140.0,0.0,0.0,False,False,psp_energy_2022-05.pdf
Tripura,2022,5,May,cumulative_fy,284.0,284.0,0.0,0.0,False,False,psp_energy_2022-05.pdf
North-Eastern Region,2022,5,May,monthly,1541.0,1535.0,6.0,0.4,True,False,psp_energy_2022-05.pdf
North-Eastern Region,2022,5,May,cumulative_fy,2897.0,2880.0,17.0,0.6,True,False,psp_energy_2022-05.pdf
All India,2022,5,May,monthly,135765.0,135156.0,609.0,0.4,False,True,psp_energy_2022-05.pdf
All India,2022,5,May,cumulative_fy,270546.0,267184.0,3361.0,1.2,False,True,psp_energy_2022-05.pdf
Chandigarh,2022,6,June,monthly,198.0,198.0,0.0,0.0,False,False,psp_energy_2022-06.pdf
Chandigarh,2022,6,June,cumulative_fy,527.0,527.0,0.0,0.0,False,False,psp_energy_2022-06.pdf
Delhi,2022,6,June,monthly,3922.0,3920.0,1.0,0.0,False,False,psp_energy_2022-06.pdf
Delhi,2022,6,June,cumulative_fy,10899.0,10896.0,3.0,0.0,False,False,psp_energy_2022-06.pdf
Haryana,2022,6,June,monthly,6449.0,6429.0,20.0,0.3,False,False,psp_energy_2022-06.pdf
Haryana,2022,6,June,cumulative_fy,17068.0,16699.0,369.0,2.2,False,False,psp_energy_2022-06.pdf
Himachal Pradesh,2022,6,June,monthly,1094.0,1061.0,33.0,3.0,False,False,psp_energy_2022-06.pdf
Himachal Pradesh,2022,6,June,cumulative_fy,3158.0,3092.0,66.0,2.1,False,False,psp_energy_2022-06.pdf
UT of J&K and Ladakh,2022,6,June,monthly,1569.0,1525.0,43.0,2.7,False,False,psp_energy_2022-06.pdf
UT of J&K and Ladakh,2022,6,June,cumulative_fy,4665.0,4441.0,224.0,4.8,False,False,psp_energy_2022-06.pdf
Punjab,2022,6,June,monthly,7482.0,7478.0,4.0,0.1,False,False,psp_energy_2022-06.pdf
Punjab,2022,6,June,cumulative_fy,18775.0,18609.0,166.0,0.9,False,False,psp_energy_2022-06.pdf
Rajasthan,2022,6,June,monthly,9138.0,8976.0,163.0,1.8,False,False,psp_energy_2022-06.pdf
Rajasthan,2022,6,June,cumulative_fy,26408.0,25686.0,722.0,2.7,False,False,psp_energy_2022-06.pdf
Uttar Pradesh,2022,6,June,monthly,15235.0,14962.0,273.0,1.8,False,False,psp_energy_2022-06.pdf
Uttar Pradesh,2022,6,June,cumulative_fy,42568.0,41812.0,757.0,1.8,False,False,psp_energy_2022-06.pdf
Uttarakhand,2022,6,June,monthly,1570.0,1537.0,33.0,2.1,False,False,psp_energy_2022-06.pdf
Uttarakhand,2022,6,June,cumulative_fy,4432.0,4330.0,102.0,2.3,False,False,psp_energy_2022-06.pdf
Northern Region,2022,6,June,monthly,46755.0,46185.0,570.0,1.2,True,False,psp_energy_2022-06.pdf
Northern Region,2022,6,June,cumulative_fy,128784.0,126376.0,2408.0,1.9,True,False,psp_energy_2022-06.pdf
Chhattisgarh,2022,6,June,monthly,2926.0,2926.0,0.0,0.0,False,False,psp_energy_2022-06.pdf
Chhattisgarh,2022,6,June,cumulative_fy,9572.0,9518.0,54.0,0.6,False,False,psp_energy_2022-06.pdf
Gujarat,2022,6,June,monthly,12022.0,12022.0,0.0,0.0,False,False,psp_energy_2022-06.pdf
Gujarat,2022,6,June,cumulative_fy,38101.0,38097.0,4.0,0.0,False,False,psp_energy_2022-06.pdf
Madhya Pradesh,2022,6,June,monthly,7107.0,7107.0,0.0,0.0,False,False,psp_energy_2022-06.pdf
Madhya Pradesh,2022,6,June,cumulative_fy,23554.0,23251.0,302.0,1.3,False,False,psp_energy_2022-06.pdf
Maharashtra,2022,6,June,monthly,15516.0,15516.0,0.0,0.0,False,False,psp_energy_2022-06.pdf
Maharashtra,2022,6,June,cumulative_fy,50988.0,50878.0,109.0,0.2,False,False,psp_energy_2022-06.pdf
Dadra & Nagar Haveli and Daman & Diu,2022,6,June,monthly,840.0,840.0,0.0,0.0,False,False,psp_energy_2022-06.pdf
Dadra & Nagar Haveli and Daman & Diu,2022,6,June,cumulative_fy,2518.0,2518.0,0.0,0.0,False,False,psp_energy_2022-06.pdf
Goa,2022,6,June,monthly,387.0,387.0,0.0,0.0,False,False,psp_energy_2022-06.pdf
Goa,2022,6,June,cumulative_fy,1280.0,1280.0,0.0,0.0,False,False,psp_energy_2022-06.pdf
Western Region,2022,6,June,monthly,39114.0,39113.0,1.0,0.0,True,False,psp_energy_2022-06.pdf
Western Region,2022,6,June,cumulative_fy,127169.0,126699.0,471.0,0.4,True,False,psp_energy_2022-06.pdf
Andhra Pradesh,2022,6,June,monthly,6137.0,6127.0,10.0,0.2,False,False,psp_energy_2022-06.pdf
Andhra Pradesh,2022,6,June,cumulative_fy,18908.0,18505.0,403.0,2.1,False,False,psp_energy_2022-06.pdf
Telangana,2022,6,June,monthly,5323.0,5319.0,4.0,0.1,False,False,psp_energy_2022-06.pdf
Telangana,2022,6,June,cumulative_fy,18315.0,18293.0,22.0,0.1,False,False,psp_energy_2022-06.pdf
Karnataka,2022,6,June,monthly,5924.0,5921.0,4.0,0.1,False,False,psp_energy_2022-06.pdf
Karnataka,2022,6,June,cumulative_fy,18884.0,18861.0,23.0,0.1,False,False,psp_energy_2022-06.pdf
Kerala,2022,6,June,monthly,2262.0,2259.0,2.0,0.1,False,False,psp_energy_2022-06.pdf
Kerala,2022,6,June,cumulative_fy,7103.0,7088.0,15.0,0.2,False,False,psp_energy_2022-06.pdf
Tamil Nadu,2022,6,June,monthly,10224.0,10219.0,5.0,0.1,False,False,psp_energy_2022-06.pdf
Tamil Nadu,2022,6,June,cumulative_fy,31005.0,30932.0,73.0,0.2,False,False,psp_energy_2022-06.pdf
Puducherry,2022,6,June,monthly,276.0,276.0,0.0,0.1,False,False,psp_energy_2022-06.pdf
Puducherry,2022,6,June,cumulative_fy,831.0,831.0,1.0,0.1,False,False,psp_energy_2022-06.pdf
Lakshadweep,2022,6,June,monthly,5.0,5.0,0.0,0.0,False,False,psp_energy_2022-06.pdf
Lakshadweep,2022,6,June,cumulative_fy,17.0,17.0,0.0,0.0,False,False,psp_energy_2022-06.pdf
Southern Region,2022,6,June,monthly,30150.0,30125.0,25.0,0.1,True,False,psp_energy_2022-06.pdf
Southern Region,2022,6,June,cumulative_fy,95058.0,94522.0,536.0,0.6,True,False,psp_energy_2022-06.pdf
Bihar,2022,6,June,monthly,3709.0,3640.0,69.0,1.9,False,False,psp_energy_2022-06.pdf
Bihar,2022,6,June,cumulative_fy,10871.0,10600.0,271.0,2.5,False,False,psp_energy_2022-06.pdf
DVC,2022,6,June,monthly,2214.0,2213.0,2.0,0.1,False,False,psp_energy_2022-06.pdf
DVC,2022,6,June,cumulative_fy,6791.0,6784.0,7.0,0.1,False,False,psp_energy_2022-06.pdf
Jharkhand,2022,6,June,monthly,1040.0,939.0,101.0,9.7,False,False,psp_energy_2022-06.pdf
Jharkhand,2022,6,June,cumulative_fy,3242.0,2906.0,336.0,10.4,False,False,psp_energy_2022-06.pdf
Odisha,2022,6,June,monthly,3888.0,3885.0,3.0,0.1,False,False,psp_energy_2022-06.pdf
Odisha,2022,6,June,cumulative_fy,11287.0,11243.0,45.0,0.4,False,False,psp_energy_2022-06.pdf
West Bengal,2022,6,June,monthly,5577.0,5567.0,10.0,0.2,False,False,psp_energy_2022-06.pdf
West Bengal,2022,6,June,cumulative_fy,16787.0,16736.0,51.0,0.3,False,False,psp_energy_2022-06.pdf
Sikkim,2022,6,June,monthly,46.0,46.0,0.0,0.1,False,False,psp_energy_2022-06.pdf
Sikkim,2022,6,June,cumulative_fy,142.0,142.0,0.0,0.1,False,False,psp_energy_2022-06.pdf
Andaman & Nicobar,2022,6,June,monthly,28.0,28.0,0.0,0.0,False,False,psp_energy_2022-06.pdf
Andaman & Nicobar,2022,6,June,cumulative_fy,88.0,88.0,0.0,0.0,False,False,psp_energy_2022-06.pdf
Eastern Region,2022,6,June,monthly,16478.0,16294.0,184.0,1.1,True,False,psp_energy_2022-06.pdf
Eastern Region,2022,6,June,cumulative_fy,49135.0,48425.0,710.0,1.4,True,False,psp_energy_2022-06.pdf
Arunachal Pradesh,2022,6,June,monthly,80.0,72.0,8.0,10.0,False,False,psp_energy_2022-06.pdf
Arunachal Pradesh,2022,6,June,cumulative_fy,227.0,214.0,13.0,5.6,False,False,psp_energy_2022-06.pdf
Assam,2022,6,June,monthly,991.0,991.0,0.0,0.0,False,False,psp_energy_2022-06.pdf
Assam,2022,6,June,cumulative_fy,2721.0,2721.0,0.0,0.0,False,False,psp_energy_2022-06.pdf
Manipur,2022,6,June,monthly,76.0,76.0,0.0,0.0,False,False,psp_energy_2022-06.pdf
Manipur,2022,6,June,cumulative_fy,225.0,225.0,0.0,0.2,False,False,psp_energy_2022-06.pdf
Meghalaya,2022,6,June,monthly,156.0,156.0,0.0,0.0,False,False,psp_energy_2022-06.pdf
Meghalaya,2022,6,June,cumulative_fy,487.0,487.0,0.0,0.0,False,False,psp_energy_2022-06.pdf
Mizoram,2022,6,June,monthly,51.0,51.0,0.0,0.0,False,False,psp_energy_2022-06.pdf
Mizoram,2022,6,June,cumulative_fy,160.0,160.0,0.0,0.0,False,False,psp_energy_2022-06.pdf
Nagaland,2022,6,June,monthly,86.0,78.0,8.0,9.8,False,False,psp_energy_2022-06.pdf
Nagaland,2022,6,June,cumulative_fy,231.0,211.0,19.0,8.3,False,False,psp_energy_2022-06.pdf
Tripura,2022,6,June,monthly,122.0,122.0,0.0,0.0,False,False,psp_energy_2022-06.pdf
Tripura,2022,6,June,cumulative_fy,406.0,406.0,0.0,0.0,False,False,psp_energy_2022-06.pdf
North-Eastern Region,2022,6,June,monthly,1563.0,1546.0,16.0,1.0,True,False,psp_energy_2022-06.pdf
North-Eastern Region,2022,6,June,cumulative_fy,4459.0,4426.0,33.0,0.7,True,False,psp_energy_2022-06.pdf
All India,2022,6,June,monthly,134060.0,133263.0,796.0,0.6,False,True,psp_energy_2022-06.pdf
All India,2022,6,June,cumulative_fy,404605.0,400448.0,4158.0,1.0,False,True,psp_energy_2022-06.pdf
Chandigarh,2022,7,July,monthly,203.0,203.0,0.0,0.0,False,False,psp_energy_2022-07.pdf
Chandigarh,2022,7,July,cumulative_fy,731.0,731.0,0.0,0.0,False,False,psp_energy_2022-07.pdf
Delhi,2022,7,July,monthly,3907.0,3906.0,0.0,0.0,False,False,psp_energy_2022-07.pdf
Delhi,2022,7,July,cumulative_fy,14806.0,14802.0,3.0,0.0,False,False,psp_energy_2022-07.pdf
Haryana,2022,7,July,monthly,6571.0,6555.0,15.0,0.2,False,False,psp_energy_2022-07.pdf
Haryana,2022,7,July,cumulative_fy,23638.0,23254.0,384.0,1.6,False,False,psp_energy_2022-07.pdf
Himachal Pradesh,2022,7,July,monthly,1073.0,1070.0,3.0,0.3,False,False,psp_energy_2022-07.pdf
Himachal Pradesh,2022,7,July,cumulative_fy,4231.0,4162.0,69.0,1.6,False,False,psp_energy_2022-07.pdf
UT of J&K and Ladakh,2022,7,July,monthly,1535.0,1534.0,1.0,0.1,False,False,psp_energy_2022-07.pdf
UT of J&K and Ladakh,2022,7,July,cumulative_fy,6200.0,5975.0,225.0,3.6,False,False,psp_energy_2022-07.pdf
Punjab,2022,7,July,monthly,8131.0,8131.0,0.0,0.0,False,False,psp_energy_2022-07.pdf
Punjab,2022,7,July,cumulative_fy,26905.0,26739.0,166.0,0.6,False,False,psp_energy_2022-07.pdf
Rajasthan,2022,7,July,monthly,7264.0,7244.0,20.0,0.3,False,False,psp_energy_2022-07.pdf
Rajasthan,2022,7,July,cumulative_fy,33672.0,32930.0,742.0,2.2,False,False,psp_energy_2022-07.pdf
Uttar Pradesh,2022,7,July,monthly,15035.0,14928.0,107.0,0.7,False,False,psp_energy_2022-07.pdf
Uttar Pradesh,2022,7,July,cumulative_fy,57603.0,56740.0,864.0,1.5,False,False,psp_energy_2022-07.pdf
Uttarakhand,2022,7,July,monthly,1475.0,1438.0,36.0,2.5,False,False,psp_energy_2022-07.pdf
Uttarakhand,2022,7,July,cumulative_fy,5906.0,5768.0,138.0,2.3,False,False,psp_energy_2022-07.pdf
Northern Region,2022,7,July,monthly,45294.0,45112.0,182.0,0.4,True,False,psp_energy_2022-07.pdf
Northern Region,2022,7,July,cumulative_fy,174079.0,171488.0,2590.0,1.5,True,False,psp_energy_2022-07.pdf
Chhattisgarh,2022,7,July,monthly,2981.0,2980.0,1.0,0.0,False,False,psp_energy_2022-07.pdf
Chhattisgarh,2022,7,July,cumulative_fy,12553.0,12498.0,55.0,0.4,False,False,psp_energy_2022-07.pdf
Gujarat,2022,7,July,monthly,10249.0,10243.0,7.0,0.1,False,False,psp_energy_2022-07.pdf
Gujarat,2022,7,July,cumulative_fy,48351.0,48340.0,11.0,0.0,False,False,psp_energy_2022-07.pdf
Madhya Pradesh,2022,7,July,monthly,6533.0,6533.0,0.0,0.0,False,False,psp_energy_2022-07.pdf
Madhya Pradesh,2022,7,July,cumulative_fy,30087.0,29784.0,302.0,1.0,False,False,psp_energy_2022-07.pdf
Maharashtra,2022,7,July,monthly,13691.0,13690.0,0.0,0.0,False,False,psp_energy_2022-07.pdf
Maharashtra,2022,7,July,cumulative_fy,64678.0,64569.0,110.0,0.2,False,False,psp_energy_2022-07.pdf
Dadra & Nagar Haveli and Daman & Diu,2022,7,July,monthly,840.0,840.0,0.0,0.0,False,False,psp_energy_2022-07.pdf
Dadra & Nagar Haveli and Daman & Diu,2022,7,July,cumulative_fy,3359.0,3359.0,0.0,0.0,False,False,psp_energy_2022-07.pdf
Goa,2022,7,July,monthly,368.0,368.0,0.0,0.0,False,False,psp_energy_2022-07.pdf
Goa,2022,7,July,cumulative_fy,1648.0,1647.0,0.0,0.0,False,False,psp_energy_2022-07.pdf
Western Region,2022,7,July,monthly,34977.0,34969.0,8.0,0.0,True,False,psp_energy_2022-07.pdf
Western Region,2022,7,July,cumulative_fy,162146.0,161668.0,478.0,0.3,True,False,psp_energy_2022-07.pdf
Andhra Pradesh,2022,7,July,monthly,5711.0,5709.0,2.0,0.0,False,False,psp_energy_2022-07.pdf
Andhra Pradesh,2022,7,July,cumulative_fy,24619.0,24214.0,405.0,1.6,False,False,psp_energy_2022-07.pdf
Telangana,2022,7,July,monthly,5382.0,5382.0,0.0,0.0,False,False,psp_energy_2022-07.pdf
Telangana,2022,7,July,cumulative_fy,23697.0,23675.0,22.0,0.1,False,False,psp_energy_2022-07.pdf
Karnataka,2022,7,July,monthly,5329.0,5329.0,0.0,0.0,False,False,psp_energy_2022-07.pdf
Karnataka,2022,7,July,cumulative_fy,24212.0,24189.0,23.0,0.1,False,False,psp_energy_2022-07.pdf
Kerala,2022,7,July,monthly,2119.0,2119.0,0.0,0.0,False,False,psp_energy_2022-07.pdf
Kerala,2022,7,July,cumulative_fy,9222.0,9207.0,15.0,0.2,False,False,psp_energy_2022-07.pdf
Tamil Nadu,2022,7,July,monthly,9985.0,9985.0,0.0,0.0,False,False,psp_energy_2022-07.pdf
Tamil Nadu,2022,7,July,cumulative_fy,40990.0,40917.0,73.0,0.2,False,False,psp_energy_2022-07.pdf
Puducherry,2022,7,July,monthly,275.0,275.0,0.0,0.0,False,False,psp_energy_2022-07.pdf
Puducherry,2022,7,July,cumulative_fy,1107.0,1106.0,1.0,0.1,False,False,psp_energy_2022-07.pdf
Lakshadweep,2022,7,July,monthly,5.0,5.0,0.0,0.0,False,False,psp_energy_2022-07.pdf
Lakshadweep,2022,7,July,cumulative_fy,22.0,22.0,0.0,0.0,False,False,psp_energy_2022-07.pdf
Southern Region,2022,7,July,monthly,28805.0,28803.0,2.0,0.0,True,False,psp_energy_2022-07.pdf
Southern Region,2022,7,July,cumulative_fy,123863.0,123325.0,538.0,0.4,True,False,psp_energy_2022-07.pdf
Bihar,2022,7,July,monthly,4176.0,4017.0,158.0,3.8,False,False,psp_energy_2022-07.pdf
Bihar,2022,7,July,cumulative_fy,15047.0,14618.0,429.0,2.9,False,False,psp_energy_2022-07.pdf
DVC,2022,7,July,monthly,2302.0,2302.0,0.0,0.0,False,False,psp_energy_2022-07.pdf
DVC,2022,7,July,cumulative_fy,9093.0,9086.0,7.0,0.1,False,False,psp_energy_2022-07.pdf
Jharkhand,2022,7,July,monthly,1220.0,1155.0,66.0,5.4,False,False,psp_energy_2022-07.pdf
Jharkhand,2022,7,July,cumulative_fy,4463.0,4061.0,402.0,9.0,False,False,psp_energy_2022-07.pdf
Odisha,2022,7,July,monthly,4012.0,4012.0,0.0,0.0,False,False,psp_energy_2022-07.pdf
Odisha,2022,7,July,cumulative_fy,15300.0,15255.0,45.0,0.3,False,False,psp_energy_2022-07.pdf
West Bengal,2022,7,July,monthly,5982.0,5980.0,2.0,0.0,False,False,psp_energy_2022-07.pdf
West Bengal,2022,7,July,cumulative_fy,22769.0,22716.0,53.0,0.2,False,False,psp_energy_2022-07.pdf
Sikkim,2022,7,July,monthly,45.0,45.0,0.0,0.0,False,False,psp_energy_2022-07.pdf
Sikkim,2022,7,July,cumulative_fy,188.0,187.0,0.0,0.1,False,False,psp_energy_2022-07.pdf
Andaman & Nicobar,2022,7,July,monthly,28.0,28.0,0.0,0.0,False,False,psp_energy_2022-07.pdf
Andaman & Nicobar,2022,7,July,cumulative_fy,116.0,116.0,0.0,0.0,False,False,psp_energy_2022-07.pdf
Eastern Region,2022,7,July,monthly,17746.0,17520.0,226.0,1.3,True,False,psp_energy_2022-07.pdf
Eastern Region,2022,7,July,cumulative_fy,66881.0,65945.0,936.0,1.4,True,False,psp_energy_2022-07.pdf
Arunachal Pradesh,2022,7,July,monthly,82.0,75.0,7.0,8.5,False,False,psp_energy_2022-07.pdf
Arunachal Pradesh,2022,7,July,cumulative_fy,309.0,289.0,20.0,6.4,False,False,psp_energy_2022-07.pdf
Assam,2022,7,July,monthly,1243.0,1243.0,0.0,0.0,False,False,psp_energy_2022-07.pdf
Assam,2022,7,July,cumulative_fy,3964.0,3964.0,0.0,0.0,False,False,psp_energy_2022-07.pdf
Manipur,2022,7,July,monthly,83.0,83.0,0.0,0.0,False,False,psp_energy_2022-07.pdf
Manipur,2022,7,July,cumulative_fy,309.0,308.0,0.0,0.1,False,False,psp_energy_2022-07.pdf
Meghalaya,2022,7,July,monthly,176.0,176.0,0.0,0.0,False,False,psp_energy_2022-07.pdf
Meghalaya,2022,7,July,cumulative_fy,663.0,663.0,0.0,0.0,False,False,psp_energy_2022-07.pdf
Mizoram,2022,7,July,monthly,56.0,56.0,0.0,0.0,False,False,psp_energy_2022-07.pdf
Mizoram,2022,7,July,cumulative_fy,216.0,216.0,0.0,0.0,False,False,psp_energy_2022-07.pdf
Nagaland,2022,7,July,monthly,92.0,84.0,8.0,9.1,False,False,psp_energy_2022-07.pdf
Nagaland,2022,7,July,cumulative_fy,323.0,296.0,28.0,8.6,False,False,psp_energy_2022-07.pdf
Tripura,2022,7,July,monthly,133.0,133.0,0.0,0.0,False,False,psp_energy_2022-07.pdf
Tripura,2022,7,July,cumulative_fy,539.0,539.0,0.0,0.0,False,False,psp_energy_2022-07.pdf
North-Eastern Region,2022,7,July,monthly,1866.0,1851.0,15.0,0.8,True,False,psp_energy_2022-07.pdf
North-Eastern Region,2022,7,July,cumulative_fy,6325.0,6277.0,48.0,0.8,True,False,psp_energy_2022-07.pdf
All India,2022,7,July,monthly,128689.0,128255.0,434.0,0.3,False,True,psp_energy_2022-07.pdf
All India,2022,7,July,cumulative_fy,533294.0,528703.0,4591.0,0.9,False,True,psp_energy_2022-07.pdf
Chandigarh,2022,8,August,monthly,204.0,204.0,0.0,0.0,False,False,psp_energy_2022-08.pdf
Chandigarh,2022,8,August,cumulative_fy,935.0,935.0,0.0,0.0,False,False,psp_energy_2022-08.pdf
Delhi,2022,8,August,monthly,3700.0,3699.0,1.0,0.0,False,False,psp_energy_2022-08.pdf
Delhi,2022,8,August,cumulative_fy,18505.0,18501.0,4.0,0.0,False,False,psp_energy_2022-08.pdf
Haryana,2022,8,August,monthly,6820.0,6786.0,33.0,0.5,False,False,psp_energy_2022-08.pdf
Haryana,2022,8,August,cumulative_fy,30458.0,30040.0,417.0,1.4,False,False,psp_energy_2022-08.pdf
Himachal Pradesh,2022,8,August,monthly,1098.0,1082.0,16.0,1.5,False,False,psp_energy_2022-08.pdf
Himachal Pradesh,2022,8,August,cumulative_fy,5329.0,5244.0,85.0,1.6,False,False,psp_energy_2022-08.pdf
UT of J&K and Ladakh,2022,8,August,monthly,1597.0,1588.0,9.0,0.6,False,False,psp_energy_2022-08.pdf
UT of J&K and Ladakh,2022,8,August,cumulative_fy,7797.0,7563.0,235.0,3.0,False,False,psp_energy_2022-08.pdf
Punjab,2022,8,August,monthly,8906.0,8906.0,0.0,0.0,False,False,psp_energy_2022-08.pdf
Punjab,2022,8,August,cumulative_fy,35811.0,35646.0,166.0,0.5,False,False,psp_energy_2022-08.pdf
Rajasthan,2022,8,August,monthly,7365.0,7319.0,47.0,0.6,False,False,psp_energy_2022-08.pdf
Rajasthan,2022,8,August,cumulative_fy,41037.0,40249.0,788.0,1.9,False,False,psp_energy_2022-08.pdf
Uttar Pradesh,2022,8,August,monthly,14843.0,14759.0,84.0,0.6,False,False,psp_energy_2022-08.pdf
Uttar Pradesh,2022,8,August,cumulative_fy,72446.0,71499.0,948.0,1.3,False,False,psp_energy_2022-08.pdf
Uttarakhand,2022,8,August,monthly,1425.0,1411.0,14.0,1.0,False,False,psp_energy_2022-08.pdf
Uttarakhand,2022,8,August,cumulative_fy,7332.0,7179.0,152.0,2.1,False,False,psp_energy_2022-08.pdf
Northern Region,2022,8,August,monthly,46060.0,45855.0,204.0,0.4,True,False,psp_energy_2022-08.pdf
Northern Region,2022,8,August,cumulative_fy,220138.0,217343.0,2795.0,1.3,True,False,psp_energy_2022-08.pdf
Chhattisgarh,2022,8,August,monthly,3029.0,3027.0,2.0,0.1,False,False,psp_energy_2022-08.pdf
Chhattisgarh,2022,8,August,cumulative_fy,15582.0,15525.0,57.0,0.4,False,False,psp_energy_2022-08.pdf
Gujarat,2022,8,August,monthly,10628.0,10627.0,1.0,0.0,False,False,psp_energy_2022-08.pdf
Gujarat,2022,8,August,cumulative_fy,58978.0,58967.0,11.0,0.0,False,False,psp_energy_2022-08.pdf
Madhya Pradesh,2022,8,August,monthly,6509.0,6508.0,1.0,0.0,False,False,psp_energy_2022-08.pdf
Madhya Pradesh,2022,8,August,cumulative_fy,36596.0,36292.0,304.0,0.8,False,False,psp_energy_2022-08.pdf
Maharashtra,2022,8,August,monthly,14004.0,14004.0,0.0,0.0,False,False,psp_energy_2022-08.pdf
Maharashtra,2022,8,August,cumulative_fy,78682.0,78572.0,110.0,0.1,False,False,psp_energy_2022-08.pdf
Dadra & Nagar Haveli and Daman & Diu,2022,8,August,monthly,836.0,836.0,0.0,0.0,False,False,psp_energy_2022-08.pdf
Dadra & Nagar Haveli and Daman & Diu,2022,8,August,cumulative_fy,4195.0,4195.0,0.0,0.0,False,False,psp_energy_2022-08.pdf
Goa,2022,8,August,monthly,374.0,374.0,0.0,0.0,False,False,psp_energy_2022-08.pdf
Goa,2022,8,August,cumulative_fy,2022.0,2022.0,0.0,0.0,False,False,psp_energy_2022-08.pdf
Western Region,2022,8,August,monthly,35746.0,35742.0,4.0,0.0,True,False,psp_energy_2022-08.pdf
Western Region,2022,8,August,cumulative_fy,197892.0,197409.0,483.0,0.2,True,False,psp_energy_2022-08.pdf
Andhra Pradesh,2022,8,August,monthly,6084.0,6081.0,3.0,0.1,False,False,psp_energy_2022-08.pdf
Andhra Pradesh,2022,8,August,cumulative_fy,30703.0,30295.0,408.0,1.3,False,False,psp_energy_2022-08.pdf
Telangana,2022,8,August,monthly,6399.0,6389.0,10.0,0.2,False,False,psp_energy_2022-08.pdf
Telangana,2022,8,August,cumulative_fy,30096.0,30064.0,32.0,0.1,False,False,psp_energy_2022-08.pdf
Karnataka,2022,8,August,monthly,5321.0,5320.0,1.0,0.0,False,False,psp_energy_2022-08.pdf
Karnataka,2022,8,August,cumulative_fy,29533.0,29509.0,24.0,0.1,False,False,psp_energy_2022-08.pdf
Kerala,2022,8,August,monthly,2199.0,2199.0,0.0,0.0,False,False,psp_energy_2022-08.pdf
Kerala,2022,8,August,cumulative_fy,11421.0,11406.0,15.0,0.1,False,False,psp_energy_2022-08.pdf
Tamil Nadu,2022,8,August,monthly,9559.0,9557.0,2.0,0.0,False,False,psp_energy_2022-08.pdf
Tamil Nadu,2022,8,August,cumulative_fy,50549.0,50474.0,74.0,0.1,False,False,psp_energy_2022-08.pdf
Puducherry,2022,8,August,monthly,263.0,263.0,0.0,0.0,False,False,psp_energy_2022-08.pdf
Puducherry,2022,8,August,cumulative_fy,1370.0,1369.0,1.0,0.1,False,False,psp_energy_2022-08.pdf
Lakshadweep,2022,8,August,monthly,5.0,5.0,0.0,0.0,False,False,psp_energy_2022-08.pdf
Lakshadweep,2022,8,August,cumulative_fy,27.0,27.0,0.0,0.0,False,False,psp_energy_2022-08.pdf
Southern Region,2022,8,August,monthly,29829.0,29813.0,16.0,0.1,True,False,psp_energy_2022-08.pdf
Southern Region,2022,8,August,cumulative_fy,153692.0,153138.0,554.0,0.4,True,False,psp_energy_2022-08.pdf
Bihar,2022,8,August,monthly,4100.0,3933.0,168.0,4.1,False,False,psp_energy_2022-08.pdf
Bihar,2022,8,August,cumulative_fy,19147.0,18550.0,597.0,3.1,False,False,psp_energy_2022-08.pdf
DVC,2022,8,August,monthly,2206.0,2206.0,0.0,0.0,False,False,psp_energy_2022-08.pdf
DVC,2022,8,August,cumulative_fy,11299.0,11292.0,7.0,0.1,False,False,psp_energy_2022-08.pdf
Jharkhand,2022,8,August,monthly,1152.0,1093.0,59.0,5.2,False,False,psp_energy_2022-08.pdf
Jharkhand,2022,8,August,cumulative_fy,5615.0,5154.0,461.0,8.2,False,False,psp_energy_2022-08.pdf
Odisha,2022,8,August,monthly,4056.0,4056.0,0.0,0.0,False,False,psp_energy_2022-08.pdf
Odisha,2022,8,August,cumulative_fy,19355.0,19311.0,45.0,0.2,False,False,psp_energy_2022-08.pdf
West Bengal,2022,8,August,monthly,5762.0,5757.0,5.0,0.1,False,False,psp_energy_2022-08.pdf
West Bengal,2022,8,August,cumulative_fy,28531.0,28473.0,58.0,0.2,False,False,psp_energy_2022-08.pdf
Sikkim,2022,8,August,monthly,45.0,45.0,0.0,0.0,False,False,psp_energy_2022-08.pdf
Sikkim,2022,8,August,cumulative_fy,233.0,233.0,0.0,0.1,False,False,psp_energy_2022-08.pdf
Andaman & Nicobar,2022,8,August,monthly,28.0,28.0,0.0,0.0,False,False,psp_energy_2022-08.pdf
Andaman & Nicobar,2022,8,August,cumulative_fy,143.0,143.0,0.0,0.0,False,False,psp_energy_2022-08.pdf
Eastern Region,2022,8,August,monthly,17329.0,17098.0,232.0,1.3,True,False,psp_energy_2022-08.pdf
Eastern Region,2022,8,August,cumulative_fy,84211.0,83042.0,1168.0,1.4,True,False,psp_energy_2022-08.pdf
Arunachal Pradesh,2022,8,August,monthly,74.0,74.0,0.0,0.0,False,False,psp_energy_2022-08.pdf
Arunachal Pradesh,2022,8,August,cumulative_fy,383.0,363.0,20.0,5.1,False,False,psp_energy_2022-08.pdf
Assam,2022,8,August,monthly,1283.0,1283.0,0.0,0.0,False,False,psp_energy_2022-08.pdf
Assam,2022,8,August,cumulative_fy,5246.0,5246.0,0.0,0.0,False,False,psp_energy_2022-08.pdf
Manipur,2022,8,August,monthly,83.0,83.0,0.0,0.0,False,False,psp_energy_2022-08.pdf
Manipur,2022,8,August,cumulative_fy,392.0,392.0,0.0,0.1,False,False,psp_energy_2022-08.pdf
Meghalaya,2022,8,August,monthly,185.0,185.0,0.0,0.0,False,False,psp_energy_2022-08.pdf
Meghalaya,2022,8,August,cumulative_fy,848.0,848.0,0.0,0.0,False,False,psp_energy_2022-08.pdf
Mizoram,2022,8,August,monthly,42.0,42.0,0.0,0.0,False,False,psp_energy_2022-08.pdf
Mizoram,2022,8,August,cumulative_fy,258.0,258.0,0.0,0.0,False,False,psp_energy_2022-08.pdf
Nagaland,2022,8,August,monthly,95.0,87.0,8.0,8.9,False,False,psp_energy_2022-08.pdf
Nagaland,2022,8,August,cumulative_fy,418.0,382.0,36.0,8.6,False,False,psp_energy_2022-08.pdf
Tripura,2022,8,August,monthly,128.0,128.0,0.0,0.0,False,False,psp_energy_2022-08.pdf
Tripura,2022,8,August,cumulative_fy,667.0,667.0,0.0,0.0,False,False,psp_energy_2022-08.pdf
North-Eastern Region,2022,8,August,monthly,1891.0,1883.0,8.0,0.4,True,False,psp_energy_2022-08.pdf
North-Eastern Region,2022,8,August,cumulative_fy,8216.0,8160.0,57.0,0.7,True,False,psp_energy_2022-08.pdf
All India,2022,8,August,monthly,130855.0,130390.0,465.0,0.4,False,True,psp_energy_2022-08.pdf
All India,2022,8,August,cumulative_fy,664149.0,659092.0,5057.0,0.8,False,True,psp_energy_2022-08.pdf
Chandigarh,2022,9,September,monthly,176.0,176.0,0.0,0.0,False,False,psp_energy_2022-09.pdf
Chandigarh,2022,9,September,cumulative_fy,1111.0,1111.0,0.0,0.0,False,False,psp_energy_2022-09.pdf
Delhi,2022,9,September,monthly,3447.0,3446.0,0.0,0.0,False,False,psp_energy_2022-09.pdf
Delhi,2022,9,September,cumulative_fy,21952.0,21948.0,4.0,0.0,False,False,psp_energy_2022-09.pdf
Haryana,2022,9,September,monthly,6223.0,6205.0,17.0,0.3,False,False,psp_energy_2022-09.pdf
Haryana,2022,9,September,cumulative_fy,36680.0,36246.0,435.0,1.2,False,False,psp_energy_2022-09.pdf
Himachal Pradesh,2022,9,September,monthly,1075.0,1072.0,3.0,0.3,False,False,psp_energy_2022-09.pdf
Himachal Pradesh,2022,9,September,cumulative_fy,6404.0,6316.0,88.0,1.4,False,False,psp_energy_2022-09.pdf
UT of J&K and Ladakh,2022,9,September,monthly,1502.0,1487.0,15.0,1.0,False,False,psp_energy_2022-09.pdf
UT of J&K and Ladakh,2022,9,September,cumulative_fy,9299.0,9050.0,249.0,2.7,False,False,psp_energy_2022-09.pdf
Punjab,2022,9,September,monthly,7617.0,7617.0,0.0,0.0,False,False,psp_energy_2022-09.pdf
Punjab,2022,9,September,cumulative_fy,43429.0,43263.0,166.0,0.4,False,False,psp_energy_2022-09.pdf
Rajasthan,2022,9,September,monthly,8735.0,8701.0,34.0,0.4,False,False,psp_energy_2022-09.pdf
Rajasthan,2022,9,September,cumulative_fy,49772.0,48950.0,822.0,1.7,False,False,psp_energy_2022-09.pdf
Uttar Pradesh,2022,9,September,monthly,13268.0,13137.0,131.0,1.0,False,False,psp_energy_2022-09.pdf
Uttar Pradesh,2022,9,September,cumulative_fy,85714.0,84636.0,1078.0,1.3,False,False,psp_energy_2022-09.pdf
Uttarakhand,2022,9,September,monthly,1294.0,1283.0,11.0,0.8,False,False,psp_energy_2022-09.pdf
Uttarakhand,2022,9,September,cumulative_fy,8625.0,8462.0,163.0,1.9,False,False,psp_energy_2022-09.pdf
Northern Region,2022,9,September,monthly,43424.0,43213.0,211.0,0.5,True,False,psp_energy_2022-09.pdf
Northern Region,2022,9,September,cumulative_fy,263562.0,260557.0,3006.0,1.1,True,False,psp_energy_2022-09.pdf
Chhattisgarh,2022,9,September,monthly,3244.0,3243.0,1.0,0.0,False,False,psp_energy_2022-09.pdf
Chhattisgarh,2022,9,September,cumulative_fy,18826.0,18768.0,59.0,0.3,False,False,psp_energy_2022-09.pdf
Gujarat,2022,9,September,monthly,10877.0,10877.0,0.0,0.0,False,False,psp_energy_2022-09.pdf
Gujarat,2022,9,September,cumulative_fy,69855.0,69844.0,11.0,0.0,False,False,psp_energy_2022-09.pdf
Madhya Pradesh,2022,9,September,monthly,6786.0,6786.0,0.0,0.0,False,False,psp_energy_2022-09.pdf
Madhya Pradesh,2022,9,September,cumulative_fy,43382.0,43078.0,304.0,0.7,False,False,psp_energy_2022-09.pdf
Maharashtra,2022,9,September,monthly,13428.0,13427.0,0.0,0.0,False,False,psp_energy_2022-09.pdf
Maharashtra,2022,9,September,cumulative_fy,92110.0,92000.0,110.0,0.1,False,False,psp_energy_2022-09.pdf
Dadra & Nagar Haveli and Daman & Diu,2022,9,September,monthly,836.0,836.0,0.0,0.0,False,False,psp_energy_2022-09.pdf
Dadra & Nagar Haveli and Daman & Diu,2022,9,September,cumulative_fy,5031.0,5031.0,0.0,0.0,False,False,psp_energy_2022-09.pdf
Goa,2022,9,September,monthly,355.0,355.0,0.0,0.0,False,False,psp_energy_2022-09.pdf
Goa,2022,9,September,cumulative_fy,2377.0,2377.0,0.0,0.0,False,False,psp_energy_2022-09.pdf
Western Region,2022,9,September,monthly,35778.0,35776.0,2.0,0.0,True,False,psp_energy_2022-09.pdf
Western Region,2022,9,September,cumulative_fy,233669.0,233185.0,484.0,0.2,True,False,psp_energy_2022-09.pdf
Andhra Pradesh,2022,9,September,monthly,5984.0,5984.0,0.0,0.0,False,False,psp_energy_2022-09.pdf
Andhra Pradesh,2022,9,September,cumulative_fy,36687.0,36279.0,408.0,1.1,False,False,psp_energy_2022-09.pdf
Telangana,2022,9,September,monthly,6296.0,6295.0,0.0,0.0,False,False,psp_energy_2022-09.pdf
Telangana,2022,9,September,cumulative_fy,36391.0,36359.0,32.0,0.1,False,False,psp_energy_2022-09.pdf
Karnataka,2022,9,September,monthly,5369.0,5369.0,0.0,0.0,False,False,psp_energy_2022-09.pdf
Karnataka,2022,9,September,cumulative_fy,34903.0,34878.0,24.0,0.1,False,False,psp_energy_2022-09.pdf
Kerala,2022,9,September,monthly,2206.0,2206.0,1.0,0.0,False,False,psp_energy_2022-09.pdf
Kerala,2022,9,September,cumulative_fy,13627.0,13612.0,16.0,0.1,False,False,psp_energy_2022-09.pdf
Tamil Nadu,2022,9,September,monthly,9441.0,9441.0,0.0,0.0,False,False,psp_energy_2022-09.pdf
Tamil Nadu,2022,9,September,cumulative_fy,59990.0,59915.0,75.0,0.1,False,False,psp_energy_2022-09.pdf
Puducherry,2022,9,September,monthly,253.0,253.0,0.0,0.0,False,False,psp_energy_2022-09.pdf
Puducherry,2022,9,September,cumulative_fy,1623.0,1622.0,1.0,0.1,False,False,psp_energy_2022-09.pdf
Lakshadweep,2022,9,September,monthly,5.0,5.0,0.0,0.0,False,False,psp_energy_2022-09.pdf
Lakshadweep,2022,9,September,cumulative_fy,32.0,32.0,0.0,0.0,False,False,psp_energy_2022-09.pdf
Southern Region,2022,9,September,monthly,29553.0,29551.0,2.0,0.0,True,False,psp_energy_2022-09.pdf
Southern Region,2022,9,September,cumulative_fy,183245.0,182689.0,556.0,0.3,True,False,psp_energy_2022-09.pdf
Bihar,2022,9,September,monthly,3706.0,3656.0,50.0,1.3,False,False,psp_energy_2022-09.pdf
Bihar,2022,9,September,cumulative_fy,22853.0,22206.0,647.0,2.8,False,False,psp_energy_2022-09.pdf
DVC,2022,9,September,monthly,2160.0,2160.0,0.0,0.0,False,False,psp_energy_2022-09.pdf
DVC,2022,9,September,cumulative_fy,13458.0,13451.0,7.0,0.1,False,False,psp_energy_2022-09.pdf
Jharkhand,2022,9,September,monthly,1129.0,1085.0,44.0,3.9,False,False,psp_energy_2022-09.pdf
Jharkhand,2022,9,September,cumulative_fy,6744.0,6239.0,505.0,7.5,False,False,psp_energy_2022-09.pdf
Odisha,2022,9,September,monthly,4030.0,4030.0,0.0,0.0,False,False,psp_energy_2022-09.pdf
Odisha,2022,9,September,cumulative_fy,23385.0,23340.0,45.0,0.2,False,False,psp_energy_2022-09.pdf
West Bengal,2022,9,September,monthly,5551.0,5547.0,3.0,0.1,False,False,psp_energy_2022-09.pdf
West Bengal,2022,9,September,cumulative_fy,34082.0,34020.0,61.0,0.2,False,False,psp_energy_2022-09.pdf
Sikkim,2022,9,September,monthly,47.0,47.0,0.0,0.0,False,False,psp_energy_2022-09.pdf
Sikkim,2022,9,September,cumulative_fy,279.0,279.0,0.0,0.1,False,False,psp_energy_2022-09.pdf
Andaman & Nicobar,2022,9,September,monthly,29.0,29.0,0.0,0.0,False,False,psp_energy_2022-09.pdf
Andaman & Nicobar,2022,9,September,cumulative_fy,172.0,172.0,0.0,0.0,False,False,psp_energy_2022-09.pdf
Eastern Region,2022,9,September,monthly,16629.0,16533.0,97.0,0.6,True,False,psp_energy_2022-09.pdf
Eastern Region,2022,9,September,cumulative_fy,100840.0,99575.0,1265.0,1.3,True,False,psp_energy_2022-09.pdf
Arunachal Pradesh,2022,9,September,monthly,70.0,70.0,0.0,0.0,False,False,psp_energy_2022-09.pdf
Arunachal Pradesh,2022,9,September,cumulative_fy,452.0,433.0,20.0,4.3,False,False,psp_energy_2022-09.pdf
Assam,2022,9,September,monthly,1221.0,1221.0,0.0,0.0,False,False,psp_energy_2022-09.pdf
Assam,2022,9,September,cumulative_fy,6467.0,6467.0,0.0,0.0,False,False,psp_energy_2022-09.pdf
Manipur,2022,9,September,monthly,81.0,81.0,0.0,0.0,False,False,psp_energy_2022-09.pdf
Manipur,2022,9,September,cumulative_fy,473.0,473.0,0.0,0.1,False,False,psp_energy_2022-09.pdf
Meghalaya,2022,9,September,monthly,180.0,180.0,0.0,0.0,False,False,psp_energy_2022-09.pdf
Meghalaya,2022,9,September,cumulative_fy,1028.0,1028.0,0.0,0.0,False,False,psp_energy_2022-09.pdf
Mizoram,2022,9,September,monthly,48.0,48.0,0.0,0.0,False,False,psp_energy_2022-09.pdf
Mizoram,2022,9,September,cumulative_fy,306.0,306.0,0.0,0.0,False,False,psp_energy_2022-09.pdf
Nagaland,2022,9,September,monthly,84.0,83.0,1.0,1.0,False,False,psp_energy_2022-09.pdf
Nagaland,2022,9,September,cumulative_fy,502.0,465.0,37.0,7.4,False,False,psp_energy_2022-09.pdf
Tripura,2022,9,September,monthly,157.0,157.0,0.0,0.0,False,False,psp_energy_2022-09.pdf
Tripura,2022,9,September,cumulative_fy,824.0,824.0,0.0,0.0,False,False,psp_energy_2022-09.pdf
North-Eastern Region,2022,9,September,monthly,1841.0,1840.0,1.0,0.0,True,False,psp_energy_2022-09.pdf
North-Eastern Region,2022,9,September,cumulative_fy,10058.0,10000.0,58.0,0.6,True,False,psp_energy_2022-09.pdf
All India,2022,9,September,monthly,127226.0,126914.0,312.0,0.2,False,True,psp_energy_2022-09.pdf
All India,2022,9,September,cumulative_fy,791375.0,786006.0,5369.0,0.7,False,True,psp_energy_2022-09.pdf
Chandigarh,2022,10,October,monthly,121.0,121.0,0.0,0.0,False,False,psp_energy_2022-10.pdf
Chandigarh,2022,10,October,cumulative_fy,1231.0,1231.0,0.0,0.0,False,False,psp_energy_2022-10.pdf
Delhi,2022,10,October,monthly,2448.0,2448.0,0.0,0.0,False,False,psp_energy_2022-10.pdf
Delhi,2022,10,October,cumulative_fy,24400.0,24396.0,4.0,0.0,False,False,psp_energy_2022-10.pdf
Haryana,2022,10,October,monthly,4413.0,4412.0,1.0,0.0,False,False,psp_energy_2022-10.pdf
Haryana,2022,10,October,cumulative_fy,41093.0,40657.0,436.0,1.1,False,False,psp_energy_2022-10.pdf
Himachal Pradesh,2022,10,October,monthly,1035.0,1033.0,2.0,0.2,False,False,psp_energy_2022-10.pdf
Himachal Pradesh,2022,10,October,cumulative_fy,7439.0,7349.0,90.0,1.2,False,False,psp_energy_2022-10.pdf
UT of J&K and Ladakh,2022,10,October,monthly,1573.0,1557.0,16.0,1.0,False,False,psp_energy_2022-10.pdf
UT of J&K and Ladakh,2022,10,October,cumulative_fy,10872.0,10607.0,265.0,2.4,False,False,psp_energy_2022-10.pdf
Punjab,2022,10,October,monthly,4959.0,4952.0,7.0,0.1,False,False,psp_energy_2022-10.pdf
Punjab,2022,10,October,cumulative_fy,48387.0,48215.0,172.0,0.4,False,False,psp_energy_2022-10.pdf
Rajasthan,2022,10,October,monthly,7891.0,7874.0,18.0,0.2,False,False,psp_energy_2022-10.pdf
Rajasthan,2022,10,October,cumulative_fy,57664.0,56824.0,840.0,1.5,False,False,psp_energy_2022-10.pdf
Uttar Pradesh,2022,10,October,monthly,10070.0,10062.0,7.0,0.1,False,False,psp_energy_2022-10.pdf
Uttar Pradesh,2022,10,October,cumulative_fy,95784.0,94698.0,1086.0,1.1,False,False,psp_energy_2022-10.pdf
Uttarakhand,2022,10,October,monthly,1099.0,1096.0,4.0,0.3,False,False,psp_energy_2022-10.pdf
Uttarakhand,2022,10,October,cumulative_fy,9725.0,9558.0,167.0,1.7,False,False,psp_energy_2022-10.pdf
Northern Region,2022,10,October,monthly,33706.0,33651.0,54.0,0.2,True,False,psp_energy_2022-10.pdf
Northern Region,2022,10,October,cumulative_fy,297268.0,294208.0,3060.0,1.0,True,False,psp_energy_2022-10.pdf
Chhattisgarh,2022,10,October,monthly,3426.0,3426.0,0.0,0.0,False,False,psp_energy_2022-10.pdf
Chhattisgarh,2022,10,October,cumulative_fy,22252.0,22194.0,59.0,0.3,False,False,psp_energy_2022-10.pdf
Gujarat,2022,10,October,monthly,10704.0,10704.0,0.0,0.0,False,False,psp_energy_2022-10.pdf
Gujarat,2022,10,October,cumulative_fy,80559.0,80548.0,11.0,0.0,False,False,psp_energy_2022-10.pdf
Madhya Pradesh,2022,10,October,monthly,6735.0,6735.0,0.0,0.0,False,False,psp_energy_2022-10.pdf
Madhya Pradesh,2022,10,October,cumulative_fy,50117.0,49813.0,304.0,0.6,False,False,psp_energy_2022-10.pdf
Maharashtra,2022,10,October,monthly,13366.0,13366.0,0.0,0.0,False,False,psp_energy_2022-10.pdf
Maharashtra,2022,10,October,cumulative_fy,105476.0,105366.0,110.0,0.1,False,False,psp_energy_2022-10.pdf
Dadra & Nagar Haveli and Daman & Diu,2022,10,October,monthly,836.0,836.0,0.0,0.0,False,False,psp_energy_2022-10.pdf
Dadra & Nagar Haveli and Daman & Diu,2022,10,October,cumulative_fy,5867.0,5867.0,0.0,0.0,False,False,psp_energy_2022-10.pdf
Goa,2022,10,October,monthly,362.0,362.0,0.0,0.0,False,False,psp_energy_2022-10.pdf
Goa,2022,10,October,cumulative_fy,2739.0,2739.0,0.0,0.0,False,False,psp_energy_2022-10.pdf
Western Region,2022,10,October,monthly,35689.0,35689.0,0.0,0.0,True,False,psp_energy_2022-10.pdf
Western Region,2022,10,October,cumulative_fy,269359.0,268874.0,484.0,0.2,True,False,psp_energy_2022-10.pdf
Andhra Pradesh,2022,10,October,monthly,5527.0,5527.0,0.0,0.0,False,False,psp_energy_2022-10.pdf
Andhra Pradesh,2022,10,October,cumulative_fy,42214.0,41805.0,408.0,1.0,False,False,psp_energy_2022-10.pdf
Telangana,2022,10,October,monthly,5616.0,5616.0,0.0,0.0,False,False,psp_energy_2022-10.pdf
Telangana,2022,10,October,cumulative_fy,42007.0,41975.0,32.0,0.1,False,False,psp_energy_2022-10.pdf
Karnataka,2022,10,October,monthly,5091.0,5091.0,0.0,0.0,False,False,psp_energy_2022-10.pdf
Karnataka,2022,10,October,cumulative_fy,39994.0,39969.0,24.0,0.1,False,False,psp_energy_2022-10.pdf
Kerala,2022,10,October,monthly,2322.0,2322.0,0.0,0.0,False,False,psp_energy_2022-10.pdf
Kerala,2022,10,October,cumulative_fy,15950.0,15934.0,16.0,0.1,False,False,psp_energy_2022-10.pdf
Tamil Nadu,2022,10,October,monthly,8820.0,8820.0,0.0,0.0,False,False,psp_energy_2022-10.pdf
Tamil Nadu,2022,10,October,cumulative_fy,68810.0,68735.0,75.0,0.1,False,False,psp_energy_2022-10.pdf
Puducherry,2022,10,October,monthly,243.0,243.0,0.0,0.0,False,False,psp_energy_2022-10.pdf
Puducherry,2022,10,October,cumulative_fy,1866.0,1865.0,1.0,0.0,False,False,psp_energy_2022-10.pdf
Lakshadweep,2022,10,October,monthly,5.0,5.0,0.0,0.0,False,False,psp_energy_2022-10.pdf
Lakshadweep,2022,10,October,cumulative_fy,37.0,37.0,0.0,0.0,False,False,psp_energy_2022-10.pdf
Southern Region,2022,10,October,monthly,27623.0,27623.0,0.0,0.0,True,False,psp_energy_2022-10.pdf
Southern Region,2022,10,October,cumulative_fy,210868.0,210312.0,556.0,0.3,True,False,psp_energy_2022-10.pdf
Bihar,2022,10,October,monthly,3315.0,3277.0,38.0,1.1,False,False,psp_energy_2022-10.pdf
Bihar,2022,10,October,cumulative_fy,26168.0,25484.0,684.0,2.6,False,False,psp_energy_2022-10.pdf
DVC,2022,10,October,monthly,2140.0,2140.0,0.0,0.0,False,False,psp_energy_2022-10.pdf
DVC,2022,10,October,cumulative_fy,15598.0,15591.0,7.0,0.0,False,False,psp_energy_2022-10.pdf
Jharkhand,2022,10,October,monthly,1118.0,1087.0,31.0,2.7,False,False,psp_energy_2022-10.pdf
Jharkhand,2022,10,October,cumulative_fy,7862.0,7327.0,536.0,6.8,False,False,psp_energy_2022-10.pdf
Odisha,2022,10,October,monthly,3771.0,3771.0,0.0,0.0,False,False,psp_energy_2022-10.pdf
Odisha,2022,10,October,cumulative_fy,27156.0,27112.0,45.0,0.2,False,False,psp_energy_2022-10.pdf
West Bengal,2022,10,October,monthly,5044.0,5042.0,1.0,0.0,False,False,psp_energy_2022-10.pdf
West Bengal,2022,10,October,cumulative_fy,39125.0,39063.0,63.0,0.2,False,False,psp_energy_2022-10.pdf
Sikkim,2022,10,October,monthly,42.0,42.0,0.0,0.0,False,False,psp_energy_2022-10.pdf
Sikkim,2022,10,October,cumulative_fy,321.0,321.0,0.0,0.0,False,False,psp_energy_2022-10.pdf
Andaman & Nicobar,2022,10,October,monthly,29.0,29.0,0.0,0.0,False,False,psp_energy_2022-10.pdf
Andaman & Nicobar,2022,10,October,cumulative_fy,202.0,202.0,0.0,0.0,False,False,psp_energy_2022-10.pdf
Eastern Region,2022,10,October,monthly,15435.0,15366.0,69.0,0.4,True,False,psp_energy_2022-10.pdf
Eastern Region,2022,10,October,cumulative_fy,116275.0,114941.0,1334.0,1.1,True,False,psp_energy_2022-10.pdf
Arunachal Pradesh,2022,10,October,monthly,74.0,74.0,0.0,0.0,False,False,psp_energy_2022-10.pdf
Arunachal Pradesh,2022,10,October,cumulative_fy,527.0,507.0,20.0,3.7,False,False,psp_energy_2022-10.pdf
Assam,2022,10,October,monthly,1006.0,1006.0,0.0,0.0,False,False,psp_energy_2022-10.pdf
Assam,2022,10,October,cumulative_fy,7473.0,7473.0,0.0,0.0,False,False,psp_energy_2022-10.pdf
Manipur,2022,10,October,monthly,80.0,80.0,0.0,0.0,False,False,psp_energy_2022-10.pdf
Manipur,2022,10,October,cumulative_fy,553.0,552.0,0.0,0.1,False,False,psp_energy_2022-10.pdf
Meghalaya,2022,10,October,monthly,188.0,188.0,0.0,0.0,False,False,psp_energy_2022-10.pdf
Meghalaya,2022,10,October,cumulative_fy,1216.0,1216.0,0.0,0.0,False,False,psp_energy_2022-10.pdf
Mizoram,2022,10,October,monthly,44.0,44.0,0.0,0.0,False,False,psp_energy_2022-10.pdf
Mizoram,2022,10,October,cumulative_fy,351.0,351.0,0.0,0.0,False,False,psp_energy_2022-10.pdf
Nagaland,2022,10,October,monthly,74.0,74.0,0.0,0.0,False,False,psp_energy_2022-10.pdf
Nagaland,2022,10,October,cumulative_fy,576.0,539.0,37.0,6.4,False,False,psp_energy_2022-10.pdf
Tripura,2022,10,October,monthly,148.0,148.0,0.0,0.0,False,False,psp_energy_2022-10.pdf
Tripura,2022,10,October,cumulative_fy,972.0,972.0,0.0,0.0,False,False,psp_energy_2022-10.pdf
North-Eastern Region,2022,10,October,monthly,1615.0,1615.0,0.0,0.0,True,False,psp_energy_2022-10.pdf
North-Eastern Region,2022,10,October,cumulative_fy,11673.0,11615.0,58.0,0.5,True,False,psp_energy_2022-10.pdf
All India,2022,10,October,monthly,114068.0,113944.0,124.0,0.1,False,True,psp_energy_2022-10.pdf
All India,2022,10,October,cumulative_fy,905443.0,899950.0,5492.0,0.6,False,True,psp_energy_2022-10.pdf
Chandigarh,2022,11,November,monthly,99.0,99.0,0.0,0.0,False,False,psp_energy_2022-11.pdf
Chandigarh,2022,11,November,cumulative_fy,1331.0,1331.0,0.0,0.0,False,False,psp_energy_2022-11.pdf
Delhi,2022,11,November,monthly,2043.0,2043.0,0.0,0.0,False,False,psp_energy_2022-11.pdf
Delhi,2022,11,November,cumulative_fy,26443.0,26439.0,4.0,0.0,False,False,psp_energy_2022-11.pdf
Haryana,2022,11,November,monthly,3893.0,3889.0,4.0,0.1,False,False,psp_energy_2022-11.pdf
Haryana,2022,11,November,cumulative_fy,44986.0,44546.0,440.0,1.0,False,False,psp_energy_2022-11.pdf
Himachal Pradesh,2022,11,November,monthly,1029.0,1028.0,0.0,0.0,False,False,psp_energy_2022-11.pdf
Himachal Pradesh,2022,11,November,cumulative_fy,8468.0,8377.0,90.0,1.1,False,False,psp_energy_2022-11.pdf
UT of J&K and Ladakh,2022,11,November,monthly,1649.0,1628.0,21.0,1.3,False,False,psp_energy_2022-11.pdf
UT of J&K and Ladakh,2022,11,November,cumulative_fy,12521.0,12235.0,286.0,2.3,False,False,psp_energy_2022-11.pdf
Punjab,2022,11,November,monthly,3738.0,3732.0,7.0,0.2,False,False,psp_energy_2022-11.pdf
Punjab,2022,11,November,cumulative_fy,52126.0,51947.0,179.0,0.3,False,False,psp_energy_2022-11.pdf
Rajasthan,2022,11,November,monthly,8776.0,8741.0,35.0,0.4,False,False,psp_energy_2022-11.pdf
Rajasthan,2022,11,November,cumulative_fy,66440.0,65565.0,875.0,1.3,False,False,psp_energy_2022-11.pdf
Uttar Pradesh,2022,11,November,monthly,9207.0,9200.0,8.0,0.1,False,False,psp_energy_2022-11.pdf
Uttar Pradesh,2022,11,November,cumulative_fy,104991.0,103898.0,1093.0,1.0,False,False,psp_energy_2022-11.pdf
Uttarakhand,2022,11,November,monthly,1079.0,1069.0,10.0,0.9,False,False,psp_energy_2022-11.pdf
Uttarakhand,2022,11,November,cumulative_fy,10804.0,10627.0,177.0,1.6,False,False,psp_energy_2022-11.pdf
Northern Region,2022,11,November,monthly,31612.0,31527.0,85.0,0.3,True,False,psp_energy_2022-11.pdf
Northern Region,2022,11,November,cumulative_fy,328880.0,325735.0,3145.0,1.0,True,False,psp_energy_2022-11.pdf
Chhattisgarh,2022,11,November,monthly,2479.0,2479.0,0.0,0.0,False,False,psp_energy_2022-11.pdf
Chhattisgarh,2022,11,November,cumulative_fy,24731.0,24672.0,59.0,0.2,False,False,psp_energy_2022-11.pdf
Gujarat,2022,11,November,monthly,11706.0,11706.0,0.0,0.0,False,False,psp_energy_2022-11.pdf
Gujarat,2022,11,November,cumulative_fy,92265.0,92254.0,11.0,0.0,False,False,psp_energy_2022-11.pdf
Madhya Pradesh,2022,11,November,monthly,8329.0,8329.0,0.0,0.0,False,False,psp_energy_2022-11.pdf
Madhya Pradesh,2022,11,November,cumulative_fy,58446.0,58142.0,304.0,0.5,False,False,psp_energy_2022-11.pdf
Maharashtra,2022,11,November,monthly,15112.0,15112.0,0.0,0.0,False,False,psp_energy_2022-11.pdf
Maharashtra,2022,11,November,cumulative_fy,120588.0,120478.0,110.0,0.1,False,False,psp_energy_2022-11.pdf
Dadra & Nagar Haveli and Daman & Diu,2022,11,November,monthly,801.0,801.0,0.0,0.0,False,False,psp_energy_2022-11.pdf
Dadra & Nagar Haveli and Daman & Diu,2022,11,November,cumulative_fy,6668.0,6668.0,0.0,0.0,False,False,psp_energy_2022-11.pdf
Goa,2022,11,November,monthly,329.0,329.0,0.0,0.0,False,False,psp_energy_2022-11.pdf
Goa,2022,11,November,cumulative_fy,3068.0,3068.0,0.0,0.0,False,False,psp_energy_2022-11.pdf
Western Region,2022,11,November,monthly,39254.0,39254.0,0.0,0.0,True,False,psp_energy_2022-11.pdf
Western Region,2022,11,November,cumulative_fy,308613.0,308129.0,484.0,0.2,True,False,psp_energy_2022-11.pdf
Andhra Pradesh,2022,11,November,monthly,5492.0,5491.0,0.0,0.0,False,False,psp_energy_2022-11.pdf
Andhra Pradesh,2022,11,November,cumulative_fy,47706.0,47297.0,409.0,0.9,False,False,psp_energy_2022-11.pdf
Telangana,2022,11,November,monthly,5233.0,5233.0,0.0,0.0,False,False,psp_energy_2022-11.pdf
Telangana,2022,11,November,cumulative_fy,47241.0,47208.0,33.0,0.1,False,False,psp_energy_2022-11.pdf
Karnataka,2022,11,November,monthly,5999.0,5999.0,0.0,0.0,False,False,psp_energy_2022-11.pdf
Karnataka,2022,11,November,cumulative_fy,45993.0,45968.0,25.0,0.1,False,False,psp_energy_2022-11.pdf
Kerala,2022,11,November,monthly,2233.0,2233.0,0.0,0.0,False,False,psp_energy_2022-11.pdf
Kerala,2022,11,November,cumulative_fy,18183.0,18167.0,16.0,0.1,False,False,psp_energy_2022-11.pdf
Tamil Nadu,2022,11,November,monthly,8314.0,8314.0,1.0,0.0,False,False,psp_energy_2022-11.pdf
Tamil Nadu,2022,11,November,cumulative_fy,77124.0,77049.0,75.0,0.1,False,False,psp_energy_2022-11.pdf
Puducherry,2022,11,November,monthly,231.0,231.0,0.0,0.0,False,False,psp_energy_2022-11.pdf
Puducherry,2022,11,November,cumulative_fy,2097.0,2096.0,1.0,0.0,False,False,psp_energy_2022-11.pdf
Lakshadweep,2022,11,November,monthly,5.0,5.0,0.0,0.0,False,False,psp_energy_2022-11.pdf
Lakshadweep,2022,11,November,cumulative_fy,42.0,42.0,0.0,0.0,False,False,psp_energy_2022-11.pdf
Southern Region,2022,11,November,monthly,27507.0,27505.0,2.0,0.0,True,False,psp_energy_2022-11.pdf
Southern Region,2022,11,November,cumulative_fy,238375.0,237817.0,558.0,0.2,True,False,psp_energy_2022-11.pdf
Bihar,2022,11,November,monthly,2454.0,2441.0,13.0,0.5,False,False,psp_energy_2022-11.pdf
Bihar,2022,11,November,cumulative_fy,28622.0,27924.0,697.0,2.4,False,False,psp_energy_2022-11.pdf
DVC,2022,11,November,monthly,2049.0,2049.0,0.0,0.0,False,False,psp_energy_2022-11.pdf
DVC,2022,11,November,cumulative_fy,17647.0,17640.0,7.0,0.0,False,False,psp_energy_2022-11.pdf
Jharkhand,2022,11,November,monthly,1059.0,946.0,112.0,10.6,False,False,psp_energy_2022-11.pdf
Jharkhand,2022,11,November,cumulative_fy,8921.0,8273.0,648.0,7.3,False,False,psp_energy_2022-11.pdf
Odisha,2022,11,November,monthly,3077.0,3077.0,0.0,0.0,False,False,psp_energy_2022-11.pdf
Odisha,2022,11,November,cumulative_fy,30233.0,30188.0,45.0,0.1,False,False,psp_energy_2022-11.pdf
West Bengal,2022,11,November,monthly,3925.0,3924.0,0.0,0.0,False,False,psp_energy_2022-11.pdf
West Bengal,2022,11,November,cumulative_fy,43050.0,42987.0,63.0,0.1,False,False,psp_energy_2022-11.pdf
Sikkim,2022,11,November,monthly,49.0,49.0,0.0,0.0,False,False,psp_energy_2022-11.pdf
Sikkim,2022,11,November,cumulative_fy,370.0,370.0,0.0,0.0,False,False,psp_energy_2022-11.pdf
Andaman & Nicobar,2022,11,November,monthly,28.0,28.0,0.0,0.0,False,False,psp_energy_2022-11.pdf
Andaman & Nicobar,2022,11,November,cumulative_fy,230.0,230.0,0.0,0.0,False,False,psp_energy_2022-11.pdf
Eastern Region,2022,11,November,monthly,12615.0,12489.0,126.0,1.0,True,False,psp_energy_2022-11.pdf
Eastern Region,2022,11,November,cumulative_fy,128890.0,127430.0,1460.0,1.1,True,False,psp_energy_2022-11.pdf
Arunachal Pradesh,2022,11,November,monthly,64.0,64.0,0.0,0.0,False,False,psp_energy_2022-11.pdf
Arunachal Pradesh,2022,11,November,cumulative_fy,591.0,571.0,20.0,3.3,False,False,psp_energy_2022-11.pdf
Assam,2022,11,November,monthly,772.0,772.0,0.0,0.0,False,False,psp_energy_2022-11.pdf
Assam,2022,11,November,cumulative_fy,8246.0,8246.0,0.0,0.0,False,False,psp_energy_2022-11.pdf
Manipur,2022,11,November,monthly,84.0,84.0,0.0,0.0,False,False,psp_energy_2022-11.pdf
Manipur,2022,11,November,cumulative_fy,637.0,637.0,0.0,0.1,False,False,psp_energy_2022-11.pdf
Meghalaya,2022,11,November,monthly,200.0,200.0,0.0,0.0,False,False,psp_energy_2022-11.pdf
Meghalaya,2022,11,November,cumulative_fy,1415.0,1415.0,0.0,0.0,False,False,psp_energy_2022-11.pdf
Mizoram,2022,11,November,monthly,56.0,56.0,0.0,0.0,False,False,psp_energy_2022-11.pdf
Mizoram,2022,11,November,cumulative_fy,407.0,407.0,0.0,0.0,False,False,psp_energy_2022-11.pdf
Nagaland,2022,11,November,monthly,65.0,65.0,0.0,0.0,False,False,psp_energy_2022-11.pdf
Nagaland,2022,11,November,cumulative_fy,642.0,605.0,37.0,5.8,False,False,psp_energy_2022-11.pdf
Tripura,2022,11,November,monthly,118.0,118.0,0.0,0.0,False,False,psp_energy_2022-11.pdf
Tripura,2022,11,November,cumulative_fy,1091.0,1091.0,0.0,0.0,False,False,psp_energy_2022-11.pdf
North-Eastern Region,2022,11,November,monthly,1362.0,1362.0,0.0,0.0,True,False,psp_energy_2022-11.pdf
North-Eastern Region,2022,11,November,cumulative_fy,13034.0,12977.0,58.0,0.4,True,False,psp_energy_2022-11.pdf
All India,2022,11,November,monthly,112350.0,112137.0,213.0,0.2,False,True,psp_energy_2022-11.pdf
All India,2022,11,November,cumulative_fy,1017793.0,1012088.0,5705.0,0.6,False,True,psp_energy_2022-11.pdf
Chandigarh,2022,12,December,monthly,116.0,116.0,0.0,0.0,False,False,psp_energy_2022-12.pdf
Chandigarh,2022,12,December,cumulative_fy,1447.0,1447.0,0.0,0.0,False,False,psp_energy_2022-12.pdf
Delhi,2022,12,December,monthly,2177.0,2176.0,1.0,0.0,False,False,psp_energy_2022-12.pdf
Delhi,2022,12,December,cumulative_fy,28620.0,28615.0,5.0,0.0,False,False,psp_energy_2022-12.pdf
Haryana,2022,12,December,monthly,4300.0,4287.0,13.0,0.3,False,False,psp_energy_2022-12.pdf
Haryana,2022,12,December,cumulative_fy,49287.0,48834.0,453.0,0.9,False,False,psp_energy_2022-12.pdf
Himachal Pradesh,2022,12,December,monthly,1109.0,1105.0,4.0,0.4,False,False,psp_energy_2022-12.pdf
Himachal Pradesh,2022,12,December,cumulative_fy,9577.0,9482.0,94.0,1.0,False,False,psp_energy_2022-12.pdf
UT of J&K and Ladakh,2022,12,December,monthly,1798.0,1787.0,11.0,0.6,False,False,psp_energy_2022-12.pdf
UT of J&K and Ladakh,2022,12,December,cumulative_fy,14319.0,14022.0,297.0,2.1,False,False,psp_energy_2022-12.pdf
Punjab,2022,12,December,monthly,4301.0,4273.0,28.0,0.7,False,False,psp_energy_2022-12.pdf
Punjab,2022,12,December,cumulative_fy,56427.0,56220.0,207.0,0.4,False,False,psp_energy_2022-12.pdf
Rajasthan,2022,12,December,monthly,9634.0,9476.0,158.0,1.6,False,False,psp_energy_2022-12.pdf
Rajasthan,2022,12,December,cumulative_fy,76074.0,75041.0,1033.0,1.4,False,False,psp_energy_2022-12.pdf
Uttar Pradesh,2022,12,December,monthly,9898.0,9878.0,21.0,0.2,False,False,psp_energy_2022-12.pdf
Uttar Pradesh,2022,12,December,cumulative_fy,114889.0,113776.0,1114.0,1.0,False,False,psp_energy_2022-12.pdf
Uttarakhand,2022,12,December,monthly,1229.0,1212.0,16.0,1.3,False,False,psp_energy_2022-12.pdf
Uttarakhand,2022,12,December,cumulative_fy,12032.0,11839.0,193.0,1.6,False,False,psp_energy_2022-12.pdf
Northern Region,2022,12,December,monthly,34679.0,34427.0,252.0,0.7,True,False,psp_energy_2022-12.pdf
Northern Region,2022,12,December,cumulative_fy,363559.0,360162.0,3397.0,0.9,True,False,psp_energy_2022-12.pdf
Chhattisgarh,2022,12,December,monthly,2865.0,2864.0,1.0,0.0,False,False,psp_energy_2022-12.pdf
Chhattisgarh,2022,12,December,cumulative_fy,27596.0,27536.0,59.0,0.2,False,False,psp_energy_2022-12.pdf
Gujarat,2022,12,December,monthly,12095.0,12095.0,0.0,0.0,False,False,psp_energy_2022-12.pdf
Gujarat,2022,12,December,cumulative_fy,104361.0,104349.0,11.0,0.0,False,False,psp_energy_2022-12.pdf
Madhya Pradesh,2022,12,December,monthly,9443.0,9443.0,0.0,0.0,False,False,psp_energy_2022-12.pdf
Madhya Pradesh,2022,12,December,cumulative_fy,67889.0,67585.0,304.0,0.4,False,False,psp_energy_2022-12.pdf
Maharashtra,2022,12,December,monthly,16642.0,16642.0,0.0,0.0,False,False,psp_energy_2022-12.pdf
Maharashtra,2022,12,December,cumulative_fy,137230.0,137119.0,111.0,0.1,False,False,psp_energy_2022-12.pdf
Dadra & Nagar Haveli and Daman & Diu,2022,12,December,monthly,843.0,843.0,0.0,0.0,False,False,psp_energy_2022-12.pdf
Dadra & Nagar Haveli and Daman & Diu,2022,12,December,cumulative_fy,7511.0,7511.0,0.0,0.0,False,False,psp_energy_2022-12.pdf
Goa,2022,12,December,monthly,402.0,402.0,0.0,0.0,False,False,psp_energy_2022-12.pdf
Goa,2022,12,December,cumulative_fy,3470.0,3470.0,0.0,0.0,False,False,psp_energy_2022-12.pdf
Western Region,2022,12,December,monthly,42996.0,42995.0,1.0,0.0,True,False,psp_energy_2022-12.pdf
Western Region,2022,12,December,cumulative_fy,351609.0,351124.0,485.0,0.1,True,False,psp_energy_2022-12.pdf
Andhra Pradesh,2022,12,December,monthly,5586.0,5586.0,0.0,0.0,False,False,psp_energy_2022-12.pdf
Andhra Pradesh,2022,12,December,cumulative_fy,53292.0,52883.0,409.0,0.8,False,False,psp_energy_2022-12.pdf
Telangana,2022,12,December,monthly,6431.0,6431.0,0.0,0.0,False,False,psp_energy_2022-12.pdf
Telangana,2022,12,December,cumulative_fy,53671.0,53639.0,33.0,0.1,False,False,psp_energy_2022-12.pdf
Karnataka,2022,12,December,monthly,6324.0,6324.0,0.0,0.0,False,False,psp_energy_2022-12.pdf
Karnataka,2022,12,December,cumulative_fy,52316.0,52292.0,25.0,0.0,False,False,psp_energy_2022-12.pdf
Kerala,2022,12,December,monthly,2305.0,2305.0,0.0,0.0,False,False,psp_energy_2022-12.pdf
Kerala,2022,12,December,cumulative_fy,20488.0,20472.0,16.0,0.1,False,False,psp_energy_2022-12.pdf
Tamil Nadu,2022,12,December,monthly,8701.0,8701.0,0.0,0.0,False,False,psp_energy_2022-12.pdf
Tamil Nadu,2022,12,December,cumulative_fy,85825.0,85750.0,75.0,0.1,False,False,psp_energy_2022-12.pdf
Puducherry,2022,12,December,monthly,232.0,232.0,0.0,0.0,False,False,psp_energy_2022-12.pdf
Puducherry,2022,12,December,cumulative_fy,2329.0,2328.0,1.0,0.0,False,False,psp_energy_2022-12.pdf
Lakshadweep,2022,12,December,monthly,5.0,5.0,0.0,0.0,False,False,psp_energy_2022-12.pdf
Lakshadweep,2022,12,December,cumulative_fy,48.0,48.0,0.0,0.0,False,False,psp_energy_2022-12.pdf
Southern Region,2022,12,December,monthly,29583.0,29583.0,0.0,0.0,True,False,psp_energy_2022-12.pdf
Southern Region,2022,12,December,cumulative_fy,267958.0,267400.0,558.0,0.2,True,False,psp_energy_2022-12.pdf
Bihar,2022,12,December,monthly,2569.0,2558.0,12.0,0.4,False,False,psp_energy_2022-12.pdf
Bihar,2022,12,December,cumulative_fy,31191.0,30482.0,709.0,2.3,False,False,psp_energy_2022-12.pdf
DVC,2022,12,December,monthly,2135.0,2135.0,0.0,0.0,False,False,psp_energy_2022-12.pdf
DVC,2022,12,December,cumulative_fy,19782.0,19775.0,7.0,0.0,False,False,psp_energy_2022-12.pdf
Jharkhand,2022,12,December,monthly,1105.0,993.0,113.0,10.2,False,False,psp_energy_2022-12.pdf
Jharkhand,2022,12,December,cumulative_fy,10026.0,9266.0,761.0,7.6,False,False,psp_energy_2022-12.pdf
Odisha,2022,12,December,monthly,2972.0,2972.0,0.0,0.0,False,False,psp_energy_2022-12.pdf
Odisha,2022,12,December,cumulative_fy,33205.0,33160.0,45.0,0.1,False,False,psp_energy_2022-12.pdf
West Bengal,2022,12,December,monthly,3920.0,3919.0,1.0,0.0,False,False,psp_energy_2022-12.pdf
West Bengal,2022,12,December,cumulative_fy,46970.0,46905.0,64.0,0.1,False,False,psp_energy_2022-12.pdf
Sikkim,2022,12,December,monthly,57.0,57.0,0.0,0.0,False,False,psp_energy_2022-12.pdf
Sikkim,2022,12,December,cumulative_fy,426.0,426.0,0.0,0.0,False,False,psp_energy_2022-12.pdf
Andaman & Nicobar,2022,12,December,monthly,30.0,30.0,0.0,0.0,False,False,psp_energy_2022-12.pdf
Andaman & Nicobar,2022,12,December,cumulative_fy,260.0,260.0,0.0,0.0,False,False,psp_energy_2022-12.pdf
Eastern Region,2022,12,December,monthly,12759.0,12633.0,125.0,1.0,True,False,psp_energy_2022-12.pdf
Eastern Region,2022,12,December,cumulative_fy,141649.0,140063.0,1585.0,1.1,True,False,psp_energy_2022-12.pdf
Arunachal Pradesh,2022,12,December,monthly,78.0,78.0,0.0,0.0,False,False,psp_energy_2022-12.pdf
Arunachal Pradesh,2022,12,December,cumulative_fy,669.0,649.0,20.0,2.9,False,False,psp_energy_2022-12.pdf
Assam,2022,12,December,monthly,814.0,814.0,0.0,0.0,False,False,psp_energy_2022-12.pdf
Assam,2022,12,December,cumulative_fy,9059.0,9059.0,0.0,0.0,False,False,psp_energy_2022-12.pdf
Manipur,2022,12,December,monthly,104.0,104.0,0.0,0.0,False,False,psp_energy_2022-12.pdf
Manipur,2022,12,December,cumulative_fy,741.0,741.0,0.0,0.1,False,False,psp_energy_2022-12.pdf
Meghalaya,2022,12,December,monthly,222.0,222.0,0.0,0.0,False,False,psp_energy_2022-12.pdf
Meghalaya,2022,12,December,cumulative_fy,1638.0,1638.0,0.0,0.0,False,False,psp_energy_2022-12.pdf
Mizoram,2022,12,December,monthly,65.0,65.0,0.0,0.0,False,False,psp_energy_2022-12.pdf
Mizoram,2022,12,December,cumulative_fy,473.0,473.0,0.0,0.0,False,False,psp_energy_2022-12.pdf
Nagaland,2022,12,December,monthly,73.0,73.0,0.0,0.4,False,False,psp_energy_2022-12.pdf
Nagaland,2022,12,December,cumulative_fy,715.0,677.0,37.0,5.2,False,False,psp_energy_2022-12.pdf
Tripura,2022,12,December,monthly,114.0,114.0,0.0,0.0,False,False,psp_energy_2022-12.pdf
Tripura,2022,12,December,cumulative_fy,1205.0,1205.0,0.0,0.0,False,False,psp_energy_2022-12.pdf
North-Eastern Region,2022,12,December,monthly,1471.0,1471.0,0.0,0.0,True,False,psp_energy_2022-12.pdf
North-Eastern Region,2022,12,December,cumulative_fy,14506.0,14448.0,58.0,0.4,True,False,psp_energy_2022-12.pdf
All India,2022,12,December,monthly,121488.0,121109.0,379.0,0.3,False,True,psp_energy_2022-12.pdf
All India,2022,12,December,cumulative_fy,1139280.0,1133197.0,6084.0,0.5,False,True,psp_energy_2022-12.pdf
Chandigarh,2023,1,January,monthly,143.0,143.0,0.0,0.0,False,False,psp_energy_2023-01.pdf
Chandigarh,2023,1,January,cumulative_fy,1590.0,1590.0,0.0,0.0,False,False,psp_energy_2023-01.pdf
Delhi,2023,1,January,monthly,2471.0,2469.0,3.0,0.1,False,False,psp_energy_2023-01.pdf
Delhi,2023,1,January,cumulative_fy,31091.0,31083.0,8.0,0.0,False,False,psp_energy_2023-01.pdf
Haryana,2023,1,January,monthly,4367.0,4333.0,34.0,0.8,False,False,psp_energy_2023-01.pdf
Haryana,2023,1,January,cumulative_fy,53654.0,53167.0,487.0,0.9,False,False,psp_energy_2023-01.pdf
Himachal Pradesh,2023,1,January,monthly,1108.0,1104.0,4.0,0.4,False,False,psp_energy_2023-01.pdf
Himachal Pradesh,2023,1,January,cumulative_fy,10685.0,10587.0,99.0,0.9,False,False,psp_energy_2023-01.pdf
UT of J&K and Ladakh,2023,1,January,monthly,1926.0,1918.0,8.0,0.4,False,False,psp_energy_2023-01.pdf
UT of J&K and Ladakh,2023,1,January,cumulative_fy,16245.0,15940.0,305.0,1.9,False,False,psp_energy_2023-01.pdf
Punjab,2023,1,January,monthly,4631.0,4595.0,36.0,0.8,False,False,psp_energy_2023-01.pdf
Punjab,2023,1,January,cumulative_fy,61058.0,60815.0,243.0,0.4,False,False,psp_energy_2023-01.pdf
Rajasthan,2023,1,January,monthly,9608.0,9193.0,415.0,4.3,False,False,psp_energy_2023-01.pdf
Rajasthan,2023,1,January,cumulative_fy,85682.0,84234.0,1448.0,1.7,False,False,psp_energy_2023-01.pdf
Uttar Pradesh,2023,1,January,monthly,10712.0,10651.0,61.0,0.6,False,False,psp_energy_2023-01.pdf
Uttar Pradesh,2023,1,January,cumulative_fy,125601.0,124426.0,1175.0,0.9,False,False,psp_energy_2023-01.pdf
Uttarakhand,2023,1,January,monthly,1340.0,1305.0,34.0,2.6,False,False,psp_energy_2023-01.pdf
Uttarakhand,2023,1,January,cumulative_fy,13372.0,13144.0,228.0,1.7,False,False,psp_energy_2023-01.pdf
Northern Region,2023,1,January,monthly,36402.0,35806.0,597.0,1.6,True,False,psp_energy_2023-01.pdf
Northern Region,2023,1,January,cumulative_fy,399961.0,395967.0,3993.0,1.0,True,False,psp_energy_2023-01.pdf
Chhattisgarh,2023,1,January,monthly,3151.0,3150.0,1.0,0.0,False,False,psp_energy_2023-01.pdf
Chhattisgarh,2023,1,January,cumulative_fy,30746.0,30686.0,60.0,0.2,False,False,psp_energy_2023-01.pdf
Gujarat,2023,1,January,monthly,11604.0,11571.0,33.0,0.3,False,False,psp_energy_2023-01.pdf
Gujarat,2023,1,January,cumulative_fy,115965.0,115921.0,44.0,0.0,False,False,psp_energy_2023-01.pdf
Madhya Pradesh,2023,1,January,monthly,9273.0,9272.0,0.0,0.0,False,False,psp_energy_2023-01.pdf
Madhya Pradesh,2023,1,January,cumulative_fy,77162.0,76858.0,304.0,0.4,False,False,psp_energy_2023-01.pdf
Maharashtra,2023,1,January,monthly,16660.0,16659.0,0.0,0.0,False,False,psp_energy_2023-01.pdf
Maharashtra,2023,1,January,cumulative_fy,153890.0,153779.0,111.0,0.1,False,False,psp_energy_2023-01.pdf
Dadra & Nagar Haveli and Daman & Diu,2023,1,January,monthly,845.0,845.0,0.0,0.0,False,False,psp_energy_2023-01.pdf
Dadra & Nagar Haveli and Daman & Diu,2023,1,January,cumulative_fy,8356.0,8356.0,0.0,0.0,False,False,psp_energy_2023-01.pdf
Goa,2023,1,January,monthly,390.0,390.0,0.0,0.0,False,False,psp_energy_2023-01.pdf
Goa,2023,1,January,cumulative_fy,3860.0,3860.0,0.0,0.0,False,False,psp_energy_2023-01.pdf
Western Region,2023,1,January,monthly,42810.0,42776.0,34.0,0.1,True,False,psp_energy_2023-01.pdf
Western Region,2023,1,January,cumulative_fy,394419.0,393900.0,520.0,0.1,True,False,psp_energy_2023-01.pdf
Andhra Pradesh,2023,1,January,monthly,6126.0,6126.0,0.0,0.0,False,False,psp_energy_2023-01.pdf
Andhra Pradesh,2023,1,January,cumulative_fy,59418.0,59009.0,409.0,0.7,False,False,psp_energy_2023-01.pdf
Telangana,2023,1,January,monthly,7444.0,7444.0,0.0,0.0,False,False,psp_energy_2023-01.pdf
Telangana,2023,1,January,cumulative_fy,61116.0,61083.0,33.0,0.1,False,False,psp_energy_2023-01.pdf
Karnataka,2023,1,January,monthly,7326.0,7325.0,0.0,0.0,False,False,psp_energy_2023-01.pdf
Karnataka,2023,1,January,cumulative_fy,59642.0,59617.0,25.0,0.0,False,False,psp_energy_2023-01.pdf
Kerala,2023,1,January,monthly,2308.0,2308.0,0.0,0.0,False,False,psp_energy_2023-01.pdf
Kerala,2023,1,January,cumulative_fy,22795.0,22779.0,16.0,0.1,False,False,psp_energy_2023-01.pdf
Tamil Nadu,2023,1,January,monthly,9228.0,9227.0,1.0,0.0,False,False,psp_energy_2023-01.pdf
Tamil Nadu,2023,1,January,cumulative_fy,95053.0,94977.0,76.0,0.1,False,False,psp_energy_2023-01.pdf
Puducherry,2023,1,January,monthly,235.0,235.0,0.0,0.0,False,False,psp_energy_2023-01.pdf
Puducherry,2023,1,January,cumulative_fy,2565.0,2564.0,1.0,0.0,False,False,psp_energy_2023-01.pdf
Lakshadweep,2023,1,January,monthly,5.0,5.0,0.0,0.0,False,False,psp_energy_2023-01.pdf
Lakshadweep,2023,1,January,cumulative_fy,53.0,53.0,0.0,0.0,False,False,psp_energy_2023-01.pdf
Southern Region,2023,1,January,monthly,32671.0,32669.0,2.0,0.0,True,False,psp_energy_2023-01.pdf
Southern Region,2023,1,January,cumulative_fy,300629.0,300069.0,560.0,0.2,True,False,psp_energy_2023-01.pdf
Bihar,2023,1,January,monthly,2967.0,2934.0,34.0,1.1,False,False,psp_energy_2023-01.pdf
Bihar,2023,1,January,cumulative_fy,34158.0,33416.0,742.0,2.2,False,False,psp_energy_2023-01.pdf
DVC,2023,1,January,monthly,2257.0,2256.0,1.0,0.0,False,False,psp_energy_2023-01.pdf
DVC,2023,1,January,cumulative_fy,22039.0,22031.0,8.0,0.0,False,False,psp_energy_2023-01.pdf
Jharkhand,2023,1,January,monthly,1148.0,1071.0,77.0,6.7,False,False,psp_energy_2023-01.pdf
Jharkhand,2023,1,January,cumulative_fy,11174.0,10337.0,837.0,7.5,False,False,psp_energy_2023-01.pdf
Odisha,2023,1,January,monthly,2999.0,2998.0,1.0,0.0,False,False,psp_energy_2023-01.pdf
Odisha,2023,1,January,cumulative_fy,36203.0,36158.0,46.0,0.1,False,False,psp_energy_2023-01.pdf
West Bengal,2023,1,January,monthly,4258.0,4255.0,3.0,0.1,False,False,psp_energy_2023-01.pdf
West Bengal,2023,1,January,cumulative_fy,51228.0,51161.0,67.0,0.1,False,False,psp_energy_2023-01.pdf
Sikkim,2023,1,January,monthly,60.0,60.0,0.0,0.0,False,False,psp_energy_2023-01.pdf
Sikkim,2023,1,January,cumulative_fy,486.0,486.0,0.0,0.0,False,False,psp_energy_2023-01.pdf
Andaman & Nicobar,2023,1,January,monthly,29.0,29.0,0.0,0.0,False,False,psp_energy_2023-01.pdf
Andaman & Nicobar,2023,1,January,cumulative_fy,289.0,289.0,0.0,0.0,False,False,psp_energy_2023-01.pdf
Eastern Region,2023,1,January,monthly,13691.0,13576.0,115.0,0.8,True,False,psp_energy_2023-01.pdf
Eastern Region,2023,1,January,cumulative_fy,155339.0,153639.0,1701.0,1.1,True,False,psp_energy_2023-01.pdf
Arunachal Pradesh,2023,1,January,monthly,85.0,85.0,0.0,0.3,False,False,psp_energy_2023-01.pdf
Arunachal Pradesh,2023,1,January,cumulative_fy,754.0,734.0,20.0,2.6,False,False,psp_energy_2023-01.pdf
Assam,2023,1,January,monthly,817.0,817.0,0.0,0.0,False,False,psp_energy_2023-01.pdf
Assam,2023,1,January,cumulative_fy,9877.0,9877.0,0.0,0.0,False,False,psp_energy_2023-01.pdf
Manipur,2023,1,January,monthly,106.0,106.0,0.0,0.0,False,False,psp_energy_2023-01.pdf
Manipur,2023,1,January,cumulative_fy,847.0,847.0,0.0,0.1,False,False,psp_energy_2023-01.pdf
Meghalaya,2023,1,January,monthly,221.0,221.0,0.0,0.0,False,False,psp_energy_2023-01.pdf
Meghalaya,2023,1,January,cumulative_fy,1859.0,1859.0,0.0,0.0,False,False,psp_energy_2023-01.pdf
Mizoram,2023,1,January,monthly,67.0,67.0,0.0,0.0,False,False,psp_energy_2023-01.pdf
Mizoram,2023,1,January,cumulative_fy,539.0,539.0,0.0,0.0,False,False,psp_energy_2023-01.pdf
Nagaland,2023,1,January,monthly,70.0,66.0,4.0,5.7,False,False,psp_energy_2023-01.pdf
Nagaland,2023,1,January,cumulative_fy,785.0,743.0,41.0,5.3,False,False,psp_energy_2023-01.pdf
Tripura,2023,1,January,monthly,114.0,114.0,0.0,0.0,False,False,psp_energy_2023-01.pdf
Tripura,2023,1,January,cumulative_fy,1319.0,1319.0,0.0,0.0,False,False,psp_energy_2023-01.pdf
North-Eastern Region,2023,1,January,monthly,1481.0,1477.0,4.0,0.3,True,False,psp_energy_2023-01.pdf
North-Eastern Region,2023,1,January,cumulative_fy,15987.0,15924.0,62.0,0.4,True,False,psp_energy_2023-01.pdf
All India,2023,1,January,monthly,127054.0,126302.0,752.0,0.6,False,True,psp_energy_2023-01.pdf
All India,2023,1,January,cumulative_fy,1266335.0,1259499.0,6836.0,0.5,False,True,psp_energy_2023-01.pdf
Chandigarh,2023,3,March,monthly,102.0,102.0,0.0,0.0,False,False,psp_energy_2023-03.pdf
Chandigarh,2023,3,March,cumulative_fy,1788.0,1788.0,0.0,0.0,False,False,psp_energy_2023-03.pdf
Delhi,2023,3,March,monthly,2130.0,2130.0,0.0,0.0,False,False,psp_energy_2023-03.pdf
Delhi,2023,3,March,cumulative_fy,35143.0,35133.0,10.0,0.0,False,False,psp_energy_2023-03.pdf
Haryana,2023,3,March,monthly,3912.0,3909.0,3.0,0.1,False,False,psp_energy_2023-03.pdf
Haryana,2023,3,March,cumulative_fy,61451.0,60945.0,506.0,0.8,False,False,psp_energy_2023-03.pdf
Himachal Pradesh,2023,3,March,monthly,1026.0,1023.0,2.0,0.2,False,False,psp_energy_2023-03.pdf
Himachal Pradesh,2023,3,March,cumulative_fy,12649.0,12542.0,107.0,0.8,False,False,psp_energy_2023-03.pdf
UT of J&K and Ladakh,2023,3,March,monthly,1726.0,1718.0,8.0,0.4,False,False,psp_energy_2023-03.pdf
UT of J&K and Ladakh,2023,3,March,cumulative_fy,19639.0,19322.0,317.0,1.6,False,False,psp_energy_2023-03.pdf
Punjab,2023,3,March,monthly,4275.0,4259.0,16.0,0.4,False,False,psp_energy_2023-03.pdf
Punjab,2023,3,March,cumulative_fy,69522.0,69220.0,302.0,0.4,False,False,psp_energy_2023-03.pdf
Rajasthan,2023,3,March,monthly,7542.0,7509.0,33.0,0.4,False,False,psp_energy_2023-03.pdf
Rajasthan,2023,3,March,cumulative_fy,101801.0,100057.0,1745.0,1.7,False,False,psp_energy_2023-03.pdf
Uttar Pradesh,2023,3,March,monthly,9619.0,9614.0,5.0,0.1,False,False,psp_energy_2023-03.pdf
Uttar Pradesh,2023,3,March,cumulative_fy,144251.0,143050.0,1201.0,0.8,False,False,psp_energy_2023-03.pdf
Uttarakhand,2023,3,March,monthly,1162.0,1149.0,13.0,1.1,False,False,psp_energy_2023-03.pdf
Uttarakhand,2023,3,March,cumulative_fy,15647.0,15386.0,261.0,1.7,False,False,psp_energy_2023-03.pdf
Northern Region,2023,3,March,monthly,31616.0,31537.0,80.0,0.3,True,False,psp_energy_2023-03.pdf
Northern Region,2023,3,March,cumulative_fy,463088.0,458640.0,4449.0,1.0,True,False,psp_energy_2023-03.pdf
Chhattisgarh,2023,3,March,monthly,3466.0,3463.0,3.0,0.1,False,False,psp_energy_2023-03.pdf
Chhattisgarh,2023,3,March,cumulative_fy,37446.0,37374.0,72.0,0.2,False,False,psp_energy_2023-03.pdf
Gujarat,2023,3,March,monthly,12121.0,12121.0,0.0,0.0,False,False,psp_energy_2023-03.pdf
Gujarat,2023,3,March,cumulative_fy,139043.0,138999.0,44.0,0.0,False,False,psp_energy_2023-03.pdf
Madhya Pradesh,2023,3,March,monthly,7138.0,7110.0,28.0,0.4,False,False,psp_energy_2023-03.pdf
Madhya Pradesh,2023,3,March,cumulative_fy,92683.0,92325.0,358.0,0.4,False,False,psp_energy_2023-03.pdf
Maharashtra,2023,3,March,monthly,17587.0,17587.0,0.0,0.0,False,False,psp_energy_2023-03.pdf
Maharashtra,2023,3,March,cumulative_fy,187309.0,187197.0,111.0,0.1,False,False,psp_energy_2023-03.pdf
Dadra & Nagar Haveli and Daman & Diu,2023,3,March,monthly,870.0,870.0,0.0,0.0,False,False,psp_energy_2023-03.pdf
Dadra & Nagar Haveli and Daman & Diu,2023,3,March,cumulative_fy,10018.0,10018.0,0.0,0.0,False,False,psp_energy_2023-03.pdf
Goa,2023,3,March,monthly,432.0,432.0,0.0,0.0,False,False,psp_energy_2023-03.pdf
Goa,2023,3,March,cumulative_fy,4669.0,4669.0,0.0,0.0,False,False,psp_energy_2023-03.pdf
Western Region,2023,3,March,monthly,42554.0,42522.0,31.0,0.1,True,False,psp_energy_2023-03.pdf
Western Region,2023,3,March,cumulative_fy,477393.0,476808.0,586.0,0.1,True,False,psp_energy_2023-03.pdf
Andhra Pradesh,2023,3,March,monthly,6712.0,6712.0,0.0,0.0,False,False,psp_energy_2023-03.pdf
Andhra Pradesh,2023,3,March,cumulative_fy,72302.0,71893.0,410.0,0.6,False,False,psp_energy_2023-03.pdf
Telangana,2023,3,March,monthly,8909.0,8909.0,0.0,0.0,False,False,psp_energy_2023-03.pdf
Telangana,2023,3,March,cumulative_fy,77832.0,77799.0,34.0,0.0,False,False,psp_energy_2023-03.pdf
Karnataka,2023,3,March,monthly,8603.0,8603.0,0.0,0.0,False,False,psp_energy_2023-03.pdf
Karnataka,2023,3,March,cumulative_fy,75688.0,75663.0,26.0,0.0,False,False,psp_energy_2023-03.pdf
Kerala,2023,3,March,monthly,2713.0,2713.0,0.0,0.0,False,False,psp_energy_2023-03.pdf
Kerala,2023,3,March,cumulative_fy,27747.0,27726.0,21.0,0.1,False,False,psp_energy_2023-03.pdf
Tamil Nadu,2023,3,March,monthly,10800.0,10800.0,0.0,0.0,False,False,psp_energy_2023-03.pdf
Tamil Nadu,2023,3,March,cumulative_fy,114798.0,114722.0,77.0,0.1,False,False,psp_energy_2023-03.pdf
Puducherry,2023,3,March,monthly,264.0,264.0,0.0,0.0,False,False,psp_energy_2023-03.pdf
Puducherry,2023,3,March,cumulative_fy,3051.0,3050.0,1.0,0.0,False,False,psp_energy_2023-03.pdf
Lakshadweep,2023,3,March,monthly,6.0,6.0,0.0,0.0,False,False,psp_energy_2023-03.pdf
Lakshadweep,2023,3,March,cumulative_fy,64.0,64.0,0.0,0.0,False,False,psp_energy_2023-03.pdf
Southern Region,2023,3,March,monthly,38005.0,38005.0,0.0,0.0,True,False,psp_energy_2023-03.pdf
Southern Region,2023,3,March,cumulative_fy,371467.0,370900.0,567.0,0.2,True,False,psp_energy_2023-03.pdf
Bihar,2023,3,March,monthly,2882.0,2864.0,18.0,0.6,False,False,psp_energy_2023-03.pdf
Bihar,2023,3,March,cumulative_fy,39545.0,38762.0,783.0,2.0,False,False,psp_energy_2023-03.pdf
DVC,2023,3,March,monthly,2240.0,2240.0,0.0,0.0,False,False,psp_energy_2023-03.pdf
DVC,2023,3,March,cumulative_fy,26339.0,26330.0,9.0,0.0,False,False,psp_energy_2023-03.pdf
Jharkhand,2023,3,March,monthly,1106.0,1035.0,72.0,6.5,False,False,psp_energy_2023-03.pdf
Jharkhand,2023,3,March,cumulative_fy,13278.0,12288.0,990.0,7.5,False,False,psp_energy_2023-03.pdf
Odisha,2023,3,March,monthly,3441.0,3441.0,0.0,0.0,False,False,psp_energy_2023-03.pdf
Odisha,2023,3,March,cumulative_fy,42631.0,42584.0,47.0,0.1,False,False,psp_energy_2023-03.pdf
West Bengal,2023,3,March,monthly,4982.0,4977.0,5.0,0.1,False,False,psp_energy_2023-03.pdf
West Bengal,2023,3,March,cumulative_fy,60348.0,60274.0,74.0,0.1,False,False,psp_energy_2023-03.pdf
Sikkim,2023,3,March,monthly,50.0,50.0,0.0,0.0,False,False,psp_energy_2023-03.pdf
Sikkim,2023,3,March,cumulative_fy,587.0,587.0,0.0,0.0,False,False,psp_energy_2023-03.pdf
Andaman & Nicobar,2023,3,March,monthly,32.0,31.0,0.0,1.4,False,False,psp_energy_2023-03.pdf
Andaman & Nicobar,2023,3,March,cumulative_fy,348.0,348.0,0.0,0.1,False,False,psp_energy_2023-03.pdf
Eastern Region,2023,3,March,monthly,14710.0,14615.0,95.0,0.6,True,False,psp_energy_2023-03.pdf
Eastern Region,2023,3,March,cumulative_fy,182791.0,180888.0,1903.0,1.0,True,False,psp_energy_2023-03.pdf
Arunachal Pradesh,2023,3,March,monthly,87.0,83.0,4.0,4.3,False,False,psp_energy_2023-03.pdf
Arunachal Pradesh,2023,3,March,cumulative_fy,915.0,892.0,24.0,2.6,False,False,psp_energy_2023-03.pdf
Assam,2023,3,March,monthly,844.0,844.0,0.0,0.0,False,False,psp_energy_2023-03.pdf
Assam,2023,3,March,cumulative_fy,11465.0,11465.0,0.0,0.0,False,False,psp_energy_2023-03.pdf
Manipur,2023,3,March,monthly,83.0,83.0,0.0,0.0,False,False,psp_energy_2023-03.pdf
Manipur,2023,3,March,cumulative_fy,1014.0,1014.0,0.0,0.0,False,False,psp_energy_2023-03.pdf
Meghalaya,2023,3,March,monthly,191.0,191.0,0.0,0.0,False,False,psp_energy_2023-03.pdf
Meghalaya,2023,3,March,cumulative_fy,2237.0,2237.0,0.0,0.0,False,False,psp_energy_2023-03.pdf
Mizoram,2023,3,March,monthly,52.0,52.0,0.0,0.0,False,False,psp_energy_2023-03.pdf
Mizoram,2023,3,March,cumulative_fy,645.0,645.0,0.0,0.0,False,False,psp_energy_2023-03.pdf
Nagaland,2023,3,March,monthly,75.0,70.0,5.0,6.6,False,False,psp_energy_2023-03.pdf
Nagaland,2023,3,March,cumulative_fy,926.0,873.0,54.0,5.8,False,False,psp_energy_2023-03.pdf
Tripura,2023,3,March,monthly,121.0,121.0,0.0,0.0,False,False,psp_energy_2023-03.pdf
Tripura,2023,3,March,cumulative_fy,1547.0,1547.0,0.0,0.0,False,False,psp_energy_2023-03.pdf
North-Eastern Region,2023,3,March,monthly,1453.0,1445.0,9.0,0.6,True,False,psp_energy_2023-03.pdf
North-Eastern Region,2023,3,March,cumulative_fy,18758.0,18680.0,78.0,0.4,True,False,psp_energy_2023-03.pdf
All India,2023,3,March,monthly,128338.0,128124.0,214.0,0.2,False,True,psp_energy_2023-03.pdf
All India,2023,3,March,cumulative_fy,1513497.0,1505914.0,7583.0,0.5,False,True,psp_energy_2023-03.pdf
Chandigarh,2023,4,April,monthly,121.0,121.0,0.0,0.0,False,False,psp_energy_2023-04.pdf
Delhi,2023,4,April,monthly,2569.0,2569.0,0.0,0.0,False,False,psp_energy_2023-04.pdf
Haryana,2023,4,April,monthly,4197.0,4166.0,31.0,0.7,False,False,psp_energy_2023-04.pdf
Himachal Pradesh,2023,4,April,monthly,967.0,963.0,4.0,0.4,False,False,psp_energy_2023-04.pdf
UT of J&K and Ladakh,2023,4,April,monthly,1695.0,1675.0,20.0,1.2,False,False,psp_energy_2023-04.pdf
Punjab,2023,4,April,monthly,4197.0,4192.0,5.0,0.1,False,False,psp_energy_2023-04.pdf
Rajasthan,2023,4,April,monthly,7396.0,7354.0,42.0,0.6,False,False,psp_energy_2023-04.pdf
Uttar Pradesh,2023,4,April,monthly,11130.0,11113.0,17.0,0.2,False,False,psp_energy_2023-04.pdf
Uttarakhand,2023,4,April,monthly,1208.0,1193.0,15.0,1.2,False,False,psp_energy_2023-04.pdf
Northern Region,2023,4,April,monthly,33583.0,33448.0,135.0,0.4,True,False,psp_energy_2023-04.pdf
Chhattisgarh,2023,4,April,monthly,3414.0,3411.0,3.0,0.1,False,False,psp_energy_2023-04.pdf
Gujarat,2023,4,April,monthly,11429.0,11429.0,0.0,0.0,False,False,psp_energy_2023-04.pdf
Madhya Pradesh,2023,4,April,monthly,7264.0,7236.0,28.0,0.4,False,False,psp_energy_2023-04.pdf
Maharashtra,2023,4,April,monthly,17524.0,17523.0,1.0,0.0,False,False,psp_energy_2023-04.pdf
Dadra & Nagar Haveli and Daman & Diu,2023,4,April,monthly,859.0,859.0,0.0,0.0,False,False,psp_energy_2023-04.pdf
Goa,2023,4,April,monthly,452.0,452.0,0.0,0.0,False,False,psp_energy_2023-04.pdf
Western Region,2023,4,April,monthly,41856.0,41825.0,31.0,0.1,True,False,psp_energy_2023-04.pdf
Andhra Pradesh,2023,4,April,monthly,6940.0,6938.0,2.0,0.0,False,False,psp_energy_2023-04.pdf
Telangana,2023,4,April,monthly,7331.0,7329.0,2.0,0.0,False,False,psp_energy_2023-04.pdf
Karnataka,2023,4,April,monthly,8604.0,8602.0,2.0,0.0,False,False,psp_energy_2023-04.pdf
Kerala,2023,4,April,monthly,2765.0,2764.0,1.0,0.0,False,False,psp_energy_2023-04.pdf
Tamil Nadu,2023,4,April,monthly,11228.0,11226.0,2.0,0.0,False,False,psp_energy_2023-04.pdf
Puducherry,2023,4,April,monthly,279.0,279.0,0.0,0.0,False,False,psp_energy_2023-04.pdf
Lakshadweep,2023,4,April,monthly,6.0,6.0,0.0,0.0,False,False,psp_energy_2023-04.pdf
Southern Region,2023,4,April,monthly,37152.0,37143.0,9.0,0.0,True,False,psp_energy_2023-04.pdf
Bihar,2023,4,April,monthly,3416.0,3380.0,36.0,1.1,False,False,psp_energy_2023-04.pdf
DVC,2023,4,April,monthly,2255.0,2255.0,0.0,0.0,False,False,psp_energy_2023-04.pdf
Jharkhand,2023,4,April,monthly,1208.0,1139.0,69.0,5.7,False,False,psp_energy_2023-04.pdf
Odisha,2023,4,April,monthly,3468.0,3466.0,2.0,0.1,False,False,psp_energy_2023-04.pdf
West Bengal,2023,4,April,monthly,5910.0,5901.0,9.0,0.2,False,False,psp_energy_2023-04.pdf
Sikkim,2023,4,April,monthly,44.0,44.0,0.0,0.0,False,False,psp_energy_2023-04.pdf
Andaman & Nicobar,2023,4,April,monthly,33.0,33.0,0.0,0.0,False,False,psp_energy_2023-04.pdf
Eastern Region,2023,4,April,monthly,16307.0,16192.0,115.0,0.7,True,False,psp_energy_2023-04.pdf
Arunachal Pradesh,2023,4,April,monthly,72.0,72.0,0.0,0.0,False,False,psp_energy_2023-04.pdf
Assam,2023,4,April,monthly,911.0,909.0,2.0,0.2,False,False,psp_energy_2023-04.pdf
Manipur,2023,4,April,monthly,78.0,78.0,0.0,0.0,False,False,psp_energy_2023-04.pdf
Meghalaya,2023,4,April,monthly,187.0,147.0,40.0,21.4,False,False,psp_energy_2023-04.pdf
Mizoram,2023,4,April,monthly,56.0,56.0,0.0,0.0,False,False,psp_energy_2023-04.pdf
Nagaland,2023,4,April,monthly,68.0,68.0,0.0,0.0,False,False,psp_energy_2023-04.pdf
Tripura,2023,4,April,monthly,144.0,144.0,0.0,0.0,False,False,psp_energy_2023-04.pdf
North-Eastern Region,2023,4,April,monthly,1516.0,1474.0,42.0,2.8,True,False,psp_energy_2023-04.pdf
All India,2023,4,April,monthly,130414.0,130082.0,332.0,0.3,False,True,psp_energy_2023-04.pdf
Chandigarh,2023,5,May,monthly,157.0,157.0,0.0,0.0,False,False,psp_energy_2023-05.pdf
Chandigarh,2023,5,May,cumulative_fy,278.0,278.0,0.0,0.0,False,False,psp_energy_2023-05.pdf
Delhi,2023,5,May,monthly,3119.0,3119.0,0.0,0.0,False,False,psp_energy_2023-05.pdf
Delhi,2023,5,May,cumulative_fy,5688.0,5688.0,1.0,0.0,False,False,psp_energy_2023-05.pdf
Haryana,2023,5,May,monthly,5079.0,5064.0,15.0,0.3,False,False,psp_energy_2023-05.pdf
Haryana,2023,5,May,cumulative_fy,9277.0,9230.0,46.0,0.5,False,False,psp_energy_2023-05.pdf
Himachal Pradesh,2023,5,May,monthly,921.0,918.0,3.0,0.3,False,False,psp_energy_2023-05.pdf
Himachal Pradesh,2023,5,May,cumulative_fy,1888.0,1880.0,8.0,0.4,False,False,psp_energy_2023-05.pdf
UT of J&K and Ladakh,2023,5,May,monthly,1726.0,1714.0,12.0,0.7,False,False,psp_energy_2023-05.pdf
UT of J&K and Ladakh,2023,5,May,cumulative_fy,3421.0,3389.0,31.0,0.9,False,False,psp_energy_2023-05.pdf
Punjab,2023,5,May,monthly,5220.0,5220.0,0.0,0.0,False,False,psp_energy_2023-05.pdf
Punjab,2023,5,May,cumulative_fy,9417.0,9412.0,5.0,0.1,False,False,psp_energy_2023-05.pdf
Rajasthan,2023,5,May,monthly,8271.0,8209.0,62.0,0.7,False,False,psp_energy_2023-05.pdf
Rajasthan,2023,5,May,cumulative_fy,15667.0,15562.0,105.0,0.7,False,False,psp_energy_2023-05.pdf
Uttar Pradesh,2023,5,May,monthly,13284.0,13246.0,38.0,0.3,False,False,psp_energy_2023-05.pdf
Uttar Pradesh,2023,5,May,cumulative_fy,24414.0,24360.0,54.0,0.2,False,False,psp_energy_2023-05.pdf
Uttarakhand,2023,5,May,monthly,1335.0,1331.0,4.0,0.3,False,False,psp_energy_2023-05.pdf
Uttarakhand,2023,5,May,cumulative_fy,2544.0,2524.0,19.0,0.8,False,False,psp_energy_2023-05.pdf
Northern Region,2023,5,May,monthly,39221.0,39086.0,135.0,0.3,True,False,psp_energy_2023-05.pdf
Northern Region,2023,5,May,cumulative_fy,72803.0,72534.0,269.0,0.4,True,False,psp_energy_2023-05.pdf
Chhattisgarh,2023,5,May,monthly,3166.0,3166.0,0.0,0.0,False,False,psp_energy_2023-05.pdf
Chhattisgarh,2023,5,May,cumulative_fy,6580.0,6577.0,3.0,0.0,False,False,psp_energy_2023-05.pdf
Gujarat,2023,5,May,monthly,13239.0,13239.0,0.0,0.0,False,False,psp_energy_2023-05.pdf
Gujarat,2023,5,May,cumulative_fy,24669.0,24668.0,0.0,0.0,False,False,psp_energy_2023-05.pdf
Madhya Pradesh,2023,5,May,monthly,7632.0,7632.0,0.0,0.0,False,False,psp_energy_2023-05.pdf
Madhya Pradesh,2023,5,May,cumulative_fy,14896.0,14868.0,28.0,0.2,False,False,psp_energy_2023-05.pdf
Maharashtra,2023,5,May,monthly,18416.0,18402.0,14.0,0.1,False,False,psp_energy_2023-05.pdf
Maharashtra,2023,5,May,cumulative_fy,35939.0,35926.0,14.0,0.0,False,False,psp_energy_2023-05.pdf
Dadra & Nagar Haveli and Daman & Diu,2023,5,May,monthly,879.0,879.0,0.0,0.0,False,False,psp_energy_2023-05.pdf
Dadra & Nagar Haveli and Daman & Diu,2023,5,May,cumulative_fy,1738.0,1738.0,0.0,0.0,False,False,psp_energy_2023-05.pdf
Goa,2023,5,May,monthly,485.0,485.0,0.0,0.0,False,False,psp_energy_2023-05.pdf
Goa,2023,5,May,cumulative_fy,936.0,936.0,0.0,0.0,False,False,psp_energy_2023-05.pdf
Western Region,2023,5,May,monthly,44749.0,44735.0,14.0,0.0,True,False,psp_energy_2023-05.pdf
Western Region,2023,5,May,cumulative_fy,86605.0,86560.0,45.0,0.1,True,False,psp_energy_2023-05.pdf
Andhra Pradesh,2023,5,May,monthly,6872.0,6861.0,11.0,0.2,False,False,psp_energy_2023-05.pdf
Andhra Pradesh,2023,5,May,cumulative_fy,13812.0,13799.0,13.0,0.1,False,False,psp_energy_2023-05.pdf
Telangana,2023,5,May,monthly,5572.0,5570.0,2.0,0.0,False,False,psp_energy_2023-05.pdf
Telangana,2023,5,May,cumulative_fy,12903.0,12899.0,3.0,0.0,False,False,psp_energy_2023-05.pdf
Karnataka,2023,5,May,monthly,7519.0,7518.0,1.0,0.0,False,False,psp_energy_2023-05.pdf
Karnataka,2023,5,May,cumulative_fy,16123.0,16120.0,3.0,0.0,False,False,psp_energy_2023-05.pdf
Kerala,2023,5,May,monthly,2851.0,2851.0,0.0,0.0,False,False,psp_energy_2023-05.pdf
Kerala,2023,5,May,cumulative_fy,5616.0,5615.0,2.0,0.0,False,False,psp_energy_2023-05.pdf
Tamil Nadu,2023,5,May,monthly,10812.0,10810.0,2.0,0.0,False,False,psp_energy_2023-05.pdf
Tamil Nadu,2023,5,May,cumulative_fy,22041.0,22036.0,5.0,0.0,False,False,psp_energy_2023-05.pdf
Puducherry,2023,5,May,monthly,315.0,315.0,0.0,0.0,False,False,psp_energy_2023-05.pdf
Puducherry,2023,5,May,cumulative_fy,595.0,594.0,0.0,0.0,False,False,psp_energy_2023-05.pdf
Lakshadweep,2023,5,May,monthly,6.0,6.0,0.0,0.0,False,False,psp_energy_2023-05.pdf
Lakshadweep,2023,5,May,cumulative_fy,12.0,12.0,0.0,0.0,False,False,psp_energy_2023-05.pdf
Southern Region,2023,5,May,monthly,33947.0,33930.0,17.0,0.1,True,False,psp_energy_2023-05.pdf
Southern Region,2023,5,May,cumulative_fy,71099.0,71073.0,26.0,0.0,True,False,psp_energy_2023-05.pdf
Bihar,2023,5,May,monthly,3784.0,3724.0,60.0,1.6,False,False,psp_energy_2023-05.pdf
Bihar,2023,5,May,cumulative_fy,7200.0,7104.0,96.0,1.3,False,False,psp_energy_2023-05.pdf
DVC,2023,5,May,monthly,2297.0,2297.0,0.0,0.0,False,False,psp_energy_2023-05.pdf
DVC,2023,5,May,cumulative_fy,4552.0,4551.0,1.0,0.0,False,False,psp_energy_2023-05.pdf
Jharkhand,2023,5,May,monthly,1304.0,1242.0,62.0,4.8,False,False,psp_energy_2023-05.pdf
Jharkhand,2023,5,May,cumulative_fy,2512.0,2381.0,131.0,5.2,False,False,psp_energy_2023-05.pdf
Odisha,2023,5,May,monthly,3788.0,3788.0,0.0,0.0,False,False,psp_energy_2023-05.pdf
Odisha,2023,5,May,cumulative_fy,7256.0,7255.0,1.0,0.0,False,False,psp_energy_2023-05.pdf
West Bengal,2023,5,May,monthly,6027.0,6014.0,13.0,0.2,False,False,psp_energy_2023-05.pdf
West Bengal,2023,5,May,cumulative_fy,11936.0,11915.0,21.0,0.2,False,False,psp_energy_2023-05.pdf
Sikkim,2023,5,May,monthly,44.0,44.0,0.0,0.0,False,False,psp_energy_2023-05.pdf
Sikkim,2023,5,May,cumulative_fy,89.0,89.0,0.0,0.0,False,False,psp_energy_2023-05.pdf
Andaman & Nicobar,2023,5,May,monthly,34.0,33.0,1.0,3.0,False,False,psp_energy_2023-05.pdf
Andaman & Nicobar,2023,5,May,cumulative_fy,67.0,66.0,1.0,0.9,False,False,psp_energy_2023-05.pdf
Eastern Region,2023,5,May,monthly,17263.0,17127.0,136.0,0.8,True,False,psp_energy_2023-05.pdf
Eastern Region,2023,5,May,cumulative_fy,33569.0,33319.0,250.0,0.7,True,False,psp_energy_2023-05.pdf
Arunachal Pradesh,2023,5,May,monthly,76.0,76.0,0.0,0.0,False,False,psp_energy_2023-05.pdf
Arunachal Pradesh,2023,5,May,cumulative_fy,148.0,148.0,0.0,0.0,False,False,psp_energy_2023-05.pdf
Assam,2023,5,May,monthly,1033.0,1030.0,3.0,0.3,False,False,psp_energy_2023-05.pdf
Assam,2023,5,May,cumulative_fy,1943.0,1939.0,5.0,0.2,False,False,psp_energy_2023-05.pdf
Manipur,2023,5,May,monthly,73.0,73.0,0.0,0.0,False,False,psp_energy_2023-05.pdf
Manipur,2023,5,May,cumulative_fy,151.0,151.0,0.0,0.1,False,False,psp_energy_2023-05.pdf
Meghalaya,2023,5,May,monthly,195.0,156.0,39.0,20.0,False,False,psp_energy_2023-05.pdf
Meghalaya,2023,5,May,cumulative_fy,382.0,303.0,79.0,20.6,False,False,psp_energy_2023-05.pdf
Mizoram,2023,5,May,monthly,52.0,52.0,0.0,0.0,False,False,psp_energy_2023-05.pdf
Mizoram,2023,5,May,cumulative_fy,108.0,108.0,0.0,0.0,False,False,psp_energy_2023-05.pdf
Nagaland,2023,5,May,monthly,74.0,74.0,0.0,0.0,False,False,psp_energy_2023-05.pdf
Nagaland,2023,5,May,cumulative_fy,143.0,143.0,0.0,0.0,False,False,psp_energy_2023-05.pdf
Tripura,2023,5,May,monthly,163.0,163.0,0.0,0.0,False,False,psp_energy_2023-05.pdf
Tripura,2023,5,May,cumulative_fy,307.0,307.0,0.0,0.0,False,False,psp_energy_2023-05.pdf
North-Eastern Region,2023,5,May,monthly,1667.0,1625.0,42.0,2.5,True,False,psp_energy_2023-05.pdf
North-Eastern Region,2023,5,May,cumulative_fy,3183.0,3099.0,84.0,2.6,True,False,psp_energy_2023-05.pdf
All India,2023,5,May,monthly,136846.0,136504.0,342.0,0.2,False,True,psp_energy_2023-05.pdf
All India,2023,5,May,cumulative_fy,267260.0,266585.0,675.0,0.3,False,True,psp_energy_2023-05.pdf
Chandigarh,2023,6,June,monthly,186.0,186.0,0.0,0.0,False,False,psp_energy_2023-06.pdf
Chandigarh,2023,6,June,cumulative_fy,464.0,464.0,0.0,0.0,False,False,psp_energy_2023-06.pdf
Delhi,2023,6,June,monthly,3672.0,3672.0,0.0,0.0,False,False,psp_energy_2023-06.pdf
Delhi,2023,6,June,cumulative_fy,9361.0,9360.0,1.0,0.0,False,False,psp_energy_2023-06.pdf
Haryana,2023,6,June,monthly,6126.0,6105.0,21.0,0.3,False,False,psp_energy_2023-06.pdf
Haryana,2023,6,June,cumulative_fy,15403.0,15335.0,68.0,0.4,False,False,psp_energy_2023-06.pdf
Himachal Pradesh,2023,6,June,monthly,1028.0,1025.0,3.0,0.3,False,False,psp_energy_2023-06.pdf
Himachal Pradesh,2023,6,June,cumulative_fy,2916.0,2906.0,10.0,0.3,False,False,psp_energy_2023-06.pdf
UT of J&K and Ladakh,2023,6,June,monthly,1557.0,1531.0,26.0,1.7,False,False,psp_energy_2023-06.pdf
UT of J&K and Ladakh,2023,6,June,cumulative_fy,4977.0,4920.0,57.0,1.1,False,False,psp_energy_2023-06.pdf
Punjab,2023,6,June,monthly,7019.0,7019.0,0.0,0.0,False,False,psp_energy_2023-06.pdf
Punjab,2023,6,June,cumulative_fy,16436.0,16431.0,5.0,0.0,False,False,psp_energy_2023-06.pdf
Rajasthan,2023,6,June,monthly,8141.0,8138.0,3.0,0.0,False,False,psp_energy_2023-06.pdf
Rajasthan,2023,6,June,cumulative_fy,23808.0,23700.0,108.0,0.5,False,False,psp_energy_2023-06.pdf
Uttar Pradesh,2023,6,June,monthly,15147.0,15140.0,7.0,0.0,False,False,psp_energy_2023-06.pdf
Uttar Pradesh,2023,6,June,cumulative_fy,39560.0,39499.0,61.0,0.2,False,False,psp_energy_2023-06.pdf
Uttarakhand,2023,6,June,monthly,1483.0,1479.0,4.0,0.3,False,False,psp_energy_2023-06.pdf
Uttarakhand,2023,6,June,cumulative_fy,4027.0,4004.0,23.0,0.6,False,False,psp_energy_2023-06.pdf
Northern Region,2023,6,June,monthly,44469.0,44404.0,65.0,0.1,True,False,psp_energy_2023-06.pdf
Northern Region,2023,6,June,cumulative_fy,117272.0,116938.0,334.0,0.3,True,False,psp_energy_2023-06.pdf
Chhattisgarh,2023,6,June,monthly,3212.0,3210.0,2.0,0.1,False,False,psp_energy_2023-06.pdf
Chhattisgarh,2023,6,June,cumulative_fy,9792.0,9788.0,4.0,0.0,False,False,psp_energy_2023-06.pdf
Gujarat,2023,6,June,monthly,11811.0,11811.0,0.0,0.0,False,False,psp_energy_2023-06.pdf
Gujarat,2023,6,June,cumulative_fy,36479.0,36479.0,0.0,0.0,False,False,psp_energy_2023-06.pdf
Madhya Pradesh,2023,6,June,monthly,7432.0,7432.0,0.0,0.0,False,False,psp_energy_2023-06.pdf
Madhya Pradesh,2023,6,June,cumulative_fy,22329.0,22300.0,28.0,0.1,False,False,psp_energy_2023-06.pdf
Maharashtra,2023,6,June,monthly,17547.0,17523.0,24.0,0.1,False,False,psp_energy_2023-06.pdf
Maharashtra,2023,6,June,cumulative_fy,53486.0,53449.0,37.0,0.1,False,False,psp_energy_2023-06.pdf
Dadra & Nagar Haveli and Daman & Diu,2023,6,June,monthly,879.0,879.0,0.0,0.0,False,False,psp_energy_2023-06.pdf
Dadra & Nagar Haveli and Daman & Diu,2023,6,June,cumulative_fy,2617.0,2617.0,0.0,0.0,False,False,psp_energy_2023-06.pdf
Goa,2023,6,June,monthly,445.0,445.0,0.0,0.0,False,False,psp_energy_2023-06.pdf
Goa,2023,6,June,cumulative_fy,1381.0,1381.0,0.0,0.0,False,False,psp_energy_2023-06.pdf
Western Region,2023,6,June,monthly,42237.0,42212.0,25.0,0.1,True,False,psp_energy_2023-06.pdf
Western Region,2023,6,June,cumulative_fy,128842.0,128772.0,70.0,0.1,True,False,psp_energy_2023-06.pdf
Andhra Pradesh,2023,6,June,monthly,7119.0,7119.0,0.0,0.0,False,False,psp_energy_2023-06.pdf
Andhra Pradesh,2023,6,June,cumulative_fy,20931.0,20918.0,13.0,0.1,False,False,psp_energy_2023-06.pdf
Telangana,2023,6,June,monthly,6001.0,6001.0,0.0,0.0,False,False,psp_energy_2023-06.pdf
Telangana,2023,6,June,cumulative_fy,18904.0,18901.0,3.0,0.0,False,False,psp_energy_2023-06.pdf
Karnataka,2023,6,June,monthly,7352.0,7352.0,0.0,0.0,False,False,psp_energy_2023-06.pdf
Karnataka,2023,6,June,cumulative_fy,23475.0,23472.0,3.0,0.0,False,False,psp_energy_2023-06.pdf
Kerala,2023,6,June,monthly,2443.0,2443.0,0.0,0.0,False,False,psp_energy_2023-06.pdf
Kerala,2023,6,June,cumulative_fy,8060.0,8058.0,2.0,0.0,False,False,psp_energy_2023-06.pdf
Tamil Nadu,2023,6,June,monthly,10868.0,10868.0,0.0,0.0,False,False,psp_energy_2023-06.pdf
Tamil Nadu,2023,6,June,cumulative_fy,32909.0,32904.0,5.0,0.0,False,False,psp_energy_2023-06.pdf
Puducherry,2023,6,June,monthly,311.0,311.0,0.0,0.0,False,False,psp_energy_2023-06.pdf
Puducherry,2023,6,June,cumulative_fy,905.0,905.0,0.0,0.0,False,False,psp_energy_2023-06.pdf
Lakshadweep,2023,6,June,monthly,5.0,5.0,0.0,0.0,False,False,psp_energy_2023-06.pdf
Lakshadweep,2023,6,June,cumulative_fy,17.0,17.0,0.0,0.0,False,False,psp_energy_2023-06.pdf
Southern Region,2023,6,June,monthly,34098.0,34098.0,0.0,0.0,True,False,psp_energy_2023-06.pdf
Southern Region,2023,6,June,cumulative_fy,105197.0,105171.0,26.0,0.0,True,False,psp_energy_2023-06.pdf
Bihar,2023,6,June,monthly,4173.0,4087.0,86.0,2.1,False,False,psp_energy_2023-06.pdf
Bihar,2023,6,June,cumulative_fy,11372.0,11191.0,181.0,1.6,False,False,psp_energy_2023-06.pdf
DVC,2023,6,June,monthly,2260.0,2260.0,0.0,0.0,False,False,psp_energy_2023-06.pdf
DVC,2023,6,June,cumulative_fy,6812.0,6812.0,1.0,0.0,False,False,psp_energy_2023-06.pdf
Jharkhand,2023,6,June,monthly,1288.0,1270.0,18.0,1.4,False,False,psp_energy_2023-06.pdf
Jharkhand,2023,6,June,cumulative_fy,3801.0,3651.0,150.0,3.9,False,False,psp_energy_2023-06.pdf
Odisha,2023,6,June,monthly,3834.0,3834.0,0.0,0.0,False,False,psp_energy_2023-06.pdf
Odisha,2023,6,June,cumulative_fy,11090.0,11088.0,1.0,0.0,False,False,psp_energy_2023-06.pdf
West Bengal,2023,6,June,monthly,6381.0,6367.0,14.0,0.2,False,False,psp_energy_2023-06.pdf
West Bengal,2023,6,June,cumulative_fy,18317.0,18282.0,35.0,0.2,False,False,psp_energy_2023-06.pdf
Sikkim,2023,6,June,monthly,41.0,41.0,0.0,0.0,False,False,psp_energy_2023-06.pdf
Sikkim,2023,6,June,cumulative_fy,130.0,130.0,0.0,0.0,False,False,psp_energy_2023-06.pdf
Andaman & Nicobar,2023,6,June,monthly,31.0,30.0,1.0,3.2,False,False,psp_energy_2023-06.pdf
Andaman & Nicobar,2023,6,June,cumulative_fy,98.0,96.0,2.0,1.9,False,False,psp_energy_2023-06.pdf
Eastern Region,2023,6,June,monthly,17982.0,17864.0,118.0,0.7,True,False,psp_energy_2023-06.pdf
Eastern Region,2023,6,June,cumulative_fy,51551.0,51182.0,368.0,0.7,True,False,psp_energy_2023-06.pdf
Arunachal Pradesh,2023,6,June,monthly,76.0,76.0,0.0,0.0,False,False,psp_energy_2023-06.pdf
Arunachal Pradesh,2023,6,June,cumulative_fy,224.0,224.0,0.0,0.0,False,False,psp_energy_2023-06.pdf
Assam,2023,6,June,monthly,1141.0,1139.0,2.0,0.2,False,False,psp_energy_2023-06.pdf
Assam,2023,6,June,cumulative_fy,3085.0,3078.0,7.0,0.2,False,False,psp_energy_2023-06.pdf
Manipur,2023,6,June,monthly,71.0,71.0,0.0,0.0,False,False,psp_energy_2023-06.pdf
Manipur,2023,6,June,cumulative_fy,222.0,222.0,0.0,0.1,False,False,psp_energy_2023-06.pdf
Meghalaya,2023,6,June,monthly,180.0,146.0,34.0,18.9,False,False,psp_energy_2023-06.pdf
Meghalaya,2023,6,June,cumulative_fy,562.0,449.0,113.0,20.1,False,False,psp_energy_2023-06.pdf
Mizoram,2023,6,June,monthly,51.0,51.0,0.0,0.0,False,False,psp_energy_2023-06.pdf
Mizoram,2023,6,June,cumulative_fy,159.0,159.0,0.0,0.0,False,False,psp_energy_2023-06.pdf
Nagaland,2023,6,June,monthly,81.0,81.0,0.0,0.0,False,False,psp_energy_2023-06.pdf
Nagaland,2023,6,June,cumulative_fy,223.0,223.0,0.0,0.0,False,False,psp_energy_2023-06.pdf
Tripura,2023,6,June,monthly,134.0,134.0,0.0,0.0,False,False,psp_energy_2023-06.pdf
Tripura,2023,6,June,cumulative_fy,441.0,441.0,0.0,0.0,False,False,psp_energy_2023-06.pdf
North-Eastern Region,2023,6,June,monthly,1735.0,1698.0,37.0,2.1,True,False,psp_energy_2023-06.pdf
North-Eastern Region,2023,6,June,cumulative_fy,4918.0,4798.0,120.0,2.4,True,False,psp_energy_2023-06.pdf
All India,2023,6,June,monthly,140520.0,140276.0,244.0,0.2,False,True,psp_energy_2023-06.pdf
All India,2023,6,June,cumulative_fy,407780.0,406862.0,919.0,0.2,False,True,psp_energy_2023-06.pdf
Chandigarh,2023,7,July,monthly,189.0,189.0,0.0,0.0,False,False,psp_energy_2023-07.pdf
Chandigarh,2023,7,July,cumulative_fy,653.0,653.0,0.0,0.0,False,False,psp_energy_2023-07.pdf
Delhi,2023,7,July,monthly,3942.0,3942.0,0.0,0.0,False,False,psp_energy_2023-07.pdf
Delhi,2023,7,July,cumulative_fy,13303.0,13302.0,2.0,0.0,False,False,psp_energy_2023-07.pdf
Haryana,2023,7,July,monthly,6713.0,6708.0,5.0,0.1,False,False,psp_energy_2023-07.pdf
Haryana,2023,7,July,cumulative_fy,22116.0,22042.0,73.0,0.3,False,False,psp_energy_2023-07.pdf
Himachal Pradesh,2023,7,July,monthly,1078.0,1075.0,3.0,0.3,False,False,psp_energy_2023-07.pdf
Himachal Pradesh,2023,7,July,cumulative_fy,3994.0,3981.0,13.0,0.3,False,False,psp_energy_2023-07.pdf
UT of J&K and Ladakh,2023,7,July,monthly,1539.0,1523.0,16.0,1.0,False,False,psp_energy_2023-07.pdf
UT of J&K and Ladakh,2023,7,July,cumulative_fy,6517.0,6444.0,73.0,1.1,False,False,psp_energy_2023-07.pdf
Punjab,2023,7,July,monthly,8242.0,8242.0,0.0,0.0,False,False,psp_energy_2023-07.pdf
Punjab,2023,7,July,cumulative_fy,24678.0,24673.0,5.0,0.0,False,False,psp_energy_2023-07.pdf
Rajasthan,2023,7,July,monthly,8367.0,8343.0,24.0,0.3,False,False,psp_energy_2023-07.pdf
Rajasthan,2023,7,July,cumulative_fy,32175.0,32044.0,132.0,0.4,False,False,psp_energy_2023-07.pdf
Uttar Pradesh,2023,7,July,monthly,15330.0,15307.0,23.0,0.2,False,False,psp_energy_2023-07.pdf
Uttar Pradesh,2023,7,July,cumulative_fy,54891.0,54807.0,84.0,0.2,False,False,psp_energy_2023-07.pdf
Uttarakhand,2023,7,July,monthly,1357.0,1342.0,15.0,1.1,False,False,psp_energy_2023-07.pdf
Uttarakhand,2023,7,July,cumulative_fy,5384.0,5346.0,38.0,0.7,False,False,psp_energy_2023-07.pdf
Northern Region,2023,7,July,monthly,46869.0,46782.0,87.0,0.2,True,False,psp_energy_2023-07.pdf
Northern Region,2023,7,July,cumulative_fy,164141.0,163720.0,420.0,0.3,True,False,psp_energy_2023-07.pdf
Chhattisgarh,2023,7,July,monthly,3360.0,3355.0,5.0,0.1,False,False,psp_energy_2023-07.pdf
Chhattisgarh,2023,7,July,cumulative_fy,13152.0,13142.0,10.0,0.1,False,False,psp_energy_2023-07.pdf
Gujarat,2023,7,July,monthly,11889.0,11889.0,0.0,0.0,False,False,psp_energy_2023-07.pdf
Gujarat,2023,7,July,cumulative_fy,48368.0,48368.0,0.0,0.0,False,False,psp_energy_2023-07.pdf
Madhya Pradesh,2023,7,July,monthly,7309.0,7309.0,0.0,0.0,False,False,psp_energy_2023-07.pdf
Madhya Pradesh,2023,7,July,cumulative_fy,29638.0,29610.0,28.0,0.1,False,False,psp_energy_2023-07.pdf
Maharashtra,2023,7,July,monthly,16399.0,16395.0,4.0,0.0,False,False,psp_energy_2023-07.pdf
Maharashtra,2023,7,July,cumulative_fy,69885.0,69844.0,41.0,0.1,False,False,psp_energy_2023-07.pdf
Dadra & Nagar Haveli and Daman & Diu,2023,7,July,monthly,792.0,792.0,0.0,0.0,False,False,psp_energy_2023-07.pdf
Dadra & Nagar Haveli and Daman & Diu,2023,7,July,cumulative_fy,3409.0,3409.0,0.0,0.0,False,False,psp_energy_2023-07.pdf
Goa,2023,7,July,monthly,392.0,392.0,0.0,0.0,False,False,psp_energy_2023-07.pdf
Goa,2023,7,July,cumulative_fy,1773.0,1773.0,0.0,0.0,False,False,psp_energy_2023-07.pdf
Western Region,2023,7,July,monthly,40805.0,40795.0,10.0,0.0,True,False,psp_energy_2023-07.pdf
Western Region,2023,7,July,cumulative_fy,169647.0,169567.0,80.0,0.0,True,False,psp_energy_2023-07.pdf
Andhra Pradesh,2023,7,July,monthly,6345.0,6345.0,0.0,0.0,False,False,psp_energy_2023-07.pdf
Andhra Pradesh,2023,7,July,cumulative_fy,27276.0,27263.0,13.0,0.0,False,False,psp_energy_2023-07.pdf
Telangana,2023,7,July,monthly,6390.0,6390.0,0.0,0.0,False,False,psp_energy_2023-07.pdf
Telangana,2023,7,July,cumulative_fy,25294.0,25290.0,3.0,0.0,False,False,psp_energy_2023-07.pdf
Karnataka,2023,7,July,monthly,6170.0,6170.0,0.0,0.0,False,False,psp_energy_2023-07.pdf
Karnataka,2023,7,July,cumulative_fy,29646.0,29642.0,3.0,0.0,False,False,psp_energy_2023-07.pdf
Kerala,2023,7,July,monthly,2306.0,2306.0,0.0,0.0,False,False,psp_energy_2023-07.pdf
Kerala,2023,7,July,cumulative_fy,10366.0,10364.0,2.0,0.0,False,False,psp_energy_2023-07.pdf
Tamil Nadu,2023,7,July,monthly,10699.0,10699.0,0.0,0.0,False,False,psp_energy_2023-07.pdf
Tamil Nadu,2023,7,July,cumulative_fy,43608.0,43604.0,5.0,0.0,False,False,psp_energy_2023-07.pdf
Puducherry,2023,7,July,monthly,303.0,303.0,0.0,0.0,False,False,psp_energy_2023-07.pdf
Puducherry,2023,7,July,cumulative_fy,1209.0,1209.0,0.0,0.0,False,False,psp_energy_2023-07.pdf
Lakshadweep,2023,7,July,monthly,5.0,5.0,0.0,0.0,False,False,psp_energy_2023-07.pdf
Lakshadweep,2023,7,July,cumulative_fy,22.0,22.0,0.0,0.0,False,False,psp_energy_2023-07.pdf
Southern Region,2023,7,July,monthly,32218.0,32218.0,0.0,0.0,True,False,psp_energy_2023-07.pdf
Southern Region,2023,7,July,cumulative_fy,137415.0,137389.0,26.0,0.0,True,False,psp_energy_2023-07.pdf
Bihar,2023,7,July,monthly,4414.0,4354.0,60.0,1.4,False,False,psp_energy_2023-07.pdf
Bihar,2023,7,July,cumulative_fy,15786.0,15545.0,241.0,1.5,False,False,psp_energy_2023-07.pdf
DVC,2023,7,July,monthly,2348.0,2348.0,0.0,0.0,False,False,psp_energy_2023-07.pdf
DVC,2023,7,July,cumulative_fy,9160.0,9159.0,1.0,0.0,False,False,psp_energy_2023-07.pdf
Jharkhand,2023,7,July,monthly,1282.0,1270.0,12.0,0.9,False,False,psp_energy_2023-07.pdf
Jharkhand,2023,7,July,cumulative_fy,5083.0,4920.0,162.0,3.2,False,False,psp_energy_2023-07.pdf
Odisha,2023,7,July,monthly,3848.0,3848.0,0.0,0.0,False,False,psp_energy_2023-07.pdf
Odisha,2023,7,July,cumulative_fy,14938.0,14936.0,2.0,0.0,False,False,psp_energy_2023-07.pdf
West Bengal,2023,7,July,monthly,6820.0,6815.0,5.0,0.1,False,False,psp_energy_2023-07.pdf
West Bengal,2023,7,July,cumulative_fy,25137.0,25097.0,41.0,0.2,False,False,psp_energy_2023-07.pdf
Sikkim,2023,7,July,monthly,38.0,38.0,0.0,0.0,False,False,psp_energy_2023-07.pdf
Sikkim,2023,7,July,cumulative_fy,168.0,168.0,0.0,0.0,False,False,psp_energy_2023-07.pdf
Andaman & Nicobar,2023,7,July,monthly,30.0,29.0,1.0,3.3,False,False,psp_energy_2023-07.pdf
Andaman & Nicobar,2023,7,July,cumulative_fy,128.0,125.0,3.0,2.3,False,False,psp_energy_2023-07.pdf
Eastern Region,2023,7,July,monthly,18756.0,18677.0,79.0,0.4,True,False,psp_energy_2023-07.pdf
Eastern Region,2023,7,July,cumulative_fy,70307.0,69859.0,447.0,0.6,True,False,psp_energy_2023-07.pdf
Arunachal Pradesh,2023,7,July,monthly,83.0,83.0,0.0,0.0,False,False,psp_energy_2023-07.pdf
Arunachal Pradesh,2023,7,July,cumulative_fy,307.0,307.0,0.0,0.0,False,False,psp_energy_2023-07.pdf
Assam,2023,7,July,monthly,1320.0,1320.0,0.0,0.0,False,False,psp_energy_2023-07.pdf
Assam,2023,7,July,cumulative_fy,4405.0,4398.0,7.0,0.2,False,False,psp_energy_2023-07.pdf
Manipur,2023,7,July,monthly,82.0,82.0,0.0,0.0,False,False,psp_energy_2023-07.pdf
Manipur,2023,7,July,cumulative_fy,304.0,304.0,0.0,0.1,False,False,psp_energy_2023-07.pdf
Meghalaya,2023,7,July,monthly,188.0,165.0,23.0,12.2,False,False,psp_energy_2023-07.pdf
Meghalaya,2023,7,July,cumulative_fy,750.0,613.0,136.0,18.2,False,False,psp_energy_2023-07.pdf
Mizoram,2023,7,July,monthly,56.0,56.0,0.0,0.0,False,False,psp_energy_2023-07.pdf
Mizoram,2023,7,July,cumulative_fy,215.0,215.0,0.0,0.0,False,False,psp_energy_2023-07.pdf
Nagaland,2023,7,July,monthly,88.0,88.0,0.0,0.0,False,False,psp_energy_2023-07.pdf
Nagaland,2023,7,July,cumulative_fy,312.0,312.0,0.0,0.0,False,False,psp_energy_2023-07.pdf
Tripura,2023,7,July,monthly,152.0,152.0,0.0,0.0,False,False,psp_energy_2023-07.pdf
Tripura,2023,7,July,cumulative_fy,594.0,594.0,0.0,0.0,False,False,psp_energy_2023-07.pdf
North-Eastern Region,2023,7,July,monthly,1971.0,1947.0,24.0,1.2,True,False,psp_energy_2023-07.pdf
North-Eastern Region,2023,7,July,cumulative_fy,6889.0,6745.0,144.0,2.1,True,False,psp_energy_2023-07.pdf
All India,2023,7,July,monthly,140618.0,140419.0,199.0,0.1,False,True,psp_energy_2023-07.pdf
All India,2023,7,July,cumulative_fy,548398.0,547281.0,1117.0,0.2,False,True,psp_energy_2023-07.pdf
Chandigarh,2023,8,August,monthly,213.0,213.0,0.0,0.0,False,False,psp_energy_2023-08.pdf
Chandigarh,2023,8,August,cumulative_fy,866.0,866.0,0.0,0.0,False,False,psp_energy_2023-08.pdf
Delhi,2023,8,August,monthly,4104.0,4103.0,1.0,0.0,False,False,psp_energy_2023-08.pdf
Delhi,2023,8,August,cumulative_fy,17407.0,17405.0,2.0,0.0,False,False,psp_energy_2023-08.pdf
Haryana,2023,8,August,monthly,7658.0,7569.0,89.0,1.2,False,False,psp_energy_2023-08.pdf
Haryana,2023,8,August,cumulative_fy,29774.0,29612.0,162.0,0.5,False,False,psp_energy_2023-08.pdf
Himachal Pradesh,2023,8,August,monthly,1149.0,1146.0,3.0,0.3,False,False,psp_energy_2023-08.pdf
Himachal Pradesh,2023,8,August,cumulative_fy,5143.0,5127.0,16.0,0.3,False,False,psp_energy_2023-08.pdf
UT of J&K and Ladakh,2023,8,August,monthly,1606.0,1585.0,21.0,1.3,False,False,psp_energy_2023-08.pdf
UT of J&K and Ladakh,2023,8,August,cumulative_fy,8122.0,8029.0,93.0,1.1,False,False,psp_energy_2023-08.pdf
Punjab,2023,8,August,monthly,9560.0,9560.0,0.0,0.0,False,False,psp_energy_2023-08.pdf
Punjab,2023,8,August,cumulative_fy,34238.0,34232.0,5.0,0.0,False,False,psp_energy_2023-08.pdf
Rajasthan,2023,8,August,monthly,10349.0,10154.0,195.0,1.9,False,False,psp_energy_2023-08.pdf
Rajasthan,2023,8,August,cumulative_fy,42524.0,42197.0,327.0,0.8,False,False,psp_energy_2023-08.pdf
Uttar Pradesh,2023,8,August,monthly,15781.0,15669.0,112.0,0.7,False,False,psp_energy_2023-08.pdf
Uttar Pradesh,2023,8,August,cumulative_fy,70671.0,70475.0,196.0,0.3,False,False,psp_energy_2023-08.pdf
Uttarakhand,2023,8,August,monthly,1404.0,1385.0,19.0,1.4,False,False,psp_energy_2023-08.pdf
Uttarakhand,2023,8,August,cumulative_fy,6788.0,6731.0,58.0,0.9,False,False,psp_energy_2023-08.pdf
Northern Region,2023,8,August,monthly,51939.0,51499.0,440.0,0.8,True,False,psp_energy_2023-08.pdf
Northern Region,2023,8,August,cumulative_fy,216079.0,215220.0,860.0,0.4,True,False,psp_energy_2023-08.pdf
Chhattisgarh,2023,8,August,monthly,3535.0,3515.0,20.0,0.6,False,False,psp_energy_2023-08.pdf
Chhattisgarh,2023,8,August,cumulative_fy,16687.0,16657.0,30.0,0.2,False,False,psp_energy_2023-08.pdf
Gujarat,2023,8,August,monthly,12556.0,12554.0,2.0,0.0,False,False,psp_energy_2023-08.pdf
Gujarat,2023,8,August,cumulative_fy,60924.0,60922.0,2.0,0.0,False,False,psp_energy_2023-08.pdf
Madhya Pradesh,2023,8,August,monthly,8269.0,8269.0,0.0,0.0,False,False,psp_energy_2023-08.pdf
Madhya Pradesh,2023,8,August,cumulative_fy,37906.0,37878.0,28.0,0.1,False,False,psp_energy_2023-08.pdf
Maharashtra,2023,8,August,monthly,16972.0,16865.0,107.0,0.6,False,False,psp_energy_2023-08.pdf
Maharashtra,2023,8,August,cumulative_fy,86857.0,86709.0,148.0,0.2,False,False,psp_energy_2023-08.pdf
Dadra & Nagar Haveli and Daman & Diu,2023,8,August,monthly,792.0,792.0,0.0,0.0,False,False,psp_energy_2023-08.pdf
Dadra & Nagar Haveli and Daman & Diu,2023,8,August,cumulative_fy,4201.0,4201.0,0.0,0.0,False,False,psp_energy_2023-08.pdf
Goa,2023,8,August,monthly,418.0,418.0,0.0,0.0,False,False,psp_energy_2023-08.pdf
Goa,2023,8,August,cumulative_fy,2191.0,2191.0,0.0,0.0,False,False,psp_energy_2023-08.pdf
Western Region,2023,8,August,monthly,43161.0,43033.0,128.0,0.3,True,False,psp_energy_2023-08.pdf
Western Region,2023,8,August,cumulative_fy,212808.0,212600.0,208.0,0.1,True,False,psp_energy_2023-08.pdf
Andhra Pradesh,2023,8,August,monthly,7200.0,7161.0,39.0,0.5,False,False,psp_energy_2023-08.pdf
Andhra Pradesh,2023,8,August,cumulative_fy,34476.0,34424.0,52.0,0.2,False,False,psp_energy_2023-08.pdf
Telangana,2023,8,August,monthly,7689.0,7688.0,1.0,0.0,False,False,psp_energy_2023-08.pdf
Telangana,2023,8,August,cumulative_fy,32982.0,32978.0,4.0,0.0,False,False,psp_energy_2023-08.pdf
Karnataka,2023,8,August,monthly,7909.0,7839.0,70.0,0.9,False,False,psp_energy_2023-08.pdf
Karnataka,2023,8,August,cumulative_fy,37555.0,37481.0,74.0,0.2,False,False,psp_energy_2023-08.pdf
Kerala,2023,8,August,monthly,2591.0,2590.0,1.0,0.0,False,False,psp_energy_2023-08.pdf
Kerala,2023,8,August,cumulative_fy,12957.0,12954.0,3.0,0.0,False,False,psp_energy_2023-08.pdf
Tamil Nadu,2023,8,August,monthly,11104.0,11103.0,1.0,0.0,False,False,psp_energy_2023-08.pdf
Tamil Nadu,2023,8,August,cumulative_fy,54712.0,54706.0,6.0,0.0,False,False,psp_energy_2023-08.pdf
Puducherry,2023,8,August,monthly,310.0,310.0,0.0,0.0,False,False,psp_energy_2023-08.pdf
Puducherry,2023,8,August,cumulative_fy,1519.0,1518.0,1.0,0.0,False,False,psp_energy_2023-08.pdf
Lakshadweep,2023,8,August,monthly,5.0,5.0,0.0,0.0,False,False,psp_energy_2023-08.pdf
Lakshadweep,2023,8,August,cumulative_fy,27.0,27.0,0.0,0.0,False,False,psp_energy_2023-08.pdf
Southern Region,2023,8,August,monthly,36807.0,36694.0,113.0,0.3,True,False,psp_energy_2023-08.pdf
Southern Region,2023,8,August,cumulative_fy,174222.0,174083.0,139.0,0.1,True,False,psp_energy_2023-08.pdf
Bihar,2023,8,August,monthly,4298.0,4237.0,61.0,1.4,False,False,psp_energy_2023-08.pdf
Bihar,2023,8,August,cumulative_fy,20084.0,19782.0,302.0,1.5,False,False,psp_energy_2023-08.pdf
DVC,2023,8,August,monthly,2309.0,2308.0,1.0,0.0,False,False,psp_energy_2023-08.pdf
DVC,2023,8,August,cumulative_fy,11470.0,11468.0,2.0,0.0,False,False,psp_energy_2023-08.pdf
Jharkhand,2023,8,August,monthly,1305.0,1252.0,53.0,4.1,False,False,psp_energy_2023-08.pdf
Jharkhand,2023,8,August,cumulative_fy,6388.0,6173.0,215.0,3.4,False,False,psp_energy_2023-08.pdf
Odisha,2023,8,August,monthly,3705.0,3703.0,2.0,0.1,False,False,psp_energy_2023-08.pdf
Odisha,2023,8,August,cumulative_fy,18642.0,18639.0,3.0,0.0,False,False,psp_energy_2023-08.pdf
West Bengal,2023,8,August,monthly,6612.0,6604.0,8.0,0.1,False,False,psp_energy_2023-08.pdf
West Bengal,2023,8,August,cumulative_fy,31749.0,31700.0,49.0,0.2,False,False,psp_energy_2023-08.pdf
Sikkim,2023,8,August,monthly,35.0,35.0,0.0,0.0,False,False,psp_energy_2023-08.pdf
Sikkim,2023,8,August,cumulative_fy,203.0,203.0,0.0,0.0,False,False,psp_energy_2023-08.pdf
Andaman & Nicobar,2023,8,August,monthly,33.0,31.0,2.0,6.1,False,False,psp_energy_2023-08.pdf
Andaman & Nicobar,2023,8,August,cumulative_fy,161.0,157.0,4.0,2.7,False,False,psp_energy_2023-08.pdf
Eastern Region,2023,8,August,monthly,18267.0,18143.0,124.0,0.7,True,False,psp_energy_2023-08.pdf
Eastern Region,2023,8,August,cumulative_fy,88574.0,88002.0,572.0,0.6,True,False,psp_energy_2023-08.pdf
Arunachal Pradesh,2023,8,August,monthly,83.0,83.0,0.0,0.0,False,False,psp_energy_2023-08.pdf
Arunachal Pradesh,2023,8,August,cumulative_fy,390.0,390.0,0.0,0.0,False,False,psp_energy_2023-08.pdf
Assam,2023,8,August,monthly,1345.0,1313.0,32.0,2.4,False,False,psp_energy_2023-08.pdf
Assam,2023,8,August,cumulative_fy,5750.0,5711.0,39.0,0.7,False,False,psp_energy_2023-08.pdf
Manipur,2023,8,August,monthly,81.0,81.0,0.0,0.0,False,False,psp_energy_2023-08.pdf
Manipur,2023,8,August,cumulative_fy,385.0,385.0,0.0,0.0,False,False,psp_energy_2023-08.pdf
Meghalaya,2023,8,August,monthly,182.0,167.0,15.0,8.2,False,False,psp_energy_2023-08.pdf
Meghalaya,2023,8,August,cumulative_fy,932.0,780.0,151.0,16.2,False,False,psp_energy_2023-08.pdf
Mizoram,2023,8,August,monthly,53.0,53.0,0.0,0.0,False,False,psp_energy_2023-08.pdf
Mizoram,2023,8,August,cumulative_fy,268.0,268.0,0.0,0.0,False,False,psp_energy_2023-08.pdf
Nagaland,2023,8,August,monthly,89.0,89.0,0.0,0.0,False,False,psp_energy_2023-08.pdf
Nagaland,2023,8,August,cumulative_fy,401.0,401.0,0.0,0.0,False,False,psp_energy_2023-08.pdf
Tripura,2023,8,August,monthly,168.0,168.0,0.0,0.0,False,False,psp_energy_2023-08.pdf
Tripura,2023,8,August,cumulative_fy,762.0,762.0,0.0,0.0,False,False,psp_energy_2023-08.pdf
North-Eastern Region,2023,8,August,monthly,2002.0,1955.0,47.0,2.3,True,False,psp_energy_2023-08.pdf
North-Eastern Region,2023,8,August,cumulative_fy,8891.0,8700.0,190.0,2.1,True,False,psp_energy_2023-08.pdf
All India,2023,8,August,monthly,152176.0,151324.0,852.0,0.6,False,True,psp_energy_2023-08.pdf
All India,2023,8,August,cumulative_fy,700574.0,698605.0,1969.0,0.3,False,True,psp_energy_2023-08.pdf
Chandigarh,2023,9,September,monthly,194.0,194.0,0.0,0.0,False,False,psp_energy_2023-09.pdf
Chandigarh,2023,9,September,cumulative_fy,1061.0,1061.0,0.0,0.0,False,False,psp_energy_2023-09.pdf
Delhi,2023,9,September,monthly,3743.0,3743.0,0.0,0.0,False,False,psp_energy_2023-09.pdf
Delhi,2023,9,September,cumulative_fy,21151.0,21148.0,3.0,0.0,False,False,psp_energy_2023-09.pdf
Haryana,2023,9,September,monthly,6808.0,6752.0,56.0,0.8,False,False,psp_energy_2023-09.pdf
Haryana,2023,9,September,cumulative_fy,36582.0,36363.0,218.0,0.6,False,False,psp_energy_2023-09.pdf
Himachal Pradesh,2023,9,September,monthly,1158.0,1156.0,2.0,0.2,False,False,psp_energy_2023-09.pdf
Himachal Pradesh,2023,9,September,cumulative_fy,6301.0,6283.0,18.0,0.3,False,False,psp_energy_2023-09.pdf
UT of J&K and Ladakh,2023,9,September,monthly,1521.0,1476.0,45.0,3.0,False,False,psp_energy_2023-09.pdf
UT of J&K and Ladakh,2023,9,September,cumulative_fy,9643.0,9505.0,138.0,1.4,False,False,psp_energy_2023-09.pdf
Punjab,2023,9,September,monthly,8006.0,8006.0,0.0,0.0,False,False,psp_energy_2023-09.pdf
Punjab,2023,9,September,cumulative_fy,42244.0,42239.0,5.0,0.0,False,False,psp_energy_2023-09.pdf
Rajasthan,2023,9,September,monthly,9398.0,9283.0,115.0,1.2,False,False,psp_energy_2023-09.pdf
Rajasthan,2023,9,September,cumulative_fy,51923.0,51480.0,443.0,0.9,False,False,psp_energy_2023-09.pdf
Uttar Pradesh,2023,9,September,monthly,14669.0,14656.0,13.0,0.1,False,False,psp_energy_2023-09.pdf
Uttar Pradesh,2023,9,September,cumulative_fy,85340.0,85132.0,208.0,0.2,False,False,psp_energy_2023-09.pdf
Uttarakhand,2023,9,September,monthly,1392.0,1381.0,11.0,0.8,False,False,psp_energy_2023-09.pdf
Uttarakhand,2023,9,September,cumulative_fy,8180.0,8112.0,69.0,0.8,False,False,psp_energy_2023-09.pdf
Northern Region,2023,9,September,monthly,47002.0,46759.0,243.0,0.5,True,False,psp_energy_2023-09.pdf
Northern Region,2023,9,September,cumulative_fy,263081.0,261979.0,1102.0,0.4,True,False,psp_energy_2023-09.pdf
Chhattisgarh,2023,9,September,monthly,3408.0,3397.0,11.0,0.3,False,False,psp_energy_2023-09.pdf
Chhattisgarh,2023,9,September,cumulative_fy,20095.0,20054.0,41.0,0.2,False,False,psp_energy_2023-09.pdf
Gujarat,2023,9,September,monthly,12931.0,12907.0,24.0,0.2,False,False,psp_energy_2023-09.pdf
Gujarat,2023,9,September,cumulative_fy,73856.0,73829.0,27.0,0.0,False,False,psp_energy_2023-09.pdf
Madhya Pradesh,2023,9,September,monthly,7699.0,7664.0,35.0,0.5,False,False,psp_energy_2023-09.pdf
Madhya Pradesh,2023,9,September,cumulative_fy,45605.0,45542.0,63.0,0.1,False,False,psp_energy_2023-09.pdf
Maharashtra,2023,9,September,monthly,15841.0,15819.0,22.0,0.1,False,False,psp_energy_2023-09.pdf
Maharashtra,2023,9,September,cumulative_fy,102697.0,102528.0,169.0,0.2,False,False,psp_energy_2023-09.pdf
Dadra & Nagar Haveli and Daman & Diu,2023,9,September,monthly,792.0,792.0,0.0,0.0,False,False,psp_energy_2023-09.pdf
Dadra & Nagar Haveli and Daman & Diu,2023,9,September,cumulative_fy,4992.0,4992.0,0.0,0.0,False,False,psp_energy_2023-09.pdf
Goa,2023,9,September,monthly,412.0,412.0,0.0,0.0,False,False,psp_energy_2023-09.pdf
Goa,2023,9,September,cumulative_fy,2603.0,2603.0,0.0,0.0,False,False,psp_energy_2023-09.pdf
Western Region,2023,9,September,monthly,41703.0,41611.0,92.0,0.2,True,False,psp_energy_2023-09.pdf
Western Region,2023,9,September,cumulative_fy,254511.0,254211.0,300.0,0.1,True,False,psp_energy_2023-09.pdf
Andhra Pradesh,2023,9,September,monthly,6559.0,6559.0,0.0,0.0,False,False,psp_energy_2023-09.pdf
Andhra Pradesh,2023,9,September,cumulative_fy,41036.0,40984.0,52.0,0.1,False,False,psp_energy_2023-09.pdf
Telangana,2023,9,September,monthly,6725.0,6725.0,0.0,0.0,False,False,psp_energy_2023-09.pdf
Telangana,2023,9,September,cumulative_fy,39708.0,39703.0,4.0,0.0,False,False,psp_energy_2023-09.pdf
Karnataka,2023,9,September,monthly,7008.0,7002.0,6.0,0.1,False,False,psp_energy_2023-09.pdf
Karnataka,2023,9,September,cumulative_fy,44563.0,44483.0,80.0,0.2,False,False,psp_energy_2023-09.pdf
Kerala,2023,9,September,monthly,2363.0,2363.0,0.0,0.0,False,False,psp_energy_2023-09.pdf
Kerala,2023,9,September,cumulative_fy,15320.0,15317.0,3.0,0.0,False,False,psp_energy_2023-09.pdf
Tamil Nadu,2023,9,September,monthly,10245.0,10245.0,0.0,0.0,False,False,psp_energy_2023-09.pdf
Tamil Nadu,2023,9,September,cumulative_fy,64958.0,64952.0,6.0,0.0,False,False,psp_energy_2023-09.pdf
Puducherry,2023,9,September,monthly,291.0,291.0,0.0,0.0,False,False,psp_energy_2023-09.pdf
Puducherry,2023,9,September,cumulative_fy,1810.0,1810.0,1.0,0.0,False,False,psp_energy_2023-09.pdf
Lakshadweep,2023,9,September,monthly,5.0,5.0,0.0,0.0,False,False,psp_energy_2023-09.pdf
Lakshadweep,2023,9,September,cumulative_fy,32.0,32.0,0.0,0.0,False,False,psp_energy_2023-09.pdf
Southern Region,2023,9,September,monthly,33197.0,33190.0,7.0,0.0,True,False,psp_energy_2023-09.pdf
Southern Region,2023,9,September,cumulative_fy,207419.0,207273.0,146.0,0.1,True,False,psp_energy_2023-09.pdf
Bihar,2023,9,September,monthly,4262.0,4167.0,95.0,2.2,False,False,psp_energy_2023-09.pdf
Bihar,2023,9,September,cumulative_fy,24346.0,23949.0,397.0,1.6,False,False,psp_energy_2023-09.pdf
DVC,2023,9,September,monthly,2294.0,2293.0,1.0,0.0,False,False,psp_energy_2023-09.pdf
DVC,2023,9,September,cumulative_fy,13763.0,13761.0,3.0,0.0,False,False,psp_energy_2023-09.pdf
Jharkhand,2023,9,September,monthly,1232.0,1190.0,42.0,3.4,False,False,psp_energy_2023-09.pdf
Jharkhand,2023,9,September,cumulative_fy,7619.0,7363.0,256.0,3.4,False,False,psp_energy_2023-09.pdf
Odisha,2023,9,September,monthly,3635.0,3634.0,1.0,0.0,False,False,psp_energy_2023-09.pdf
Odisha,2023,9,September,cumulative_fy,22277.0,22273.0,4.0,0.0,False,False,psp_energy_2023-09.pdf
West Bengal,2023,9,September,monthly,6453.0,6446.0,7.0,0.1,False,False,psp_energy_2023-09.pdf
West Bengal,2023,9,September,cumulative_fy,38202.0,38146.0,56.0,0.1,False,False,psp_energy_2023-09.pdf
Sikkim,2023,9,September,monthly,38.0,38.0,0.0,0.0,False,False,psp_energy_2023-09.pdf
Sikkim,2023,9,September,cumulative_fy,240.0,240.0,0.0,0.0,False,False,psp_energy_2023-09.pdf
Andaman & Nicobar,2023,9,September,monthly,29.0,28.0,1.0,3.4,False,False,psp_energy_2023-09.pdf
Andaman & Nicobar,2023,9,September,cumulative_fy,190.0,184.0,6.0,3.1,False,False,psp_energy_2023-09.pdf
Eastern Region,2023,9,September,monthly,17914.0,17770.0,144.0,0.8,True,False,psp_energy_2023-09.pdf
Eastern Region,2023,9,September,cumulative_fy,106488.0,105772.0,716.0,0.7,True,False,psp_energy_2023-09.pdf
Arunachal Pradesh,2023,9,September,monthly,89.0,89.0,0.0,0.0,False,False,psp_energy_2023-09.pdf
Arunachal Pradesh,2023,9,September,cumulative_fy,479.0,479.0,0.0,0.0,False,False,psp_energy_2023-09.pdf
Assam,2023,9,September,monthly,1368.0,1333.0,35.0,2.6,False,False,psp_energy_2023-09.pdf
Assam,2023,9,September,cumulative_fy,7118.0,7044.0,74.0,1.0,False,False,psp_energy_2023-09.pdf
Manipur,2023,9,September,monthly,79.0,79.0,0.0,0.0,False,False,psp_energy_2023-09.pdf
Manipur,2023,9,September,cumulative_fy,464.0,464.0,0.0,0.0,False,False,psp_energy_2023-09.pdf
Meghalaya,2023,9,September,monthly,165.0,157.0,8.0,4.9,False,False,psp_energy_2023-09.pdf
Meghalaya,2023,9,September,cumulative_fy,1096.0,937.0,159.0,14.5,False,False,psp_energy_2023-09.pdf
Mizoram,2023,9,September,monthly,49.0,49.0,0.0,0.0,False,False,psp_energy_2023-09.pdf
Mizoram,2023,9,September,cumulative_fy,317.0,317.0,0.0,0.0,False,False,psp_energy_2023-09.pdf
Nagaland,2023,9,September,monthly,86.0,86.0,0.0,0.0,False,False,psp_energy_2023-09.pdf
Nagaland,2023,9,September,cumulative_fy,488.0,488.0,0.0,0.0,False,False,psp_energy_2023-09.pdf
Tripura,2023,9,September,monthly,173.0,173.0,0.0,0.0,False,False,psp_energy_2023-09.pdf
Tripura,2023,9,September,cumulative_fy,935.0,935.0,0.0,0.0,False,False,psp_energy_2023-09.pdf
North-Eastern Region,2023,9,September,monthly,2010.0,1968.0,42.0,2.1,True,False,psp_energy_2023-09.pdf
North-Eastern Region,2023,9,September,cumulative_fy,10901.0,10668.0,233.0,2.1,True,False,psp_energy_2023-09.pdf
All India,2023,9,September,monthly,141827.0,141299.0,528.0,0.4,False,True,psp_energy_2023-09.pdf
All India,2023,9,September,cumulative_fy,842401.0,839904.0,2497.0,0.3,False,True,psp_energy_2023-09.pdf
Chandigarh,2023,10,October,monthly,127.0,127.0,0.0,0.0,False,False,psp_energy_2023-10.pdf
Chandigarh,2023,10,October,cumulative_fy,1187.0,1187.0,0.0,0.0,False,False,psp_energy_2023-10.pdf
Delhi,2023,10,October,monthly,2860.0,2859.0,1.0,0.0,False,False,psp_energy_2023-10.pdf
Delhi,2023,10,October,cumulative_fy,24010.0,24007.0,3.0,0.0,False,False,psp_energy_2023-10.pdf
Haryana,2023,10,October,monthly,5356.0,5324.0,32.0,0.6,False,False,psp_energy_2023-10.pdf
Haryana,2023,10,October,cumulative_fy,41937.0,41687.0,250.0,0.6,False,False,psp_energy_2023-10.pdf
Himachal Pradesh,2023,10,October,monthly,1156.0,1152.0,4.0,0.3,False,False,psp_energy_2023-10.pdf
Himachal Pradesh,2023,10,October,cumulative_fy,7457.0,7436.0,22.0,0.3,False,False,psp_energy_2023-10.pdf
UT of J&K and Ladakh,2023,10,October,monthly,1540.0,1504.0,36.0,2.3,False,False,psp_energy_2023-10.pdf
UT of J&K and Ladakh,2023,10,October,cumulative_fy,11183.0,11009.0,174.0,1.6,False,False,psp_energy_2023-10.pdf
Punjab,2023,10,October,monthly,5259.0,5259.0,0.0,0.0,False,False,psp_energy_2023-10.pdf
Punjab,2023,10,October,cumulative_fy,47503.0,47498.0,5.0,0.0,False,False,psp_energy_2023-10.pdf
Rajasthan,2023,10,October,monthly,9166.0,9110.0,56.0,0.6,False,False,psp_energy_2023-10.pdf
Rajasthan,2023,10,October,cumulative_fy,61089.0,60590.0,499.0,0.8,False,False,psp_energy_2023-10.pdf
Uttar Pradesh,2023,10,October,monthly,12240.0,12231.0,9.0,0.1,False,False,psp_energy_2023-10.pdf
Uttar Pradesh,2023,10,October,cumulative_fy,97580.0,97362.0,218.0,0.2,False,False,psp_energy_2023-10.pdf
Uttarakhand,2023,10,October,monthly,1239.0,1230.0,9.0,0.7,False,False,psp_energy_2023-10.pdf
Uttarakhand,2023,10,October,cumulative_fy,9420.0,9342.0,78.0,0.8,False,False,psp_energy_2023-10.pdf
Northern Region,2023,10,October,monthly,39056.0,38910.0,146.0,0.4,True,False,psp_energy_2023-10.pdf
Northern Region,2023,10,October,cumulative_fy,302137.0,300889.0,1248.0,0.4,True,False,psp_energy_2023-10.pdf
Chhattisgarh,2023,10,October,monthly,3364.0,3355.0,9.0,0.3,False,False,psp_energy_2023-10.pdf
Chhattisgarh,2023,10,October,cumulative_fy,23459.0,23409.0,51.0,0.2,False,False,psp_energy_2023-10.pdf
Gujarat,2023,10,October,monthly,13094.0,13094.0,0.0,0.0,False,False,psp_energy_2023-10.pdf
Gujarat,2023,10,October,cumulative_fy,86950.0,86923.0,27.0,0.0,False,False,psp_energy_2023-10.pdf
Madhya Pradesh,2023,10,October,monthly,9011.0,9011.0,0.0,0.0,False,False,psp_energy_2023-10.pdf
Madhya Pradesh,2023,10,October,cumulative_fy,54617.0,54553.0,63.0,0.1,False,False,psp_energy_2023-10.pdf
Maharashtra,2023,10,October,monthly,18056.0,18051.0,5.0,0.0,False,False,psp_energy_2023-10.pdf
Maharashtra,2023,10,October,cumulative_fy,120753.0,120579.0,174.0,0.1,False,False,psp_energy_2023-10.pdf
Dadra & Nagar Haveli and Daman & Diu,2023,10,October,monthly,897.0,897.0,0.0,0.0,False,False,psp_energy_2023-10.pdf
Dadra & Nagar Haveli and Daman & Diu,2023,10,October,cumulative_fy,5889.0,5889.0,0.0,0.0,False,False,psp_energy_2023-10.pdf
Goa,2023,10,October,monthly,374.0,374.0,0.0,0.0,False,False,psp_energy_2023-10.pdf
Goa,2023,10,October,cumulative_fy,2977.0,2977.0,0.0,0.0,False,False,psp_energy_2023-10.pdf
Western Region,2023,10,October,monthly,45740.0,45725.0,15.0,0.0,True,False,psp_energy_2023-10.pdf
Western Region,2023,10,October,cumulative_fy,300251.0,299936.0,315.0,0.1,True,False,psp_energy_2023-10.pdf
Andhra Pradesh,2023,10,October,monthly,7284.0,7281.0,3.0,0.0,False,False,psp_energy_2023-10.pdf
Andhra Pradesh,2023,10,October,cumulative_fy,48320.0,48265.0,55.0,0.1,False,False,psp_energy_2023-10.pdf
Telangana,2023,10,October,monthly,8168.0,8166.0,2.0,0.0,False,False,psp_energy_2023-10.pdf
Telangana,2023,10,October,cumulative_fy,47876.0,47869.0,7.0,0.0,False,False,psp_energy_2023-10.pdf
Karnataka,2023,10,October,monthly,7777.0,7706.0,71.0,0.9,False,False,psp_energy_2023-10.pdf
Karnataka,2023,10,October,cumulative_fy,52340.0,52189.0,151.0,0.3,False,False,psp_energy_2023-10.pdf
Kerala,2023,10,October,monthly,2471.0,2470.0,1.0,0.0,False,False,psp_energy_2023-10.pdf
Kerala,2023,10,October,cumulative_fy,17791.0,17787.0,4.0,0.0,False,False,psp_energy_2023-10.pdf
Tamil Nadu,2023,10,October,monthly,10712.0,10709.0,3.0,0.0,False,False,psp_energy_2023-10.pdf
Tamil Nadu,2023,10,October,cumulative_fy,75669.0,75661.0,9.0,0.0,False,False,psp_energy_2023-10.pdf
Puducherry,2023,10,October,monthly,305.0,305.0,0.0,0.0,False,False,psp_energy_2023-10.pdf
Puducherry,2023,10,October,cumulative_fy,2115.0,2115.0,1.0,0.0,False,False,psp_energy_2023-10.pdf
Lakshadweep,2023,10,October,monthly,5.0,5.0,0.0,0.0,False,False,psp_energy_2023-10.pdf
Lakshadweep,2023,10,October,cumulative_fy,37.0,37.0,0.0,0.0,False,False,psp_energy_2023-10.pdf
Southern Region,2023,10,October,monthly,36722.0,36642.0,80.0,0.2,True,False,psp_energy_2023-10.pdf
Southern Region,2023,10,October,cumulative_fy,244141.0,243915.0,226.0,0.1,True,False,psp_energy_2023-10.pdf
Bihar,2023,10,October,monthly,3466.0,3383.0,83.0,2.4,False,False,psp_energy_2023-10.pdf
Bihar,2023,10,October,cumulative_fy,27812.0,27333.0,480.0,1.7,False,False,psp_energy_2023-10.pdf
DVC,2023,10,October,monthly,2198.0,2197.0,1.0,0.0,False,False,psp_energy_2023-10.pdf
DVC,2023,10,October,cumulative_fy,15962.0,15958.0,4.0,0.0,False,False,psp_energy_2023-10.pdf
Jharkhand,2023,10,October,monthly,1196.0,1156.0,40.0,3.3,False,False,psp_energy_2023-10.pdf
Jharkhand,2023,10,October,cumulative_fy,8816.0,8519.0,297.0,3.4,False,False,psp_energy_2023-10.pdf
Odisha,2023,10,October,monthly,3693.0,3683.0,10.0,0.3,False,False,psp_energy_2023-10.pdf
Odisha,2023,10,October,cumulative_fy,25971.0,25956.0,15.0,0.1,False,False,psp_energy_2023-10.pdf
West Bengal,2023,10,October,monthly,5980.0,5973.0,7.0,0.1,False,False,psp_energy_2023-10.pdf
West Bengal,2023,10,October,cumulative_fy,44182.0,44119.0,63.0,0.1,False,False,psp_energy_2023-10.pdf
Sikkim,2023,10,October,monthly,31.0,31.0,0.0,0.0,False,False,psp_energy_2023-10.pdf
Sikkim,2023,10,October,cumulative_fy,272.0,272.0,0.0,0.0,False,False,psp_energy_2023-10.pdf
Andaman & Nicobar,2023,10,October,monthly,32.0,31.0,1.0,3.1,False,False,psp_energy_2023-10.pdf
Andaman & Nicobar,2023,10,October,cumulative_fy,222.0,215.0,7.0,3.2,False,False,psp_energy_2023-10.pdf
Eastern Region,2023,10,October,monthly,16567.0,16425.0,142.0,0.9,True,False,psp_energy_2023-10.pdf
Eastern Region,2023,10,October,cumulative_fy,123055.0,122197.0,858.0,0.7,True,False,psp_energy_2023-10.pdf
Arunachal Pradesh,2023,10,October,monthly,92.0,92.0,0.0,0.0,False,False,psp_energy_2023-10.pdf
Arunachal Pradesh,2023,10,October,cumulative_fy,571.0,571.0,0.0,0.0,False,False,psp_energy_2023-10.pdf
Assam,2023,10,October,monthly,1097.0,1093.0,4.0,0.4,False,False,psp_energy_2023-10.pdf
Assam,2023,10,October,cumulative_fy,8215.0,8137.0,78.0,1.0,False,False,psp_energy_2023-10.pdf
Manipur,2023,10,October,monthly,82.0,82.0,0.0,0.0,False,False,psp_energy_2023-10.pdf
Manipur,2023,10,October,cumulative_fy,546.0,546.0,0.0,0.0,False,False,psp_energy_2023-10.pdf
Meghalaya,2023,10,October,monthly,180.0,176.0,4.0,2.2,False,False,psp_energy_2023-10.pdf
Meghalaya,2023,10,October,cumulative_fy,1276.0,1113.0,163.0,12.8,False,False,psp_energy_2023-10.pdf
Mizoram,2023,10,October,monthly,53.0,53.0,0.0,0.0,False,False,psp_energy_2023-10.pdf
Mizoram,2023,10,October,cumulative_fy,369.0,369.0,0.0,0.0,False,False,psp_energy_2023-10.pdf
Nagaland,2023,10,October,monthly,82.0,82.0,0.0,0.0,False,False,psp_energy_2023-10.pdf
Nagaland,2023,10,October,cumulative_fy,569.0,569.0,0.0,0.0,False,False,psp_energy_2023-10.pdf
Tripura,2023,10,October,monthly,161.0,161.0,0.0,0.0,False,False,psp_energy_2023-10.pdf
Tripura,2023,10,October,cumulative_fy,1096.0,1096.0,0.0,0.0,False,False,psp_energy_2023-10.pdf
North-Eastern Region,2023,10,October,monthly,1748.0,1739.0,9.0,0.5,True,False,psp_energy_2023-10.pdf
North-Eastern Region,2023,10,October,cumulative_fy,12649.0,12407.0,242.0,1.9,True,False,psp_energy_2023-10.pdf
All India,2023,10,October,monthly,139832.0,139441.0,391.0,0.3,False,True,psp_energy_2023-10.pdf
All India,2023,10,October,cumulative_fy,982233.0,979345.0,2888.0,0.3,False,True,psp_energy_2023-10.pdf
Chandigarh,2023,11,November,monthly,102.0,102.0,0.0,0.0,False,False,psp_energy_2023-11.pdf
Chandigarh,2023,11,November,cumulative_fy,1289.0,1289.0,0.0,0.0,False,False,psp_energy_2023-11.pdf
Delhi,2023,11,November,monthly,2117.0,2117.0,0.0,0.0,False,False,psp_energy_2023-11.pdf
Delhi,2023,11,November,cumulative_fy,26127.0,26124.0,3.0,0.0,False,False,psp_energy_2023-11.pdf
Haryana,2023,11,November,monthly,3915.0,3915.0,0.0,0.0,False,False,psp_energy_2023-11.pdf
Haryana,2023,11,November,cumulative_fy,45853.0,45603.0,250.0,0.5,False,False,psp_energy_2023-11.pdf
Himachal Pradesh,2023,11,November,monthly,989.0,986.0,3.0,0.3,False,False,psp_energy_2023-11.pdf
Himachal Pradesh,2023,11,November,cumulative_fy,8446.0,8422.0,24.0,0.3,False,False,psp_energy_2023-11.pdf
UT of J&K and Ladakh,2023,11,November,monthly,1586.0,1568.0,18.0,1.1,False,False,psp_energy_2023-11.pdf
UT of J&K and Ladakh,2023,11,November,cumulative_fy,12770.0,12577.0,193.0,1.5,False,False,psp_energy_2023-11.pdf
Punjab,2023,11,November,monthly,3842.0,3842.0,0.0,0.0,False,False,psp_energy_2023-11.pdf
Punjab,2023,11,November,cumulative_fy,51345.0,51339.0,5.0,0.0,False,False,psp_energy_2023-11.pdf
Rajasthan,2023,11,November,monthly,8760.0,8759.0,1.0,0.0,False,False,psp_energy_2023-11.pdf
Rajasthan,2023,11,November,cumulative_fy,69848.0,69349.0,499.0,0.7,False,False,psp_energy_2023-11.pdf
Uttar Pradesh,2023,11,November,monthly,9616.0,9580.0,36.0,0.4,False,False,psp_energy_2023-11.pdf
Uttar Pradesh,2023,11,November,cumulative_fy,107196.0,106942.0,254.0,0.2,False,False,psp_energy_2023-11.pdf
Uttarakhand,2023,11,November,monthly,1102.0,1099.0,3.0,0.3,False,False,psp_energy_2023-11.pdf
Uttarakhand,2023,11,November,cumulative_fy,10521.0,10441.0,80.0,0.8,False,False,psp_energy_2023-11.pdf
Northern Region,2023,11,November,monthly,32145.0,32084.0,61.0,0.2,True,False,psp_energy_2023-11.pdf
Northern Region,2023,11,November,cumulative_fy,334282.0,332973.0,1309.0,0.4,True,False,psp_energy_2023-11.pdf
Chhattisgarh,2023,11,November,monthly,2709.0,2709.0,0.0,0.0,False,False,psp_energy_2023-11.pdf
Chhattisgarh,2023,11,November,cumulative_fy,26168.0,26117.0,51.0,0.2,False,False,psp_energy_2023-11.pdf
Gujarat,2023,11,November,monthly,10857.0,10857.0,0.0,0.0,False,False,psp_energy_2023-11.pdf
Gujarat,2023,11,November,cumulative_fy,97807.0,97780.0,27.0,0.0,False,False,psp_energy_2023-11.pdf
Madhya Pradesh,2023,11,November,monthly,9007.0,9007.0,0.0,0.0,False,False,psp_energy_2023-11.pdf
Madhya Pradesh,2023,11,November,cumulative_fy,63624.0,63560.0,63.0,0.1,False,False,psp_energy_2023-11.pdf
Maharashtra,2023,11,November,monthly,16754.0,16754.0,0.0,0.0,False,False,psp_energy_2023-11.pdf
Maharashtra,2023,11,November,cumulative_fy,137507.0,137333.0,174.0,0.1,False,False,psp_energy_2023-11.pdf
Dadra & Nagar Haveli and Daman & Diu,2023,11,November,monthly,800.0,800.0,0.0,0.0,False,False,psp_energy_2023-11.pdf
Dadra & Nagar Haveli and Daman & Diu,2023,11,November,cumulative_fy,6689.0,6689.0,0.0,0.0,False,False,psp_energy_2023-11.pdf
Goa,2023,11,November,monthly,421.0,421.0,0.0,0.0,False,False,psp_energy_2023-11.pdf
Goa,2023,11,November,cumulative_fy,3399.0,3399.0,0.0,0.0,False,False,psp_energy_2023-11.pdf
Western Region,2023,11,November,monthly,41478.0,41478.0,0.0,0.0,True,False,psp_energy_2023-11.pdf
Western Region,2023,11,November,cumulative_fy,341729.0,341414.0,315.0,0.1,True,False,psp_energy_2023-11.pdf
Andhra Pradesh,2023,11,November,monthly,6314.0,6314.0,0.0,0.0,False,False,psp_energy_2023-11.pdf
Andhra Pradesh,2023,11,November,cumulative_fy,54634.0,54579.0,55.0,0.1,False,False,psp_energy_2023-11.pdf
Telangana,2023,11,November,monthly,6147.0,6147.0,0.0,0.0,False,False,psp_energy_2023-11.pdf
Telangana,2023,11,November,cumulative_fy,54023.0,54016.0,7.0,0.0,False,False,psp_energy_2023-11.pdf
Karnataka,2023,11,November,monthly,7037.0,7037.0,0.0,0.0,False,False,psp_energy_2023-11.pdf
Karnataka,2023,11,November,cumulative_fy,59377.0,59226.0,151.0,0.3,False,False,psp_energy_2023-11.pdf
Kerala,2023,11,November,monthly,2421.0,2420.0,1.0,0.0,False,False,psp_energy_2023-11.pdf
Kerala,2023,11,November,cumulative_fy,20212.0,20208.0,4.0,0.0,False,False,psp_energy_2023-11.pdf
Tamil Nadu,2023,11,November,monthly,8829.0,8829.0,0.0,0.0,False,False,psp_energy_2023-11.pdf
Tamil Nadu,2023,11,November,cumulative_fy,84498.0,84490.0,9.0,0.0,False,False,psp_energy_2023-11.pdf
Puducherry,2023,11,November,monthly,255.0,255.0,0.0,0.0,False,False,psp_energy_2023-11.pdf
Puducherry,2023,11,November,cumulative_fy,2370.0,2369.0,1.0,0.0,False,False,psp_energy_2023-11.pdf
Lakshadweep,2023,11,November,monthly,5.0,5.0,0.0,0.0,False,False,psp_energy_2023-11.pdf
Lakshadweep,2023,11,November,cumulative_fy,42.0,42.0,0.0,0.0,False,False,psp_energy_2023-11.pdf
Southern Region,2023,11,November,monthly,31007.0,31006.0,1.0,0.0,True,False,psp_energy_2023-11.pdf
Southern Region,2023,11,November,cumulative_fy,275148.0,274921.0,227.0,0.1,True,False,psp_energy_2023-11.pdf
Bihar,2023,11,November,monthly,2549.0,2538.0,11.0,0.4,False,False,psp_energy_2023-11.pdf
Bihar,2023,11,November,cumulative_fy,30361.0,29871.0,490.0,1.6,False,False,psp_energy_2023-11.pdf
DVC,2023,11,November,monthly,1888.0,1888.0,0.0,0.0,False,False,psp_energy_2023-11.pdf
DVC,2023,11,November,cumulative_fy,17850.0,17845.0,5.0,0.0,False,False,psp_energy_2023-11.pdf
Jharkhand,2023,11,November,monthly,1089.0,1061.0,28.0,2.6,False,False,psp_energy_2023-11.pdf
Jharkhand,2023,11,November,cumulative_fy,9905.0,9580.0,325.0,3.3,False,False,psp_energy_2023-11.pdf
Odisha,2023,11,November,monthly,3019.0,3014.0,5.0,0.2,False,False,psp_energy_2023-11.pdf
Odisha,2023,11,November,cumulative_fy,28990.0,28970.0,20.0,0.1,False,False,psp_energy_2023-11.pdf
West Bengal,2023,11,November,monthly,4753.0,4747.0,6.0,0.1,False,False,psp_energy_2023-11.pdf
West Bengal,2023,11,November,cumulative_fy,48935.0,48866.0,69.0,0.1,False,False,psp_energy_2023-11.pdf
Sikkim,2023,11,November,monthly,41.0,40.0,1.0,2.5,False,False,psp_energy_2023-11.pdf
Sikkim,2023,11,November,cumulative_fy,312.0,312.0,0.0,0.0,False,False,psp_energy_2023-11.pdf
Andaman & Nicobar,2023,11,November,monthly,33.0,31.0,2.0,6.1,False,False,psp_energy_2023-11.pdf
Andaman & Nicobar,2023,11,November,cumulative_fy,255.0,246.0,8.0,3.3,False,False,psp_energy_2023-11.pdf
Eastern Region,2023,11,November,monthly,13340.0,13289.0,51.0,0.4,True,False,psp_energy_2023-11.pdf
Eastern Region,2023,11,November,cumulative_fy,136395.0,135486.0,909.0,0.7,True,False,psp_energy_2023-11.pdf
Arunachal Pradesh,2023,11,November,monthly,82.0,82.0,0.0,0.0,False,False,psp_energy_2023-11.pdf
Arunachal Pradesh,2023,11,November,cumulative_fy,654.0,654.0,0.0,0.0,False,False,psp_energy_2023-11.pdf
Assam,2023,11,November,monthly,851.0,851.0,0.0,0.0,False,False,psp_energy_2023-11.pdf
Assam,2023,11,November,cumulative_fy,9066.0,8987.0,78.0,0.9,False,False,psp_energy_2023-11.pdf
Manipur,2023,11,November,monthly,80.0,80.0,0.0,0.0,False,False,psp_energy_2023-11.pdf
Manipur,2023,11,November,cumulative_fy,626.0,626.0,0.0,0.0,False,False,psp_energy_2023-11.pdf
Meghalaya,2023,11,November,monthly,186.0,186.0,0.0,0.0,False,False,psp_energy_2023-11.pdf
Meghalaya,2023,11,November,cumulative_fy,1463.0,1299.0,164.0,11.2,False,False,psp_energy_2023-11.pdf
Mizoram,2023,11,November,monthly,58.0,58.0,0.0,0.0,False,False,psp_energy_2023-11.pdf
Mizoram,2023,11,November,cumulative_fy,427.0,427.0,0.0,0.0,False,False,psp_energy_2023-11.pdf
Nagaland,2023,11,November,monthly,69.0,69.0,0.0,0.0,False,False,psp_energy_2023-11.pdf
Nagaland,2023,11,November,cumulative_fy,638.0,638.0,0.0,0.0,False,False,psp_energy_2023-11.pdf
Tripura,2023,11,November,monthly,123.0,123.0,0.0,0.0,False,False,psp_energy_2023-11.pdf
Tripura,2023,11,November,cumulative_fy,1220.0,1220.0,0.0,0.0,False,False,psp_energy_2023-11.pdf
North-Eastern Region,2023,11,November,monthly,1451.0,1450.0,1.0,0.1,True,False,psp_energy_2023-11.pdf
North-Eastern Region,2023,11,November,cumulative_fy,14100.0,13857.0,242.0,1.7,True,False,psp_energy_2023-11.pdf
All India,2023,11,November,monthly,119421.0,119308.0,113.0,0.1,False,True,psp_energy_2023-11.pdf
All India,2023,11,November,cumulative_fy,1101654.0,1098652.0,3002.0,0.3,False,True,psp_energy_2023-11.pdf
Chandigarh,2023,12,December,monthly,117.0,117.0,0.0,0.0,False,False,psp_energy_2023-12.pdf
Chandigarh,2023,12,December,cumulative_fy,1406.0,1406.0,0.0,0.0,False,False,psp_energy_2023-12.pdf
Delhi,2023,12,December,monthly,2229.0,2229.0,0.0,0.0,False,False,psp_energy_2023-12.pdf
Delhi,2023,12,December,cumulative_fy,28356.0,28353.0,3.0,0.0,False,False,psp_energy_2023-12.pdf
Haryana,2023,12,December,monthly,4489.0,4489.0,0.0,0.0,False,False,psp_energy_2023-12.pdf
Haryana,2023,12,December,cumulative_fy,50342.0,50091.0,251.0,0.5,False,False,psp_energy_2023-12.pdf
Himachal Pradesh,2023,12,December,monthly,1154.0,1152.0,2.0,0.2,False,False,psp_energy_2023-12.pdf
Himachal Pradesh,2023,12,December,cumulative_fy,9600.0,9573.0,26.0,0.3,False,False,psp_energy_2023-12.pdf
UT of J&K and Ladakh,2023,12,December,monthly,1822.0,1809.0,13.0,0.7,False,False,psp_energy_2023-12.pdf
UT of J&K and Ladakh,2023,12,December,cumulative_fy,14591.0,14386.0,205.0,1.4,False,False,psp_energy_2023-12.pdf
Punjab,2023,12,December,monthly,4291.0,4291.0,0.0,0.0,False,False,psp_energy_2023-12.pdf
Punjab,2023,12,December,cumulative_fy,55636.0,55631.0,5.0,0.0,False,False,psp_energy_2023-12.pdf
Rajasthan,2023,12,December,monthly,9331.0,9327.0,4.0,0.0,False,False,psp_energy_2023-12.pdf
Rajasthan,2023,12,December,cumulative_fy,79179.0,78676.0,503.0,0.6,False,False,psp_energy_2023-12.pdf
Uttar Pradesh,2023,12,December,monthly,9839.0,9839.0,0.0,0.0,False,False,psp_energy_2023-12.pdf
Uttar Pradesh,2023,12,December,cumulative_fy,117035.0,116781.0,254.0,0.2,False,False,psp_energy_2023-12.pdf
Uttarakhand,2023,12,December,monthly,1267.0,1263.0,4.0,0.3,False,False,psp_energy_2023-12.pdf
Uttarakhand,2023,12,December,cumulative_fy,11788.0,11704.0,84.0,0.7,False,False,psp_energy_2023-12.pdf
Northern Region,2023,12,December,monthly,34651.0,34627.0,24.0,0.1,True,False,psp_energy_2023-12.pdf
Northern Region,2023,12,December,cumulative_fy,368933.0,367600.0,1333.0,0.4,True,False,psp_energy_2023-12.pdf
Chhattisgarh,2023,12,December,monthly,2799.0,2799.0,0.0,0.0,False,False,psp_energy_2023-12.pdf
Chhattisgarh,2023,12,December,cumulative_fy,28968.0,28916.0,51.0,0.2,False,False,psp_energy_2023-12.pdf
Gujarat,2023,12,December,monthly,11718.0,11717.0,1.0,0.0,False,False,psp_energy_2023-12.pdf
Gujarat,2023,12,December,cumulative_fy,109525.0,109498.0,28.0,0.0,False,False,psp_energy_2023-12.pdf
Madhya Pradesh,2023,12,December,monthly,8968.0,8968.0,0.0,0.0,False,False,psp_energy_2023-12.pdf
Madhya Pradesh,2023,12,December,cumulative_fy,72592.0,72529.0,63.0,0.1,False,False,psp_energy_2023-12.pdf
Maharashtra,2023,12,December,monthly,16236.0,16236.0,0.0,0.0,False,False,psp_energy_2023-12.pdf
Maharashtra,2023,12,December,cumulative_fy,153742.0,153568.0,174.0,0.1,False,False,psp_energy_2023-12.pdf
Dadra & Nagar Haveli and Daman & Diu,2023,12,December,monthly,881.0,881.0,0.0,0.0,False,False,psp_energy_2023-12.pdf
Dadra & Nagar Haveli and Daman & Diu,2023,12,December,cumulative_fy,7570.0,7570.0,0.0,0.0,False,False,psp_energy_2023-12.pdf
Goa,2023,12,December,monthly,424.0,424.0,0.0,0.0,False,False,psp_energy_2023-12.pdf
Goa,2023,12,December,cumulative_fy,3823.0,3823.0,0.0,0.0,False,False,psp_energy_2023-12.pdf
Western Region,2023,12,December,monthly,42001.0,42000.0,1.0,0.0,True,False,psp_energy_2023-12.pdf
Western Region,2023,12,December,cumulative_fy,383730.0,383414.0,316.0,0.1,True,False,psp_energy_2023-12.pdf
Andhra Pradesh,2023,12,December,monthly,5780.0,5779.0,1.0,0.0,False,False,psp_energy_2023-12.pdf
Andhra Pradesh,2023,12,December,cumulative_fy,60414.0,60358.0,56.0,0.1,False,False,psp_energy_2023-12.pdf
Telangana,2023,12,December,monthly,6435.0,6433.0,2.0,0.0,False,False,psp_energy_2023-12.pdf
Telangana,2023,12,December,cumulative_fy,60457.0,60449.0,8.0,0.0,False,False,psp_energy_2023-12.pdf
Karnataka,2023,12,December,monthly,7742.0,7740.0,2.0,0.0,False,False,psp_energy_2023-12.pdf
Karnataka,2023,12,December,cumulative_fy,67119.0,66966.0,153.0,0.2,False,False,psp_energy_2023-12.pdf
Kerala,2023,12,December,monthly,2552.0,2551.0,1.0,0.0,False,False,psp_energy_2023-12.pdf
Kerala,2023,12,December,cumulative_fy,22763.0,22759.0,5.0,0.0,False,False,psp_energy_2023-12.pdf
Tamil Nadu,2023,12,December,monthly,9353.0,9352.0,1.0,0.0,False,False,psp_energy_2023-12.pdf
Tamil Nadu,2023,12,December,cumulative_fy,93852.0,93841.0,11.0,0.0,False,False,psp_energy_2023-12.pdf
Puducherry,2023,12,December,monthly,263.0,263.0,0.0,0.0,False,False,psp_energy_2023-12.pdf
Puducherry,2023,12,December,cumulative_fy,2634.0,2633.0,1.0,0.0,False,False,psp_energy_2023-12.pdf
Lakshadweep,2023,12,December,monthly,5.0,5.0,0.0,0.0,False,False,psp_energy_2023-12.pdf
Lakshadweep,2023,12,December,cumulative_fy,47.0,47.0,0.0,0.0,False,False,psp_energy_2023-12.pdf
Southern Region,2023,12,December,monthly,32128.0,32122.0,6.0,0.0,True,False,psp_energy_2023-12.pdf
Southern Region,2023,12,December,cumulative_fy,307276.0,307043.0,233.0,0.1,True,False,psp_energy_2023-12.pdf
Bihar,2023,12,December,monthly,2613.0,2596.0,17.0,0.7,False,False,psp_energy_2023-12.pdf
Bihar,2023,12,December,cumulative_fy,32975.0,32468.0,507.0,1.5,False,False,psp_energy_2023-12.pdf
DVC,2023,12,December,monthly,2191.0,2190.0,1.0,0.0,False,False,psp_energy_2023-12.pdf
DVC,2023,12,December,cumulative_fy,20041.0,20035.0,6.0,0.0,False,False,psp_energy_2023-12.pdf
Jharkhand,2023,12,December,monthly,1106.0,1033.0,73.0,6.6,False,False,psp_energy_2023-12.pdf
Jharkhand,2023,12,December,cumulative_fy,11011.0,10613.0,399.0,3.6,False,False,psp_energy_2023-12.pdf
Odisha,2023,12,December,monthly,2574.0,2572.0,2.0,0.1,False,False,psp_energy_2023-12.pdf
Odisha,2023,12,December,cumulative_fy,31563.0,31542.0,22.0,0.1,False,False,psp_energy_2023-12.pdf
West Bengal,2023,12,December,monthly,4483.0,4479.0,4.0,0.1,False,False,psp_energy_2023-12.pdf
West Bengal,2023,12,December,cumulative_fy,53418.0,53345.0,73.0,0.1,False,False,psp_energy_2023-12.pdf
Sikkim,2023,12,December,monthly,54.0,54.0,0.0,0.0,False,False,psp_energy_2023-12.pdf
Sikkim,2023,12,December,cumulative_fy,366.0,366.0,0.0,0.0,False,False,psp_energy_2023-12.pdf
Andaman & Nicobar,2023,12,December,monthly,32.0,31.0,1.0,3.1,False,False,psp_energy_2023-12.pdf
Andaman & Nicobar,2023,12,December,cumulative_fy,287.0,278.0,9.0,3.2,False,False,psp_energy_2023-12.pdf
Eastern Region,2023,12,December,monthly,13022.0,12925.0,97.0,0.7,True,False,psp_energy_2023-12.pdf
Eastern Region,2023,12,December,cumulative_fy,149418.0,148412.0,1006.0,0.7,True,False,psp_energy_2023-12.pdf
Arunachal Pradesh,2023,12,December,monthly,94.0,94.0,0.0,0.0,False,False,psp_energy_2023-12.pdf
Arunachal Pradesh,2023,12,December,cumulative_fy,747.0,747.0,0.0,0.0,False,False,psp_energy_2023-12.pdf
Assam,2023,12,December,monthly,818.0,818.0,0.0,0.0,False,False,psp_energy_2023-12.pdf
Assam,2023,12,December,cumulative_fy,9884.0,9805.0,78.0,0.8,False,False,psp_energy_2023-12.pdf
Manipur,2023,12,December,monthly,98.0,96.0,2.0,2.0,False,False,psp_energy_2023-12.pdf
Manipur,2023,12,December,cumulative_fy,724.0,721.0,2.0,0.3,False,False,psp_energy_2023-12.pdf
Meghalaya,2023,12,December,monthly,199.0,197.0,2.0,1.0,False,False,psp_energy_2023-12.pdf
Meghalaya,2023,12,December,cumulative_fy,1662.0,1496.0,165.0,10.0,False,False,psp_energy_2023-12.pdf
Mizoram,2023,12,December,monthly,62.0,62.0,0.0,0.0,False,False,psp_energy_2023-12.pdf
Mizoram,2023,12,December,cumulative_fy,489.0,489.0,0.0,0.0,False,False,psp_energy_2023-12.pdf
Nagaland,2023,12,December,monthly,74.0,74.0,0.0,0.0,False,False,psp_energy_2023-12.pdf
Nagaland,2023,12,December,cumulative_fy,713.0,713.0,0.0,0.0,False,False,psp_energy_2023-12.pdf
Tripura,2023,12,December,monthly,116.0,116.0,0.0,0.0,False,False,psp_energy_2023-12.pdf
Tripura,2023,12,December,cumulative_fy,1336.0,1336.0,0.0,0.0,False,False,psp_energy_2023-12.pdf
North-Eastern Region,2023,12,December,monthly,1461.0,1457.0,4.0,0.3,True,False,psp_energy_2023-12.pdf
North-Eastern Region,2023,12,December,cumulative_fy,15561.0,15314.0,246.0,1.6,True,False,psp_energy_2023-12.pdf
All India,2023,12,December,monthly,123264.0,123131.0,133.0,0.1,False,True,psp_energy_2023-12.pdf
All India,2023,12,December,cumulative_fy,1224918.0,1221783.0,3134.0,0.3,False,True,psp_energy_2023-12.pdf
Chandigarh,2024,1,January,monthly,158.0,158.0,0.0,0.0,False,False,psp_energy_2024-01.pdf
Chandigarh,2024,1,January,cumulative_fy,1564.0,1564.0,0.0,0.0,False,False,psp_energy_2024-01.pdf
Delhi,2024,1,January,monthly,2741.0,2740.0,1.0,0.0,False,False,psp_energy_2024-01.pdf
Delhi,2024,1,January,cumulative_fy,31098.0,31093.0,4.0,0.0,False,False,psp_energy_2024-01.pdf
Haryana,2024,1,January,monthly,5035.0,4957.0,78.0,1.5,False,False,psp_energy_2024-01.pdf
Haryana,2024,1,January,cumulative_fy,55377.0,55048.0,329.0,0.6,False,False,psp_energy_2024-01.pdf
Himachal Pradesh,2024,1,January,monthly,1163.0,1157.0,6.0,0.5,False,False,psp_energy_2024-01.pdf
Himachal Pradesh,2024,1,January,cumulative_fy,10762.0,10731.0,32.0,0.3,False,False,psp_energy_2024-01.pdf
UT of J&K and Ladakh,2024,1,January,monthly,2032.0,1997.0,35.0,1.7,False,False,psp_energy_2024-01.pdf
UT of J&K and Ladakh,2024,1,January,cumulative_fy,16624.0,16383.0,241.0,1.4,False,False,psp_energy_2024-01.pdf
Punjab,2024,1,January,monthly,4901.0,4901.0,0.0,0.0,False,False,psp_energy_2024-01.pdf
Punjab,2024,1,January,cumulative_fy,60537.0,60532.0,5.0,0.0,False,False,psp_energy_2024-01.pdf
Rajasthan,2024,1,January,monthly,10161.0,10051.0,110.0,1.1,False,False,psp_energy_2024-01.pdf
Rajasthan,2024,1,January,cumulative_fy,89340.0,88726.0,613.0,0.7,False,False,psp_energy_2024-01.pdf
Uttar Pradesh,2024,1,January,monthly,11806.0,11656.0,150.0,1.3,False,False,psp_energy_2024-01.pdf
Uttar Pradesh,2024,1,January,cumulative_fy,128842.0,128437.0,405.0,0.3,False,False,psp_energy_2024-01.pdf
Uttarakhand,2024,1,January,monthly,1430.0,1409.0,21.0,1.5,False,False,psp_energy_2024-01.pdf
Uttarakhand,2024,1,January,cumulative_fy,13218.0,13113.0,105.0,0.8,False,False,psp_energy_2024-01.pdf
Northern Region,2024,1,January,monthly,39537.0,39137.0,400.0,1.0,True,False,psp_energy_2024-01.pdf
Northern Region,2024,1,January,cumulative_fy,408470.0,406737.0,1734.0,0.4,True,False,psp_energy_2024-01.pdf
Chhattisgarh,2024,1,January,monthly,3380.0,3377.0,3.0,0.1,False,False,psp_energy_2024-01.pdf
Chhattisgarh,2024,1,January,cumulative_fy,32347.0,32294.0,54.0,0.2,False,False,psp_energy_2024-01.pdf
Gujarat,2024,1,January,monthly,11911.0,11911.0,0.0,0.0,False,False,psp_energy_2024-01.pdf
Gujarat,2024,1,January,cumulative_fy,121436.0,121408.0,28.0,0.0,False,False,psp_energy_2024-01.pdf
Madhya Pradesh,2024,1,January,monthly,9743.0,9700.0,43.0,0.4,False,False,psp_energy_2024-01.pdf
Madhya Pradesh,2024,1,January,cumulative_fy,82336.0,82228.0,107.0,0.1,False,False,psp_energy_2024-01.pdf
Maharashtra,2024,1,January,monthly,17416.0,17414.0,2.0,0.0,False,False,psp_energy_2024-01.pdf
Maharashtra,2024,1,January,cumulative_fy,171158.0,170982.0,176.0,0.1,False,False,psp_energy_2024-01.pdf
Dadra & Nagar Haveli and Daman & Diu,2024,1,January,monthly,882.0,882.0,0.0,0.0,False,False,psp_energy_2024-01.pdf
Dadra & Nagar Haveli and Daman & Diu,2024,1,January,cumulative_fy,8452.0,8452.0,0.0,0.0,False,False,psp_energy_2024-01.pdf
Goa,2024,1,January,monthly,418.0,418.0,0.0,0.0,False,False,psp_energy_2024-01.pdf
Goa,2024,1,January,cumulative_fy,4240.0,4240.0,0.0,0.0,False,False,psp_energy_2024-01.pdf
Western Region,2024,1,January,monthly,44724.0,44676.0,48.0,0.1,True,False,psp_energy_2024-01.pdf
Western Region,2024,1,January,cumulative_fy,428455.0,428090.0,365.0,0.1,True,False,psp_energy_2024-01.pdf
Andhra Pradesh,2024,1,January,monthly,6392.0,6391.0,1.0,0.0,False,False,psp_energy_2024-01.pdf
Andhra Pradesh,2024,1,January,cumulative_fy,66806.0,66750.0,57.0,0.1,False,False,psp_energy_2024-01.pdf
Telangana,2024,1,January,monthly,7584.0,7583.0,1.0,0.0,False,False,psp_energy_2024-01.pdf
Telangana,2024,1,January,cumulative_fy,68041.0,68033.0,9.0,0.0,False,False,psp_energy_2024-01.pdf
Karnataka,2024,1,January,monthly,8312.0,8312.0,0.0,0.0,False,False,psp_energy_2024-01.pdf
Karnataka,2024,1,January,cumulative_fy,75431.0,75278.0,153.0,0.2,False,False,psp_energy_2024-01.pdf
Kerala,2024,1,January,monthly,2545.0,2545.0,0.0,0.0,False,False,psp_energy_2024-01.pdf
Kerala,2024,1,January,cumulative_fy,25309.0,25304.0,5.0,0.0,False,False,psp_energy_2024-01.pdf
Tamil Nadu,2024,1,January,monthly,9677.0,9676.0,1.0,0.0,False,False,psp_energy_2024-01.pdf
Tamil Nadu,2024,1,January,cumulative_fy,103529.0,103518.0,11.0,0.0,False,False,psp_energy_2024-01.pdf
Puducherry,2024,1,January,monthly,256.0,256.0,0.0,0.0,False,False,psp_energy_2024-01.pdf
Puducherry,2024,1,January,cumulative_fy,2889.0,2888.0,1.0,0.0,False,False,psp_energy_2024-01.pdf
Lakshadweep,2024,1,January,monthly,5.0,5.0,0.0,0.0,False,False,psp_energy_2024-01.pdf
Lakshadweep,2024,1,January,cumulative_fy,53.0,53.0,0.0,0.0,False,False,psp_energy_2024-01.pdf
Southern Region,2024,1,January,monthly,34769.0,34767.0,2.0,0.0,True,False,psp_energy_2024-01.pdf
Southern Region,2024,1,January,cumulative_fy,342046.0,341810.0,235.0,0.1,True,False,psp_energy_2024-01.pdf
Bihar,2024,1,January,monthly,3075.0,3004.0,71.0,2.3,False,False,psp_energy_2024-01.pdf
Bihar,2024,1,January,cumulative_fy,36049.0,35471.0,578.0,1.6,False,False,psp_energy_2024-01.pdf
DVC,2024,1,January,monthly,2225.0,2224.0,1.0,0.0,False,False,psp_energy_2024-01.pdf
DVC,2024,1,January,cumulative_fy,22266.0,22260.0,7.0,0.0,False,False,psp_energy_2024-01.pdf
Jharkhand,2024,1,January,monthly,1200.0,1119.0,81.0,6.7,False,False,psp_energy_2024-01.pdf
Jharkhand,2024,1,January,cumulative_fy,12212.0,11732.0,480.0,3.9,False,False,psp_energy_2024-01.pdf
Odisha,2024,1,January,monthly,2991.0,2989.0,2.0,0.1,False,False,psp_energy_2024-01.pdf
Odisha,2024,1,January,cumulative_fy,34554.0,34531.0,23.0,0.1,False,False,psp_energy_2024-01.pdf
West Bengal,2024,1,January,monthly,4476.0,4472.0,4.0,0.1,False,False,psp_energy_2024-01.pdf
West Bengal,2024,1,January,cumulative_fy,57894.0,57817.0,77.0,0.1,False,False,psp_energy_2024-01.pdf
Sikkim,2024,1,January,monthly,63.0,63.0,0.0,0.0,False,False,psp_energy_2024-01.pdf
Sikkim,2024,1,January,cumulative_fy,429.0,429.0,0.0,0.0,False,False,psp_energy_2024-01.pdf
Andaman & Nicobar,2024,1,January,monthly,32.0,31.0,1.0,3.1,False,False,psp_energy_2024-01.pdf
Andaman & Nicobar,2024,1,January,cumulative_fy,319.0,309.0,10.0,3.1,False,False,psp_energy_2024-01.pdf
Eastern Region,2024,1,January,monthly,14030.0,13872.0,158.0,1.1,True,False,psp_energy_2024-01.pdf
Eastern Region,2024,1,January,cumulative_fy,163448.0,162284.0,1164.0,0.7,True,False,psp_energy_2024-01.pdf
Arunachal Pradesh,2024,1,January,monthly,89.0,89.0,0.0,0.0,False,False,psp_energy_2024-01.pdf
Arunachal Pradesh,2024,1,January,cumulative_fy,836.0,836.0,0.0,0.0,False,False,psp_energy_2024-01.pdf
Assam,2024,1,January,monthly,850.0,837.0,13.0,1.5,False,False,psp_energy_2024-01.pdf
Assam,2024,1,January,cumulative_fy,10734.0,10642.0,92.0,0.9,False,False,psp_energy_2024-01.pdf
Manipur,2024,1,January,monthly,112.0,104.0,8.0,7.1,False,False,psp_energy_2024-01.pdf
Manipur,2024,1,January,cumulative_fy,836.0,825.0,11.0,1.3,False,False,psp_energy_2024-01.pdf
Meghalaya,2024,1,January,monthly,205.0,201.0,4.0,2.0,False,False,psp_energy_2024-01.pdf
Meghalaya,2024,1,January,cumulative_fy,1867.0,1697.0,170.0,9.1,False,False,psp_energy_2024-01.pdf
Mizoram,2024,1,January,monthly,70.0,70.0,0.0,0.0,False,False,psp_energy_2024-01.pdf
Mizoram,2024,1,January,cumulative_fy,559.0,559.0,0.0,0.0,False,False,psp_energy_2024-01.pdf
Nagaland,2024,1,January,monthly,71.0,71.0,0.0,0.0,False,False,psp_energy_2024-01.pdf
Nagaland,2024,1,January,cumulative_fy,783.0,783.0,0.0,0.0,False,False,psp_energy_2024-01.pdf
Tripura,2024,1,January,monthly,122.0,122.0,0.0,0.0,False,False,psp_energy_2024-01.pdf
Tripura,2024,1,January,cumulative_fy,1458.0,1458.0,0.0,0.0,False,False,psp_energy_2024-01.pdf
North-Eastern Region,2024,1,January,monthly,1519.0,1493.0,26.0,1.7,True,False,psp_energy_2024-01.pdf
North-Eastern Region,2024,1,January,cumulative_fy,17080.0,16808.0,272.0,1.6,True,False,psp_energy_2024-01.pdf
All India,2024,1,January,monthly,134580.0,133945.0,635.0,0.5,False,True,psp_energy_2024-01.pdf
All India,2024,1,January,cumulative_fy,1359498.0,1355728.0,3770.0,0.3,False,True,psp_energy_2024-01.pdf
Chandigarh,2024,2,February,monthly,116.0,116.0,0.0,0.0,False,False,psp_energy_2024-02.pdf
Chandigarh,2024,2,February,cumulative_fy,1681.0,1681.0,0.0,0.0,False,False,psp_energy_2024-02.pdf
Delhi,2024,2,February,monthly,2187.0,2186.0,1.0,0.0,False,False,psp_energy_2024-02.pdf
Delhi,2024,2,February,cumulative_fy,33285.0,33280.0,5.0,0.0,False,False,psp_energy_2024-02.pdf
Haryana,2024,2,February,monthly,4316.0,4298.0,18.0,0.4,False,False,psp_energy_2024-02.pdf
Haryana,2024,2,February,cumulative_fy,59693.0,59345.0,347.0,0.6,False,False,psp_energy_2024-02.pdf
Himachal Pradesh,2024,2,February,monthly,1055.0,1051.0,4.0,0.4,False,False,psp_energy_2024-02.pdf
Himachal Pradesh,2024,2,February,cumulative_fy,11817.0,11782.0,35.0,0.3,False,False,psp_energy_2024-02.pdf
UT of J&K and Ladakh,2024,2,February,monthly,1703.0,1672.0,31.0,1.8,False,False,psp_energy_2024-02.pdf
UT of J&K and Ladakh,2024,2,February,cumulative_fy,18326.0,18055.0,271.0,1.5,False,False,psp_energy_2024-02.pdf
Punjab,2024,2,February,monthly,4419.0,4419.0,0.0,0.0,False,False,psp_energy_2024-02.pdf
Punjab,2024,2,February,cumulative_fy,64957.0,64951.0,5.0,0.0,False,False,psp_energy_2024-02.pdf
Rajasthan,2024,2,February,monthly,9154.0,9151.0,3.0,0.0,False,False,psp_energy_2024-02.pdf
Rajasthan,2024,2,February,cumulative_fy,98493.0,97877.0,616.0,0.6,False,False,psp_energy_2024-02.pdf
Uttar Pradesh,2024,2,February,monthly,9400.0,9332.0,68.0,0.7,False,False,psp_energy_2024-02.pdf
Uttar Pradesh,2024,2,February,cumulative_fy,138241.0,137769.0,472.0,0.3,False,False,psp_energy_2024-02.pdf
Uttarakhand,2024,2,February,monthly,1223.0,1217.0,6.0,0.5,False,False,psp_energy_2024-02.pdf
Uttarakhand,2024,2,February,cumulative_fy,14441.0,14330.0,111.0,0.8,False,False,psp_energy_2024-02.pdf
Northern Region,2024,2,February,monthly,33682.0,33552.0,130.0,0.4,True,False,psp_energy_2024-02.pdf
Northern Region,2024,2,February,cumulative_fy,442152.0,440289.0,1863.0,0.4,True,False,psp_energy_2024-02.pdf
Chhattisgarh,2024,2,February,monthly,3614.0,3610.0,4.0,0.1,False,False,psp_energy_2024-02.pdf
Chhattisgarh,2024,2,February,cumulative_fy,35961.0,35904.0,58.0,0.2,False,False,psp_energy_2024-02.pdf
Gujarat,2024,2,February,monthly,11359.0,11359.0,0.0,0.0,False,False,psp_energy_2024-02.pdf
Gujarat,2024,2,February,cumulative_fy,132795.0,132768.0,28.0,0.0,False,False,psp_energy_2024-02.pdf
Madhya Pradesh,2024,2,February,monthly,8920.0,8877.0,43.0,0.5,False,False,psp_energy_2024-02.pdf
Madhya Pradesh,2024,2,February,cumulative_fy,91256.0,91105.0,151.0,0.2,False,False,psp_energy_2024-02.pdf
Maharashtra,2024,2,February,monthly,17184.0,17184.0,0.0,0.0,False,False,psp_energy_2024-02.pdf
Maharashtra,2024,2,February,cumulative_fy,188342.0,188166.0,176.0,0.1,False,False,psp_energy_2024-02.pdf
Dadra & Nagar Haveli and Daman & Diu,2024,2,February,monthly,844.0,844.0,0.0,0.0,False,False,psp_energy_2024-02.pdf
Dadra & Nagar Haveli and Daman & Diu,2024,2,February,cumulative_fy,9296.0,9296.0,0.0,0.0,False,False,psp_energy_2024-02.pdf
Goa,2024,2,February,monthly,415.0,415.0,0.0,0.0,False,False,psp_energy_2024-02.pdf
Goa,2024,2,February,cumulative_fy,4656.0,4656.0,0.0,0.0,False,False,psp_energy_2024-02.pdf
Western Region,2024,2,February,monthly,43247.0,43199.0,48.0,0.1,True,False,psp_energy_2024-02.pdf
Western Region,2024,2,February,cumulative_fy,471702.0,471290.0,412.0,0.1,True,False,psp_energy_2024-02.pdf
Andhra Pradesh,2024,2,February,monthly,6337.0,6337.0,0.0,0.0,False,False,psp_energy_2024-02.pdf
Andhra Pradesh,2024,2,February,cumulative_fy,73143.0,73086.0,57.0,0.1,False,False,psp_energy_2024-02.pdf
Telangana,2024,2,February,monthly,7673.0,7673.0,0.0,0.0,False,False,psp_energy_2024-02.pdf
Telangana,2024,2,February,cumulative_fy,75714.0,75706.0,9.0,0.0,False,False,psp_energy_2024-02.pdf
Karnataka,2024,2,February,monthly,8733.0,8733.0,0.0,0.0,False,False,psp_energy_2024-02.pdf
Karnataka,2024,2,February,cumulative_fy,84163.0,84010.0,153.0,0.2,False,False,psp_energy_2024-02.pdf
Kerala,2024,2,February,monthly,2583.0,2583.0,0.0,0.0,False,False,psp_energy_2024-02.pdf
Kerala,2024,2,February,cumulative_fy,27892.0,27887.0,5.0,0.0,False,False,psp_energy_2024-02.pdf
Tamil Nadu,2024,2,February,monthly,10459.0,10459.0,0.0,0.0,False,False,psp_energy_2024-02.pdf
Tamil Nadu,2024,2,February,cumulative_fy,113988.0,113976.0,11.0,0.0,False,False,psp_energy_2024-02.pdf
Puducherry,2024,2,February,monthly,269.0,269.0,0.0,0.0,False,False,psp_energy_2024-02.pdf
Puducherry,2024,2,February,cumulative_fy,3158.0,3157.0,1.0,0.0,False,False,psp_energy_2024-02.pdf
Lakshadweep,2024,2,February,monthly,5.0,5.0,0.0,0.0,False,False,psp_energy_2024-02.pdf
Lakshadweep,2024,2,February,cumulative_fy,58.0,58.0,0.0,0.0,False,False,psp_energy_2024-02.pdf
Southern Region,2024,2,February,monthly,36056.0,36056.0,0.0,0.0,True,False,psp_energy_2024-02.pdf
Southern Region,2024,2,February,cumulative_fy,378102.0,377866.0,235.0,0.1,True,False,psp_energy_2024-02.pdf
Bihar,2024,2,February,monthly,2569.0,2558.0,11.0,0.4,False,False,psp_energy_2024-02.pdf
Bihar,2024,2,February,cumulative_fy,38618.0,38029.0,590.0,1.5,False,False,psp_energy_2024-02.pdf
DVC,2024,2,February,monthly,2068.0,2068.0,0.0,0.0,False,False,psp_energy_2024-02.pdf
DVC,2024,2,February,cumulative_fy,24335.0,24327.0,7.0,0.0,False,False,psp_energy_2024-02.pdf
Jharkhand,2024,2,February,monthly,1052.0,1008.0,44.0,4.2,False,False,psp_energy_2024-02.pdf
Jharkhand,2024,2,February,cumulative_fy,13264.0,12740.0,524.0,3.9,False,False,psp_energy_2024-02.pdf
Odisha,2024,2,February,monthly,3031.0,3030.0,1.0,0.0,False,False,psp_energy_2024-02.pdf
Odisha,2024,2,February,cumulative_fy,37585.0,37561.0,24.0,0.1,False,False,psp_energy_2024-02.pdf
West Bengal,2024,2,February,monthly,4379.0,4377.0,2.0,0.0,False,False,psp_energy_2024-02.pdf
West Bengal,2024,2,February,cumulative_fy,62273.0,62194.0,79.0,0.1,False,False,psp_energy_2024-02.pdf
Sikkim,2024,2,February,monthly,59.0,59.0,0.0,0.0,False,False,psp_energy_2024-02.pdf
Sikkim,2024,2,February,cumulative_fy,488.0,488.0,0.0,0.0,False,False,psp_energy_2024-02.pdf
Andaman & Nicobar,2024,2,February,monthly,34.0,32.0,2.0,6.0,False,False,psp_energy_2024-02.pdf
Andaman & Nicobar,2024,2,February,cumulative_fy,353.0,341.0,11.0,3.1,False,False,psp_energy_2024-02.pdf
Eastern Region,2024,2,February,monthly,13164.0,13105.0,59.0,0.4,True,False,psp_energy_2024-02.pdf
Eastern Region,2024,2,February,cumulative_fy,176611.0,175388.0,1223.0,0.7,True,False,psp_energy_2024-02.pdf
Arunachal Pradesh,2024,2,February,monthly,89.0,89.0,0.0,0.0,False,False,psp_energy_2024-02.pdf
Arunachal Pradesh,2024,2,February,cumulative_fy,925.0,925.0,0.0,0.0,False,False,psp_energy_2024-02.pdf
Assam,2024,2,February,monthly,830.0,817.0,13.0,1.6,False,False,psp_energy_2024-02.pdf
Assam,2024,2,February,cumulative_fy,11563.0,11459.0,104.0,0.9,False,False,psp_energy_2024-02.pdf
Manipur,2024,2,February,monthly,95.0,91.0,4.0,4.2,False,False,psp_energy_2024-02.pdf
Manipur,2024,2,February,cumulative_fy,931.0,916.0,15.0,1.6,False,False,psp_energy_2024-02.pdf
Meghalaya,2024,2,February,monthly,188.0,188.0,0.0,0.0,False,False,psp_energy_2024-02.pdf
Meghalaya,2024,2,February,cumulative_fy,2055.0,1885.0,170.0,8.3,False,False,psp_energy_2024-02.pdf
Mizoram,2024,2,February,monthly,64.0,64.0,0.0,0.0,False,False,psp_energy_2024-02.pdf
Mizoram,2024,2,February,cumulative_fy,623.0,623.0,0.0,0.0,False,False,psp_energy_2024-02.pdf
Nagaland,2024,2,February,monthly,69.0,69.0,0.0,0.0,False,False,psp_energy_2024-02.pdf
Nagaland,2024,2,February,cumulative_fy,852.0,852.0,0.0,0.0,False,False,psp_energy_2024-02.pdf
Tripura,2024,2,February,monthly,109.0,109.0,0.0,0.0,False,False,psp_energy_2024-02.pdf
Tripura,2024,2,February,cumulative_fy,1567.0,1567.0,0.0,0.0,False,False,psp_energy_2024-02.pdf
North-Eastern Region,2024,2,February,monthly,1445.0,1428.0,17.0,1.2,True,False,psp_energy_2024-02.pdf
North-Eastern Region,2024,2,February,cumulative_fy,18525.0,18236.0,289.0,1.6,True,False,psp_energy_2024-02.pdf
All India,2024,2,February,monthly,127594.0,127341.0,253.0,0.2,False,True,psp_energy_2024-02.pdf
All India,2024,2,February,cumulative_fy,1487092.0,1483069.0,4023.0,0.3,False,True,psp_energy_2024-02.pdf
Chandigarh,2024,3,March,monthly,109.0,109.0,0.0,0.0,False,False,psp_energy_2024-03.pdf
Chandigarh,2024,3,March,cumulative_fy,1789.0,1789.0,0.0,0.0,False,False,psp_energy_2024-03.pdf
Delhi,2024,3,March,monthly,2217.0,2217.0,0.0,0.0,False,False,psp_energy_2024-03.pdf
Delhi,2024,3,March,cumulative_fy,35501.0,35496.0,5.0,0.0,False,False,psp_energy_2024-03.pdf
Haryana,2024,3,March,monthly,4291.0,4290.0,1.0,0.0,False,False,psp_energy_2024-03.pdf
Haryana,2024,3,March,cumulative_fy,63983.0,63636.0,348.0,0.5,False,False,psp_energy_2024-03.pdf
Himachal Pradesh,2024,3,March,monthly,988.0,985.0,3.0,0.3,False,False,psp_energy_2024-03.pdf
Himachal Pradesh,2024,3,March,cumulative_fy,12805.0,12767.0,38.0,0.3,False,False,psp_energy_2024-03.pdf
UT of J&K and Ladakh,2024,3,March,monthly,1714.0,1707.0,7.0,0.4,False,False,psp_energy_2024-03.pdf
UT of J&K and Ladakh,2024,3,March,cumulative_fy,20040.0,19763.0,277.0,1.4,False,False,psp_energy_2024-03.pdf
Punjab,2024,3,March,monthly,4577.0,4577.0,0.0,0.0,False,False,psp_energy_2024-03.pdf
Punjab,2024,3,March,cumulative_fy,69533.0,69528.0,5.0,0.0,False,False,psp_energy_2024-03.pdf
Rajasthan,2024,3,March,monthly,8929.0,8929.0,0.0,0.0,False,False,psp_energy_2024-03.pdf
Rajasthan,2024,3,March,cumulative_fy,107422.0,106806.0,616.0,0.6,False,False,psp_energy_2024-03.pdf
Uttar Pradesh,2024,3,March,monthly,10550.0,10518.0,32.0,0.3,False,False,psp_energy_2024-03.pdf
Uttar Pradesh,2024,3,March,cumulative_fy,148791.0,148287.0,504.0,0.3,False,False,psp_energy_2024-03.pdf
Uttarakhand,2024,3,March,monthly,1203.0,1202.0,1.0,0.1,False,False,psp_energy_2024-03.pdf
Uttarakhand,2024,3,March,cumulative_fy,15644.0,15532.0,112.0,0.7,False,False,psp_energy_2024-03.pdf
Northern Region,2024,3,March,monthly,34700.0,34657.0,43.0,0.1,True,False,psp_energy_2024-03.pdf
Northern Region,2024,3,March,cumulative_fy,476852.0,474946.0,1906.0,0.4,True,False,psp_energy_2024-03.pdf
Chhattisgarh,2024,3,March,monthly,3969.0,3969.0,0.0,0.0,False,False,psp_energy_2024-03.pdf
Chhattisgarh,2024,3,March,cumulative_fy,39930.0,39872.0,58.0,0.1,False,False,psp_energy_2024-03.pdf
Gujarat,2024,3,March,monthly,12973.0,12973.0,0.0,0.0,False,False,psp_energy_2024-03.pdf
Gujarat,2024,3,March,cumulative_fy,145768.0,145740.0,28.0,0.0,False,False,psp_energy_2024-03.pdf
Madhya Pradesh,2024,3,March,monthly,8046.0,8046.0,0.0,0.0,False,False,psp_energy_2024-03.pdf
Madhya Pradesh,2024,3,March,cumulative_fy,99301.0,99150.0,151.0,0.2,False,False,psp_energy_2024-03.pdf
Maharashtra,2024,3,March,monthly,18766.0,18765.0,1.0,0.0,False,False,psp_energy_2024-03.pdf
Maharashtra,2024,3,March,cumulative_fy,207108.0,206931.0,176.0,0.1,False,False,psp_energy_2024-03.pdf
Dadra & Nagar Haveli and Daman & Diu,2024,3,March,monthly,868.0,868.0,0.0,0.0,False,False,psp_energy_2024-03.pdf
Dadra & Nagar Haveli and Daman & Diu,2024,3,March,cumulative_fy,10164.0,10164.0,0.0,0.0,False,False,psp_energy_2024-03.pdf
Goa,2024,3,March,monthly,456.0,456.0,0.0,0.0,False,False,psp_energy_2024-03.pdf
Goa,2024,3,March,cumulative_fy,5111.0,5111.0,0.0,0.0,False,False,psp_energy_2024-03.pdf
Western Region,2024,3,March,monthly,46012.0,46012.0,0.0,0.0,True,False,psp_energy_2024-03.pdf
Western Region,2024,3,March,cumulative_fy,517714.0,517301.0,413.0,0.1,True,False,psp_energy_2024-03.pdf
Andhra Pradesh,2024,3,March,monthly,7066.0,7065.0,1.0,0.0,False,False,psp_energy_2024-03.pdf
Andhra Pradesh,2024,3,March,cumulative_fy,80209.0,80151.0,57.0,0.1,False,False,psp_energy_2024-03.pdf
Telangana,2024,3,March,monthly,8908.0,8908.0,0.0,0.0,False,False,psp_energy_2024-03.pdf
Telangana,2024,3,March,cumulative_fy,84623.0,84613.0,9.0,0.0,False,False,psp_energy_2024-03.pdf
Karnataka,2024,3,March,monthly,9925.0,9924.0,1.0,0.0,False,False,psp_energy_2024-03.pdf
Karnataka,2024,3,March,cumulative_fy,94088.0,93934.0,154.0,0.2,False,False,psp_energy_2024-03.pdf
Kerala,2024,3,March,monthly,3052.0,3051.0,1.0,0.0,False,False,psp_energy_2024-03.pdf
Kerala,2024,3,March,cumulative_fy,30943.0,30938.0,5.0,0.0,False,False,psp_energy_2024-03.pdf
Tamil Nadu,2024,3,March,monthly,12176.0,12175.0,1.0,0.0,False,False,psp_energy_2024-03.pdf
Tamil Nadu,2024,3,March,cumulative_fy,126163.0,126151.0,12.0,0.0,False,False,psp_energy_2024-03.pdf
Puducherry,2024,3,March,monthly,298.0,298.0,0.0,0.0,False,False,psp_energy_2024-03.pdf
Puducherry,2024,3,March,cumulative_fy,3456.0,3455.0,1.0,0.0,False,False,psp_energy_2024-03.pdf
Lakshadweep,2024,3,March,monthly,6.0,6.0,0.0,0.0,False,False,psp_energy_2024-03.pdf
Lakshadweep,2024,3,March,cumulative_fy,64.0,64.0,0.0,0.0,False,False,psp_energy_2024-03.pdf
Southern Region,2024,3,March,monthly,41429.0,41427.0,2.0,0.0,True,False,psp_energy_2024-03.pdf
Southern Region,2024,3,March,cumulative_fy,419531.0,419293.0,238.0,0.1,True,False,psp_energy_2024-03.pdf
Bihar,2024,3,March,monthly,2896.0,2889.0,7.0,0.2,False,False,psp_energy_2024-03.pdf
Bihar,2024,3,March,cumulative_fy,41514.0,40918.0,596.0,1.4,False,False,psp_energy_2024-03.pdf
DVC,2024,3,March,monthly,2225.0,2225.0,0.0,0.0,False,False,psp_energy_2024-03.pdf
DVC,2024,3,March,cumulative_fy,26560.0,26552.0,8.0,0.0,False,False,psp_energy_2024-03.pdf
Jharkhand,2024,3,March,monthly,1143.0,1118.0,25.0,2.2,False,False,psp_energy_2024-03.pdf
Jharkhand,2024,3,March,cumulative_fy,14408.0,13858.0,550.0,3.8,False,False,psp_energy_2024-03.pdf
Odisha,2024,3,March,monthly,3773.0,3772.0,1.0,0.0,False,False,psp_energy_2024-03.pdf
Odisha,2024,3,March,cumulative_fy,41358.0,41333.0,25.0,0.1,False,False,psp_energy_2024-03.pdf
West Bengal,2024,3,March,monthly,5303.0,5295.0,8.0,0.2,False,False,psp_energy_2024-03.pdf
West Bengal,2024,3,March,cumulative_fy,67576.0,67490.0,86.0,0.1,False,False,psp_energy_2024-03.pdf
Sikkim,2024,3,March,monthly,56.0,56.0,0.0,0.0,False,False,psp_energy_2024-03.pdf
Sikkim,2024,3,March,cumulative_fy,544.0,543.0,0.0,0.0,False,False,psp_energy_2024-03.pdf
Andaman & Nicobar,2024,3,March,monthly,34.0,32.0,2.0,6.0,False,False,psp_energy_2024-03.pdf
Andaman & Nicobar,2024,3,March,cumulative_fy,386.0,374.0,12.0,3.2,False,False,psp_energy_2024-03.pdf
Eastern Region,2024,3,March,monthly,15401.0,15359.0,42.0,0.3,True,False,psp_energy_2024-03.pdf
Eastern Region,2024,3,March,cumulative_fy,192013.0,190747.0,1266.0,0.7,True,False,psp_energy_2024-03.pdf
Arunachal Pradesh,2024,3,March,monthly,89.0,89.0,0.0,0.0,False,False,psp_energy_2024-03.pdf
Arunachal Pradesh,2024,3,March,cumulative_fy,1014.0,1014.0,0.0,0.0,False,False,psp_energy_2024-03.pdf
Assam,2024,3,March,monthly,882.0,882.0,0.0,0.0,False,False,psp_energy_2024-03.pdf
Assam,2024,3,March,cumulative_fy,12445.0,12341.0,104.0,0.8,False,False,psp_energy_2024-03.pdf
Manipur,2024,3,March,monthly,91.0,91.0,0.0,0.0,False,False,psp_energy_2024-03.pdf
Manipur,2024,3,March,cumulative_fy,1023.0,1008.0,15.0,1.5,False,False,psp_energy_2024-03.pdf
Meghalaya,2024,3,March,monthly,181.0,181.0,0.0,0.0,False,False,psp_energy_2024-03.pdf
Meghalaya,2024,3,March,cumulative_fy,2236.0,2066.0,170.0,7.6,False,False,psp_energy_2024-03.pdf
Mizoram,2024,3,March,monthly,60.0,60.0,0.0,0.0,False,False,psp_energy_2024-03.pdf
Mizoram,2024,3,March,cumulative_fy,684.0,684.0,0.0,0.0,False,False,psp_energy_2024-03.pdf
Nagaland,2024,3,March,monthly,69.0,69.0,0.0,0.0,False,False,psp_energy_2024-03.pdf
Nagaland,2024,3,March,cumulative_fy,921.0,921.0,0.0,0.0,False,False,psp_energy_2024-03.pdf
Tripura,2024,3,March,monthly,124.0,124.0,0.0,0.0,False,False,psp_energy_2024-03.pdf
Tripura,2024,3,March,cumulative_fy,1691.0,1691.0,0.0,0.0,False,False,psp_energy_2024-03.pdf
North-Eastern Region,2024,3,March,monthly,1497.0,1497.0,0.0,0.0,True,False,psp_energy_2024-03.pdf
North-Eastern Region,2024,3,March,cumulative_fy,20022.0,19733.0,289.0,1.4,True,False,psp_energy_2024-03.pdf
All India,2024,3,March,monthly,139040.0,138951.0,89.0,0.1,False,True,psp_energy_2024-03.pdf
All India,2024,3,March,cumulative_fy,1626132.0,1622020.0,4112.0,0.3,False,True,psp_energy_2024-03.pdf
Chandigarh,2024,4,April,monthly,131.0,131.0,0.0,0.0,False,False,psp_energy_2024-04.pdf
Delhi,2024,4,April,monthly,2860.0,2860.0,0.0,0.0,False,False,psp_energy_2024-04.pdf
Haryana,2024,4,April,monthly,4692.0,4692.0,0.0,0.0,False,False,psp_energy_2024-04.pdf
Himachal Pradesh,2024,4,April,monthly,975.0,972.0,3.0,0.3,False,False,psp_energy_2024-04.pdf
UT of J&K and Ladakh,2024,4,April,monthly,1521.0,1511.0,10.0,0.7,False,False,psp_energy_2024-04.pdf
Punjab,2024,4,April,monthly,4553.0,4553.0,0.0,0.0,False,False,psp_energy_2024-04.pdf
Rajasthan,2024,4,April,monthly,8136.0,8131.0,5.0,0.1,False,False,psp_energy_2024-04.pdf
Uttar Pradesh,2024,4,April,monthly,13198.0,13193.0,5.0,0.0,False,False,psp_energy_2024-04.pdf
Uttarakhand,2024,4,April,monthly,1302.0,1300.0,2.0,0.2,False,False,psp_energy_2024-04.pdf
Northern Region,2024,4,April,monthly,37493.0,37468.0,25.0,0.1,True,False,psp_energy_2024-04.pdf
Chhattisgarh,2024,4,April,monthly,4019.0,4017.0,2.0,0.0,False,False,psp_energy_2024-04.pdf
Gujarat,2024,4,April,monthly,13535.0,13535.0,0.0,0.0,False,False,psp_energy_2024-04.pdf
Madhya Pradesh,2024,4,April,monthly,8143.0,8123.0,20.0,0.2,False,False,psp_energy_2024-04.pdf
Maharashtra,2024,4,April,monthly,18605.0,18603.0,2.0,0.0,False,False,psp_energy_2024-04.pdf
Dadra & Nagar Haveli and Daman & Diu,2024,4,April,monthly,866.0,866.0,0.0,0.0,False,False,psp_energy_2024-04.pdf
Goa,2024,4,April,monthly,488.0,488.0,0.0,0.0,False,False,psp_energy_2024-04.pdf
Western Region,2024,4,April,monthly,46579.0,46556.0,23.0,0.0,True,False,psp_energy_2024-04.pdf
Andhra Pradesh,2024,4,April,monthly,7071.0,7071.0,0.0,0.0,False,False,psp_energy_2024-04.pdf
Telangana,2024,4,April,monthly,7268.0,7268.0,0.0,0.0,False,False,psp_energy_2024-04.pdf
Karnataka,2024,4,April,monthly,9513.0,9513.0,0.0,0.0,False,False,psp_energy_2024-04.pdf
Kerala,2024,4,April,monthly,3261.0,3259.0,2.0,0.1,False,False,psp_energy_2024-04.pdf
Tamil Nadu,2024,4,April,monthly,12896.0,12896.0,0.0,0.0,False,False,psp_energy_2024-04.pdf
Puducherry,2024,4,April,monthly,328.0,328.0,0.0,0.0,False,False,psp_energy_2024-04.pdf
Lakshadweep,2024,4,April,monthly,6.0,6.0,0.0,0.0,False,False,psp_energy_2024-04.pdf
Southern Region,2024,4,April,monthly,40342.0,40340.0,2.0,0.0,True,False,psp_energy_2024-04.pdf
Bihar,2024,4,April,monthly,3883.0,3848.0,35.0,0.9,False,False,psp_energy_2024-04.pdf
DVC,2024,4,April,monthly,2179.0,2178.0,1.0,0.0,False,False,psp_energy_2024-04.pdf
Jharkhand,2024,4,April,monthly,1313.0,1284.0,29.0,2.2,False,False,psp_energy_2024-04.pdf
Odisha,2024,4,April,monthly,3921.0,3919.0,2.0,0.1,False,False,psp_energy_2024-04.pdf
West Bengal,2024,4,April,monthly,7033.0,7027.0,6.0,0.1,False,False,psp_energy_2024-04.pdf
Sikkim,2024,4,April,monthly,48.0,48.0,0.0,0.0,False,False,psp_energy_2024-04.pdf
Andaman & Nicobar,2024,4,April,monthly,39.0,38.0,1.0,2.6,False,False,psp_energy_2024-04.pdf
Eastern Region,2024,4,April,monthly,18379.0,18307.0,72.0,0.4,True,False,psp_energy_2024-04.pdf
Arunachal Pradesh,2024,4,April,monthly,75.0,75.0,0.0,0.0,False,False,psp_energy_2024-04.pdf
Assam,2024,4,April,monthly,994.0,994.0,0.0,0.0,False,False,psp_energy_2024-04.pdf
Manipur,2024,4,April,monthly,85.0,85.0,0.0,0.0,False,False,psp_energy_2024-04.pdf
Meghalaya,2024,4,April,monthly,166.0,166.0,0.0,0.0,False,False,psp_energy_2024-04.pdf
Mizoram,2024,4,April,monthly,56.0,56.0,0.0,0.0,False,False,psp_energy_2024-04.pdf
Nagaland,2024,4,April,monthly,67.0,67.0,0.0,0.0,False,False,psp_energy_2024-04.pdf
Tripura,2024,4,April,monthly,167.0,167.0,0.0,0.0,False,False,psp_energy_2024-04.pdf
North-Eastern Region,2024,4,April,monthly,1609.0,1609.0,0.0,0.0,True,False,psp_energy_2024-04.pdf
All India,2024,4,April,monthly,144403.0,144280.0,123.0,0.1,False,True,psp_energy_2024-04.pdf
Chandigarh,2024,5,May,monthly,210.0,210.0,0.0,0.0,False,False,psp_energy_2024-05.pdf
Chandigarh,2024,5,May,cumulative_fy,340.0,340.0,0.0,0.0,False,False,psp_energy_2024-05.pdf
Delhi,2024,5,May,monthly,4208.0,4205.0,3.0,0.1,False,False,psp_energy_2024-05.pdf
Delhi,2024,5,May,cumulative_fy,7068.0,7065.0,3.0,0.0,False,False,psp_energy_2024-05.pdf
Haryana,2024,5,May,monthly,6839.0,6839.0,0.0,0.0,False,False,psp_energy_2024-05.pdf
Haryana,2024,5,May,cumulative_fy,11531.0,11531.0,0.0,0.0,False,False,psp_energy_2024-05.pdf
Himachal Pradesh,2024,5,May,monthly,1123.0,1116.0,7.0,0.6,False,False,psp_energy_2024-05.pdf
Himachal Pradesh,2024,5,May,cumulative_fy,2098.0,2088.0,10.0,0.5,False,False,psp_energy_2024-05.pdf
UT of J&K and Ladakh,2024,5,May,monthly,1647.0,1641.0,6.0,0.4,False,False,psp_energy_2024-05.pdf
UT of J&K and Ladakh,2024,5,May,cumulative_fy,3168.0,3152.0,15.0,0.5,False,False,psp_energy_2024-05.pdf
Punjab,2024,5,May,monthly,7207.0,7207.0,0.0,0.0,False,False,psp_energy_2024-05.pdf
Punjab,2024,5,May,cumulative_fy,11759.0,11759.0,0.0,0.0,False,False,psp_energy_2024-05.pdf
Rajasthan,2024,5,May,monthly,10340.0,10267.0,73.0,0.7,False,False,psp_energy_2024-05.pdf
Rajasthan,2024,5,May,cumulative_fy,18476.0,18398.0,78.0,0.4,False,False,psp_energy_2024-05.pdf
Uttar Pradesh,2024,5,May,monthly,17560.0,17534.0,26.0,0.1,False,False,psp_energy_2024-05.pdf
Uttar Pradesh,2024,5,May,cumulative_fy,30758.0,30727.0,30.0,0.1,False,False,psp_energy_2024-05.pdf
Uttarakhand,2024,5,May,monthly,1663.0,1660.0,3.0,0.2,False,False,psp_energy_2024-05.pdf
Uttarakhand,2024,5,May,cumulative_fy,2965.0,2960.0,5.0,0.2,False,False,psp_energy_2024-05.pdf
Northern Region,2024,5,May,monthly,50935.0,50818.0,117.0,0.2,True,False,psp_energy_2024-05.pdf
Northern Region,2024,5,May,cumulative_fy,88428.0,88286.0,142.0,0.2,True,False,psp_energy_2024-05.pdf
Chhattisgarh,2024,5,May,monthly,3618.0,3618.0,0.0,0.0,False,False,psp_energy_2024-05.pdf
Chhattisgarh,2024,5,May,cumulative_fy,7637.0,7635.0,1.0,0.0,False,False,psp_energy_2024-05.pdf
Gujarat,2024,5,May,monthly,14544.0,14544.0,0.0,0.0,False,False,psp_energy_2024-05.pdf
Gujarat,2024,5,May,cumulative_fy,28080.0,28080.0,0.0,0.0,False,False,psp_energy_2024-05.pdf
Madhya Pradesh,2024,5,May,monthly,9180.0,9177.0,3.0,0.0,False,False,psp_energy_2024-05.pdf
Madhya Pradesh,2024,5,May,cumulative_fy,17324.0,17301.0,23.0,0.1,False,False,psp_energy_2024-05.pdf
Maharashtra,2024,5,May,monthly,18105.0,18105.0,0.0,0.0,False,False,psp_energy_2024-05.pdf
Maharashtra,2024,5,May,cumulative_fy,36710.0,36708.0,3.0,0.0,False,False,psp_energy_2024-05.pdf
Dadra & Nagar Haveli and Daman & Diu,2024,5,May,monthly,923.0,923.0,0.0,0.0,False,False,psp_energy_2024-05.pdf
Dadra & Nagar Haveli and Daman & Diu,2024,5,May,cumulative_fy,1789.0,1789.0,0.0,0.0,False,False,psp_energy_2024-05.pdf
Goa,2024,5,May,monthly,515.0,515.0,0.0,0.0,False,False,psp_energy_2024-05.pdf
Goa,2024,5,May,cumulative_fy,1003.0,1003.0,0.0,0.0,False,False,psp_energy_2024-05.pdf
Western Region,2024,5,May,monthly,47823.0,47819.0,4.0,0.0,True,False,psp_energy_2024-05.pdf
Western Region,2024,5,May,cumulative_fy,94402.0,94375.0,27.0,0.0,True,False,psp_energy_2024-05.pdf
Andhra Pradesh,2024,5,May,monthly,7081.0,7081.0,0.0,0.0,False,False,psp_energy_2024-05.pdf
Andhra Pradesh,2024,5,May,cumulative_fy,14152.0,14152.0,0.0,0.0,False,False,psp_energy_2024-05.pdf
Telangana,2024,5,May,monthly,6058.0,6058.0,0.0,0.0,False,False,psp_energy_2024-05.pdf
Telangana,2024,5,May,cumulative_fy,13326.0,13326.0,0.0,0.0,False,False,psp_energy_2024-05.pdf
Karnataka,2024,5,May,monthly,7796.0,7796.0,0.0,0.0,False,False,psp_energy_2024-05.pdf
Karnataka,2024,5,May,cumulative_fy,17309.0,17309.0,0.0,0.0,False,False,psp_energy_2024-05.pdf
Kerala,2024,5,May,monthly,2841.0,2841.0,0.0,0.0,False,False,psp_energy_2024-05.pdf
Kerala,2024,5,May,cumulative_fy,6101.0,6099.0,2.0,0.0,False,False,psp_energy_2024-05.pdf
Tamil Nadu,2024,5,May,monthly,11914.0,11914.0,0.0,0.0,False,False,psp_energy_2024-05.pdf
Tamil Nadu,2024,5,May,cumulative_fy,24810.0,24810.0,0.0,0.0,False,False,psp_energy_2024-05.pdf
Puducherry,2024,5,May,monthly,332.0,332.0,0.0,0.0,False,False,psp_energy_2024-05.pdf
Puducherry,2024,5,May,cumulative_fy,660.0,660.0,0.0,0.0,False,False,psp_energy_2024-05.pdf
Lakshadweep,2024,5,May,monthly,6.0,6.0,0.0,0.0,False,False,psp_energy_2024-05.pdf
Lakshadweep,2024,5,May,cumulative_fy,12.0,12.0,0.0,0.0,False,False,psp_energy_2024-05.pdf
Southern Region,2024,5,May,monthly,36025.0,36025.0,0.0,0.0,True,False,psp_energy_2024-05.pdf
Southern Region,2024,5,May,cumulative_fy,76367.0,76365.0,2.0,0.0,True,False,psp_energy_2024-05.pdf
Bihar,2024,5,May,monthly,4203.0,4177.0,26.0,0.6,False,False,psp_energy_2024-05.pdf
Bihar,2024,5,May,cumulative_fy,8086.0,8025.0,61.0,0.8,False,False,psp_energy_2024-05.pdf
DVC,2024,5,May,monthly,2312.0,2312.0,0.0,0.0,False,False,psp_energy_2024-05.pdf
DVC,2024,5,May,cumulative_fy,4490.0,4490.0,1.0,0.0,False,False,psp_energy_2024-05.pdf
Jharkhand,2024,5,May,monthly,1403.0,1395.0,8.0,0.6,False,False,psp_energy_2024-05.pdf
Jharkhand,2024,5,May,cumulative_fy,2717.0,2678.0,38.0,1.4,False,False,psp_energy_2024-05.pdf
Odisha,2024,5,May,monthly,4124.0,4121.0,3.0,0.1,False,False,psp_energy_2024-05.pdf
Odisha,2024,5,May,cumulative_fy,8045.0,8039.0,5.0,0.1,False,False,psp_energy_2024-05.pdf
West Bengal,2024,5,May,monthly,6706.0,6680.0,26.0,0.4,False,False,psp_energy_2024-05.pdf
West Bengal,2024,5,May,cumulative_fy,13738.0,13707.0,31.0,0.2,False,False,psp_energy_2024-05.pdf
Sikkim,2024,5,May,monthly,50.0,50.0,0.0,0.0,False,False,psp_energy_2024-05.pdf
Sikkim,2024,5,May,cumulative_fy,97.0,97.0,0.0,0.0,False,False,psp_energy_2024-05.pdf
Andaman & Nicobar,2024,5,May,monthly,38.0,37.0,1.0,2.6,False,False,psp_energy_2024-05.pdf
Andaman & Nicobar,2024,5,May,cumulative_fy,77.0,75.0,2.0,2.3,False,False,psp_energy_2024-05.pdf
Eastern Region,2024,5,May,monthly,18802.0,18738.0,64.0,0.3,True,False,psp_energy_2024-05.pdf
Eastern Region,2024,5,May,cumulative_fy,37181.0,37045.0,137.0,0.4,True,False,psp_energy_2024-05.pdf
Arunachal Pradesh,2024,5,May,monthly,86.0,86.0,0.0,0.0,False,False,psp_energy_2024-05.pdf
Arunachal Pradesh,2024,5,May,cumulative_fy,161.0,161.0,0.0,0.0,False,False,psp_energy_2024-05.pdf
Assam,2024,5,May,monthly,1128.0,1123.0,5.0,0.4,False,False,psp_energy_2024-05.pdf
Assam,2024,5,May,cumulative_fy,2122.0,2117.0,5.0,0.2,False,False,psp_energy_2024-05.pdf
Manipur,2024,5,May,monthly,86.0,86.0,0.0,0.0,False,False,psp_energy_2024-05.pdf
Manipur,2024,5,May,cumulative_fy,170.0,170.0,0.0,0.0,False,False,psp_energy_2024-05.pdf
Meghalaya,2024,5,May,monthly,160.0,160.0,0.0,0.0,False,False,psp_energy_2024-05.pdf
Meghalaya,2024,5,May,cumulative_fy,325.0,325.0,0.0,0.0,False,False,psp_energy_2024-05.pdf
Mizoram,2024,5,May,monthly,57.0,57.0,0.0,0.0,False,False,psp_energy_2024-05.pdf
Mizoram,2024,5,May,cumulative_fy,113.0,113.0,0.0,0.0,False,False,psp_energy_2024-05.pdf
Nagaland,2024,5,May,monthly,80.0,80.0,0.0,0.0,False,False,psp_energy_2024-05.pdf
Nagaland,2024,5,May,cumulative_fy,147.0,147.0,0.0,0.0,False,False,psp_energy_2024-05.pdf
Tripura,2024,5,May,monthly,164.0,164.0,0.0,0.0,False,False,psp_energy_2024-05.pdf
Tripura,2024,5,May,cumulative_fy,331.0,331.0,0.0,0.0,False,False,psp_energy_2024-05.pdf
North-Eastern Region,2024,5,May,monthly,1761.0,1757.0,4.0,0.2,True,False,psp_energy_2024-05.pdf
North-Eastern Region,2024,5,May,cumulative_fy,3370.0,3366.0,5.0,0.1,True,False,psp_energy_2024-05.pdf
All India,2024,5,May,monthly,155346.0,155157.0,189.0,0.1,False,True,psp_energy_2024-05.pdf
All India,2024,5,May,cumulative_fy,299749.0,299437.0,312.0,0.1,False,True,psp_energy_2024-05.pdf
Chandigarh,2024,6,June,monthly,237.0,237.0,0.0,0.0,False,False,psp_energy_2024-06.pdf
Chandigarh,2024,6,June,cumulative_fy,578.0,578.0,0.0,0.0,False,False,psp_energy_2024-06.pdf
Delhi,2024,6,June,monthly,4546.0,4541.0,5.0,0.1,False,False,psp_energy_2024-06.pdf
Delhi,2024,6,June,cumulative_fy,11613.0,11605.0,8.0,0.1,False,False,psp_energy_2024-06.pdf
Haryana,2024,6,June,monthly,7801.0,7790.0,11.0,0.1,False,False,psp_energy_2024-06.pdf
Haryana,2024,6,June,cumulative_fy,19332.0,19321.0,11.0,0.1,False,False,psp_energy_2024-06.pdf
Himachal Pradesh,2024,6,June,monthly,1208.0,1203.0,5.0,0.4,False,False,psp_energy_2024-06.pdf
Himachal Pradesh,2024,6,June,cumulative_fy,3306.0,3291.0,15.0,0.5,False,False,psp_energy_2024-06.pdf
UT of J&K and Ladakh,2024,6,June,monthly,1648.0,1638.0,10.0,0.6,False,False,psp_energy_2024-06.pdf
UT of J&K and Ladakh,2024,6,June,cumulative_fy,4815.0,4791.0,25.0,0.5,False,False,psp_energy_2024-06.pdf
Punjab,2024,6,June,monthly,8716.0,8716.0,0.0,0.0,False,False,psp_energy_2024-06.pdf
Punjab,2024,6,June,cumulative_fy,20475.0,20475.0,0.0,0.0,False,False,psp_energy_2024-06.pdf
Rajasthan,2024,6,June,monthly,10464.0,10341.0,123.0,1.2,False,False,psp_energy_2024-06.pdf
Rajasthan,2024,6,June,cumulative_fy,28940.0,28738.0,202.0,0.7,False,False,psp_energy_2024-06.pdf
Uttar Pradesh,2024,6,June,monthly,18144.0,18094.0,50.0,0.3,False,False,psp_energy_2024-06.pdf
Uttar Pradesh,2024,6,June,cumulative_fy,48902.0,48822.0,80.0,0.2,False,False,psp_energy_2024-06.pdf
Uttarakhand,2024,6,June,monthly,1713.0,1704.0,9.0,0.5,False,False,psp_energy_2024-06.pdf
Uttarakhand,2024,6,June,cumulative_fy,4678.0,4665.0,14.0,0.3,False,False,psp_energy_2024-06.pdf
Northern Region,2024,6,June,monthly,54612.0,54399.0,213.0,0.4,True,False,psp_energy_2024-06.pdf
Northern Region,2024,6,June,cumulative_fy,143040.0,142686.0,354.0,0.2,True,False,psp_energy_2024-06.pdf
Chhattisgarh,2024,6,June,monthly,3586.0,3585.0,1.0,0.0,False,False,psp_energy_2024-06.pdf
Chhattisgarh,2024,6,June,cumulative_fy,11222.0,11220.0,2.0,0.0,False,False,psp_energy_2024-06.pdf
Gujarat,2024,6,June,monthly,13862.0,13862.0,0.0,0.0,False,False,psp_energy_2024-06.pdf
Gujarat,2024,6,June,cumulative_fy,41942.0,41942.0,0.0,0.0,False,False,psp_energy_2024-06.pdf
Madhya Pradesh,2024,6,June,monthly,8073.0,8073.0,0.0,0.0,False,False,psp_energy_2024-06.pdf
Madhya Pradesh,2024,6,June,cumulative_fy,25397.0,25373.0,23.0,0.1,False,False,psp_energy_2024-06.pdf
Maharashtra,2024,6,June,monthly,16703.0,16700.0,3.0,0.0,False,False,psp_energy_2024-06.pdf
Maharashtra,2024,6,June,cumulative_fy,53413.0,53408.0,5.0,0.0,False,False,psp_energy_2024-06.pdf
Dadra & Nagar Haveli and Daman & Diu,2024,6,June,monthly,908.0,908.0,0.0,0.0,False,False,psp_energy_2024-06.pdf
Dadra & Nagar Haveli and Daman & Diu,2024,6,June,cumulative_fy,2697.0,2697.0,0.0,0.0,False,False,psp_energy_2024-06.pdf
Goa,2024,6,June,monthly,438.0,438.0,0.0,0.0,False,False,psp_energy_2024-06.pdf
Goa,2024,6,June,cumulative_fy,1441.0,1441.0,0.0,0.0,False,False,psp_energy_2024-06.pdf
Western Region,2024,6,June,monthly,44454.0,44451.0,3.0,0.0,True,False,psp_energy_2024-06.pdf
Western Region,2024,6,June,cumulative_fy,138856.0,138826.0,30.0,0.0,True,False,psp_energy_2024-06.pdf
Andhra Pradesh,2024,6,June,monthly,6352.0,6352.0,0.0,0.0,False,False,psp_energy_2024-06.pdf
Andhra Pradesh,2024,6,June,cumulative_fy,20504.0,20504.0,0.0,0.0,False,False,psp_energy_2024-06.pdf
Telangana,2024,6,June,monthly,5967.0,5967.0,0.0,0.0,False,False,psp_energy_2024-06.pdf
Telangana,2024,6,June,cumulative_fy,19292.0,19292.0,0.0,0.0,False,False,psp_energy_2024-06.pdf
Karnataka,2024,6,June,monthly,6400.0,6400.0,0.0,0.0,False,False,psp_energy_2024-06.pdf
Karnataka,2024,6,June,cumulative_fy,23710.0,23710.0,0.0,0.0,False,False,psp_energy_2024-06.pdf
Kerala,2024,6,June,monthly,2432.0,2432.0,0.0,0.0,False,False,psp_energy_2024-06.pdf
Kerala,2024,6,June,cumulative_fy,8533.0,8531.0,2.0,0.0,False,False,psp_energy_2024-06.pdf
Tamil Nadu,2024,6,June,monthly,10865.0,10865.0,0.0,0.0,False,False,psp_energy_2024-06.pdf
Tamil Nadu,2024,6,June,cumulative_fy,35675.0,35675.0,0.0,0.0,False,False,psp_energy_2024-06.pdf
Puducherry,2024,6,June,monthly,310.0,310.0,0.0,0.0,False,False,psp_energy_2024-06.pdf
Puducherry,2024,6,June,cumulative_fy,970.0,970.0,0.0,0.0,False,False,psp_energy_2024-06.pdf
Lakshadweep,2024,6,June,monthly,5.0,5.0,0.0,0.0,False,False,psp_energy_2024-06.pdf
Lakshadweep,2024,6,June,cumulative_fy,18.0,18.0,0.0,0.0,False,False,psp_energy_2024-06.pdf
Southern Region,2024,6,June,monthly,32330.0,32330.0,0.0,0.0,True,False,psp_energy_2024-06.pdf
Southern Region,2024,6,June,cumulative_fy,108697.0,108695.0,2.0,0.0,True,False,psp_energy_2024-06.pdf
Bihar,2024,6,June,monthly,4569.0,4540.0,29.0,0.6,False,False,psp_energy_2024-06.pdf
Bihar,2024,6,June,cumulative_fy,12655.0,12565.0,90.0,0.7,False,False,psp_energy_2024-06.pdf
DVC,2024,6,June,monthly,2273.0,2273.0,0.0,0.0,False,False,psp_energy_2024-06.pdf
DVC,2024,6,June,cumulative_fy,6764.0,6762.0,1.0,0.0,False,False,psp_energy_2024-06.pdf
Jharkhand,2024,6,June,monthly,1433.0,1419.0,14.0,1.0,False,False,psp_energy_2024-06.pdf
Jharkhand,2024,6,June,cumulative_fy,4150.0,4097.0,53.0,1.3,False,False,psp_energy_2024-06.pdf
Odisha,2024,6,June,monthly,3945.0,3941.0,4.0,0.1,False,False,psp_energy_2024-06.pdf
Odisha,2024,6,June,cumulative_fy,11990.0,11980.0,10.0,0.1,False,False,psp_energy_2024-06.pdf
West Bengal,2024,6,June,monthly,7148.0,7136.0,12.0,0.2,False,False,psp_energy_2024-06.pdf
West Bengal,2024,6,June,cumulative_fy,20886.0,20843.0,43.0,0.2,False,False,psp_energy_2024-06.pdf
Sikkim,2024,6,June,monthly,42.0,42.0,0.0,0.0,False,False,psp_energy_2024-06.pdf
Sikkim,2024,6,June,cumulative_fy,140.0,140.0,0.0,0.0,False,False,psp_energy_2024-06.pdf
Andaman & Nicobar,2024,6,June,monthly,32.0,32.0,0.0,0.0,False,False,psp_energy_2024-06.pdf
Andaman & Nicobar,2024,6,June,cumulative_fy,109.0,106.0,2.0,2.0,False,False,psp_energy_2024-06.pdf
Eastern Region,2024,6,June,monthly,19416.0,19355.0,61.0,0.3,True,False,psp_energy_2024-06.pdf
Eastern Region,2024,6,June,cumulative_fy,56597.0,56400.0,197.0,0.3,True,False,psp_energy_2024-06.pdf
Arunachal Pradesh,2024,6,June,monthly,84.0,84.0,0.0,0.0,False,False,psp_energy_2024-06.pdf
Arunachal Pradesh,2024,6,June,cumulative_fy,245.0,245.0,0.0,0.0,False,False,psp_energy_2024-06.pdf
Assam,2024,6,June,monthly,1192.0,1192.0,0.0,0.0,False,False,psp_energy_2024-06.pdf
Assam,2024,6,June,cumulative_fy,3314.0,3309.0,5.0,0.1,False,False,psp_energy_2024-06.pdf
Manipur,2024,6,June,monthly,94.0,94.0,0.0,0.0,False,False,psp_energy_2024-06.pdf
Manipur,2024,6,June,cumulative_fy,264.0,264.0,0.0,0.0,False,False,psp_energy_2024-06.pdf
Meghalaya,2024,6,June,monthly,165.0,165.0,0.0,0.0,False,False,psp_energy_2024-06.pdf
Meghalaya,2024,6,June,cumulative_fy,491.0,491.0,0.0,0.0,False,False,psp_energy_2024-06.pdf
Mizoram,2024,6,June,monthly,53.0,53.0,0.0,0.0,False,False,psp_energy_2024-06.pdf
Mizoram,2024,6,June,cumulative_fy,166.0,166.0,0.0,0.0,False,False,psp_energy_2024-06.pdf
Nagaland,2024,6,June,monthly,86.0,86.0,0.0,0.0,False,False,psp_energy_2024-06.pdf
Nagaland,2024,6,June,cumulative_fy,233.0,233.0,0.0,0.0,False,False,psp_energy_2024-06.pdf
Tripura,2024,6,June,monthly,163.0,163.0,0.0,0.0,False,False,psp_energy_2024-06.pdf
Tripura,2024,6,June,cumulative_fy,494.0,494.0,0.0,0.0,False,False,psp_energy_2024-06.pdf
North-Eastern Region,2024,6,June,monthly,1838.0,1838.0,0.0,0.0,True,False,psp_energy_2024-06.pdf
North-Eastern Region,2024,6,June,cumulative_fy,5208.0,5204.0,5.0,0.1,True,False,psp_energy_2024-06.pdf
All India,2024,6,June,monthly,152650.0,152374.0,276.0,0.2,False,True,psp_energy_2024-06.pdf
All India,2024,6,June,cumulative_fy,452399.0,451811.0,588.0,0.1,False,True,psp_energy_2024-06.pdf
Chandigarh,2024,7,July,monthly,239.0,239.0,0.0,0.0,False,False,psp_energy_2024-07.pdf
Chandigarh,2024,7,July,cumulative_fy,816.0,816.0,0.0,0.0,False,False,psp_energy_2024-07.pdf
Delhi,2024,7,July,monthly,4360.0,4359.0,1.0,0.0,False,False,psp_energy_2024-07.pdf
Delhi,2024,7,July,cumulative_fy,15973.0,15964.0,9.0,0.1,False,False,psp_energy_2024-07.pdf
Haryana,2024,7,July,monthly,8362.0,8344.0,18.0,0.2,False,False,psp_energy_2024-07.pdf
Haryana,2024,7,July,cumulative_fy,27694.0,27665.0,29.0,0.1,False,False,psp_energy_2024-07.pdf
Himachal Pradesh,2024,7,July,monthly,1261.0,1258.0,3.0,0.2,False,False,psp_energy_2024-07.pdf
Himachal Pradesh,2024,7,July,cumulative_fy,4567.0,4549.0,18.0,0.4,False,False,psp_energy_2024-07.pdf
UT of J&K and Ladakh,2024,7,July,monthly,1650.0,1643.0,7.0,0.4,False,False,psp_energy_2024-07.pdf
UT of J&K and Ladakh,2024,7,July,cumulative_fy,6465.0,6434.0,31.0,0.5,False,False,psp_energy_2024-07.pdf
Punjab,2024,7,July,monthly,10287.0,10287.0,0.0,0.0,False,False,psp_energy_2024-07.pdf
Punjab,2024,7,July,cumulative_fy,30762.0,30762.0,0.0,0.0,False,False,psp_energy_2024-07.pdf
Rajasthan,2024,7,July,monthly,9713.0,9628.0,85.0,0.9,False,False,psp_energy_2024-07.pdf
Rajasthan,2024,7,July,cumulative_fy,38653.0,38367.0,286.0,0.7,False,False,psp_energy_2024-07.pdf
Uttar Pradesh,2024,7,July,monthly,17347.0,17207.0,140.0,0.8,False,False,psp_energy_2024-07.pdf
Uttar Pradesh,2024,7,July,cumulative_fy,66249.0,66028.0,220.0,0.3,False,False,psp_energy_2024-07.pdf
Uttarakhand,2024,7,July,monthly,1563.0,1549.0,14.0,0.9,False,False,psp_energy_2024-07.pdf
Uttarakhand,2024,7,July,cumulative_fy,6241.0,6214.0,27.0,0.4,False,False,psp_energy_2024-07.pdf
Northern Region,2024,7,July,monthly,54923.0,54655.0,268.0,0.5,True,False,psp_energy_2024-07.pdf
Northern Region,2024,7,July,cumulative_fy,197963.0,197340.0,622.0,0.3,True,False,psp_energy_2024-07.pdf
Chhattisgarh,2024,7,July,monthly,3646.0,3639.0,7.0,0.2,False,False,psp_energy_2024-07.pdf
Chhattisgarh,2024,7,July,cumulative_fy,14868.0,14859.0,9.0,0.1,False,False,psp_energy_2024-07.pdf
Gujarat,2024,7,July,monthly,11827.0,11827.0,0.0,0.0,False,False,psp_energy_2024-07.pdf
Gujarat,2024,7,July,cumulative_fy,53769.0,53769.0,0.0,0.0,False,False,psp_energy_2024-07.pdf
Madhya Pradesh,2024,7,July,monthly,7720.0,7696.0,24.0,0.3,False,False,psp_energy_2024-07.pdf
Madhya Pradesh,2024,7,July,cumulative_fy,33116.0,33069.0,47.0,0.1,False,False,psp_energy_2024-07.pdf
Maharashtra,2024,7,July,monthly,14874.0,14874.0,0.0,0.0,False,False,psp_energy_2024-07.pdf
Maharashtra,2024,7,July,cumulative_fy,68287.0,68282.0,5.0,0.0,False,False,psp_energy_2024-07.pdf
Dadra & Nagar Haveli and Daman & Diu,2024,7,July,monthly,924.0,924.0,0.0,0.0,False,False,psp_energy_2024-07.pdf
Dadra & Nagar Haveli and Daman & Diu,2024,7,July,cumulative_fy,3620.0,3620.0,0.0,0.0,False,False,psp_energy_2024-07.pdf
Goa,2024,7,July,monthly,407.0,407.0,0.0,0.0,False,False,psp_energy_2024-07.pdf
Goa,2024,7,July,cumulative_fy,1848.0,1848.0,0.0,0.0,False,False,psp_energy_2024-07.pdf
Western Region,2024,7,July,monthly,40336.0,40306.0,30.0,0.1,True,False,psp_energy_2024-07.pdf
Western Region,2024,7,July,cumulative_fy,179193.0,179132.0,60.0,0.0,True,False,psp_energy_2024-07.pdf
Andhra Pradesh,2024,7,July,monthly,6369.0,6368.0,1.0,0.0,False,False,psp_energy_2024-07.pdf
Andhra Pradesh,2024,7,July,cumulative_fy,26873.0,26872.0,1.0,0.0,False,False,psp_energy_2024-07.pdf
Telangana,2024,7,July,monthly,6849.0,6848.0,1.0,0.0,False,False,psp_energy_2024-07.pdf
Telangana,2024,7,July,cumulative_fy,26142.0,26141.0,1.0,0.0,False,False,psp_energy_2024-07.pdf
Karnataka,2024,7,July,monthly,6469.0,6468.0,1.0,0.0,False,False,psp_energy_2024-07.pdf
Karnataka,2024,7,July,cumulative_fy,30179.0,30178.0,1.0,0.0,False,False,psp_energy_2024-07.pdf
Kerala,2024,7,July,monthly,2361.0,2359.0,2.0,0.1,False,False,psp_energy_2024-07.pdf
Kerala,2024,7,July,cumulative_fy,10894.0,10890.0,4.0,0.0,False,False,psp_energy_2024-07.pdf
Tamil Nadu,2024,7,July,monthly,11231.0,11229.0,2.0,0.0,False,False,psp_energy_2024-07.pdf
Tamil Nadu,2024,7,July,cumulative_fy,46906.0,46904.0,1.0,0.0,False,False,psp_energy_2024-07.pdf
Puducherry,2024,7,July,monthly,314.0,314.0,0.0,0.0,False,False,psp_energy_2024-07.pdf
Puducherry,2024,7,July,cumulative_fy,1284.0,1284.0,0.0,0.0,False,False,psp_energy_2024-07.pdf
Lakshadweep,2024,7,July,monthly,5.0,5.0,0.0,0.0,False,False,psp_energy_2024-07.pdf
Lakshadweep,2024,7,July,cumulative_fy,23.0,23.0,0.0,0.0,False,False,psp_energy_2024-07.pdf
Southern Region,2024,7,July,monthly,33598.0,33591.0,7.0,0.0,True,False,psp_energy_2024-07.pdf
Southern Region,2024,7,July,cumulative_fy,142295.0,142286.0,8.0,0.0,True,False,psp_energy_2024-07.pdf
Bihar,2024,7,July,monthly,4654.0,4625.0,29.0,0.6,False,False,psp_energy_2024-07.pdf
Bihar,2024,7,July,cumulative_fy,17309.0,17191.0,118.0,0.7,False,False,psp_energy_2024-07.pdf
DVC,2024,7,July,monthly,2282.0,2281.0,1.0,0.0,False,False,psp_energy_2024-07.pdf
DVC,2024,7,July,cumulative_fy,9046.0,9043.0,2.0,0.0,False,False,psp_energy_2024-07.pdf
Jharkhand,2024,7,July,monthly,1372.0,1363.0,9.0,0.7,False,False,psp_energy_2024-07.pdf
Jharkhand,2024,7,July,cumulative_fy,5522.0,5460.0,62.0,1.1,False,False,psp_energy_2024-07.pdf
Odisha,2024,7,July,monthly,3708.0,3702.0,6.0,0.2,False,False,psp_energy_2024-07.pdf
Odisha,2024,7,July,cumulative_fy,15698.0,15683.0,15.0,0.1,False,False,psp_energy_2024-07.pdf
West Bengal,2024,7,July,monthly,7056.0,7026.0,30.0,0.4,False,False,psp_energy_2024-07.pdf
West Bengal,2024,7,July,cumulative_fy,27942.0,27870.0,72.0,0.3,False,False,psp_energy_2024-07.pdf
Sikkim,2024,7,July,monthly,40.0,40.0,0.0,0.0,False,False,psp_energy_2024-07.pdf
Sikkim,2024,7,July,cumulative_fy,180.0,180.0,0.0,0.0,False,False,psp_energy_2024-07.pdf
Andaman & Nicobar,2024,7,July,monthly,35.0,33.0,2.0,5.7,False,False,psp_energy_2024-07.pdf
Andaman & Nicobar,2024,7,July,cumulative_fy,144.0,140.0,4.0,2.5,False,False,psp_energy_2024-07.pdf
Eastern Region,2024,7,July,monthly,19117.0,19043.0,74.0,0.4,True,False,psp_energy_2024-07.pdf
Eastern Region,2024,7,July,cumulative_fy,75714.0,75443.0,271.0,0.4,True,False,psp_energy_2024-07.pdf
Arunachal Pradesh,2024,7,July,monthly,89.0,89.0,0.0,0.0,False,False,psp_energy_2024-07.pdf
Arunachal Pradesh,2024,7,July,cumulative_fy,334.0,334.0,0.0,0.0,False,False,psp_energy_2024-07.pdf
Assam,2024,7,July,monthly,1373.0,1373.0,0.0,0.0,False,False,psp_energy_2024-07.pdf
Assam,2024,7,July,cumulative_fy,4687.0,4682.0,5.0,0.1,False,False,psp_energy_2024-07.pdf
Manipur,2024,7,July,monthly,83.0,83.0,0.0,0.0,False,False,psp_energy_2024-07.pdf
Manipur,2024,7,July,cumulative_fy,347.0,347.0,0.0,0.0,False,False,psp_energy_2024-07.pdf
Meghalaya,2024,7,July,monthly,173.0,173.0,0.0,0.0,False,False,psp_energy_2024-07.pdf
Meghalaya,2024,7,July,cumulative_fy,664.0,664.0,0.0,0.0,False,False,psp_energy_2024-07.pdf
Mizoram,2024,7,July,monthly,59.0,59.0,0.0,0.0,False,False,psp_energy_2024-07.pdf
Mizoram,2024,7,July,cumulative_fy,225.0,225.0,0.0,0.0,False,False,psp_energy_2024-07.pdf
Nagaland,2024,7,July,monthly,95.0,95.0,0.0,0.0,False,False,psp_energy_2024-07.pdf
Nagaland,2024,7,July,cumulative_fy,328.0,328.0,0.0,0.0,False,False,psp_energy_2024-07.pdf
Tripura,2024,7,July,monthly,184.0,184.0,0.0,0.0,False,False,psp_energy_2024-07.pdf
Tripura,2024,7,July,cumulative_fy,677.0,677.0,0.0,0.0,False,False,psp_energy_2024-07.pdf
North-Eastern Region,2024,7,July,monthly,2057.0,2057.0,0.0,0.0,True,False,psp_energy_2024-07.pdf
North-Eastern Region,2024,7,July,cumulative_fy,7265.0,7260.0,5.0,0.1,True,False,psp_energy_2024-07.pdf
All India,2024,7,July,monthly,150030.0,149652.0,378.0,0.3,False,True,psp_energy_2024-07.pdf
All India,2024,7,July,cumulative_fy,602429.0,601463.0,967.0,0.2,False,True,psp_energy_2024-07.pdf
Chandigarh,2024,8,August,monthly,214.0,214.0,0.0,0.0,False,False,psp_energy_2024-08.pdf
Chandigarh,2024,8,August,cumulative_fy,1031.0,1031.0,0.0,0.0,False,False,psp_energy_2024-08.pdf
Delhi,2024,8,August,monthly,3939.0,3938.0,1.0,0.0,False,False,psp_energy_2024-08.pdf
Delhi,2024,8,August,cumulative_fy,19912.0,19902.0,10.0,0.0,False,False,psp_energy_2024-08.pdf
Haryana,2024,8,August,monthly,7209.0,7209.0,0.0,0.0,False,False,psp_energy_2024-08.pdf
Haryana,2024,8,August,cumulative_fy,34903.0,34874.0,29.0,0.1,False,False,psp_energy_2024-08.pdf
Himachal Pradesh,2024,8,August,monthly,1156.0,1155.0,1.0,0.1,False,False,psp_energy_2024-08.pdf
Himachal Pradesh,2024,8,August,cumulative_fy,5723.0,5703.0,20.0,0.3,False,False,psp_energy_2024-08.pdf
UT of J&K and Ladakh,2024,8,August,monthly,1550.0,1546.0,4.0,0.3,False,False,psp_energy_2024-08.pdf
UT of J&K and Ladakh,2024,8,August,cumulative_fy,8015.0,7980.0,35.0,0.4,False,False,psp_energy_2024-08.pdf
Punjab,2024,8,August,monthly,9165.0,9165.0,0.0,0.0,False,False,psp_energy_2024-08.pdf
Punjab,2024,8,August,cumulative_fy,39927.0,39927.0,0.0,0.0,False,False,psp_energy_2024-08.pdf
Rajasthan,2024,8,August,monthly,7784.0,7784.0,0.0,0.0,False,False,psp_energy_2024-08.pdf
Rajasthan,2024,8,August,cumulative_fy,46437.0,46151.0,286.0,0.6,False,False,psp_energy_2024-08.pdf
Uttar Pradesh,2024,8,August,monthly,16410.0,16338.0,72.0,0.4,False,False,psp_energy_2024-08.pdf
Uttar Pradesh,2024,8,August,cumulative_fy,82658.0,82366.0,292.0,0.4,False,False,psp_energy_2024-08.pdf
Uttarakhand,2024,8,August,monthly,1506.0,1501.0,5.0,0.3,False,False,psp_energy_2024-08.pdf
Uttarakhand,2024,8,August,cumulative_fy,7748.0,7715.0,32.0,0.4,False,False,psp_energy_2024-08.pdf
Northern Region,2024,8,August,monthly,49070.0,48988.0,82.0,0.2,True,False,psp_energy_2024-08.pdf
Northern Region,2024,8,August,cumulative_fy,247032.0,246328.0,704.0,0.3,True,False,psp_energy_2024-08.pdf
Chhattisgarh,2024,8,August,monthly,3344.0,3341.0,3.0,0.1,False,False,psp_energy_2024-08.pdf
Chhattisgarh,2024,8,August,cumulative_fy,18212.0,18201.0,11.0,0.1,False,False,psp_energy_2024-08.pdf
Gujarat,2024,8,August,monthly,11766.0,11766.0,0.0,0.0,False,False,psp_energy_2024-08.pdf
Gujarat,2024,8,August,cumulative_fy,65535.0,65535.0,0.0,0.0,False,False,psp_energy_2024-08.pdf
Madhya Pradesh,2024,8,August,monthly,7345.0,7314.0,31.0,0.4,False,False,psp_energy_2024-08.pdf
Madhya Pradesh,2024,8,August,cumulative_fy,40461.0,40383.0,78.0,0.2,False,False,psp_energy_2024-08.pdf
Maharashtra,2024,8,August,monthly,15056.0,15045.0,11.0,0.1,False,False,psp_energy_2024-08.pdf
Maharashtra,2024,8,August,cumulative_fy,83343.0,83327.0,16.0,0.0,False,False,psp_energy_2024-08.pdf
Dadra & Nagar Haveli and Daman & Diu,2024,8,August,monthly,899.0,899.0,0.0,0.0,False,False,psp_energy_2024-08.pdf
Dadra & Nagar Haveli and Daman & Diu,2024,8,August,cumulative_fy,4520.0,4520.0,0.0,0.0,False,False,psp_energy_2024-08.pdf
Goa,2024,8,August,monthly,438.0,438.0,0.0,0.0,False,False,psp_energy_2024-08.pdf
Goa,2024,8,August,cumulative_fy,2286.0,2286.0,0.0,0.0,False,False,psp_energy_2024-08.pdf
Western Region,2024,8,August,monthly,39790.0,39746.0,44.0,0.1,True,False,psp_energy_2024-08.pdf
Western Region,2024,8,August,cumulative_fy,218983.0,218878.0,105.0,0.0,True,False,psp_energy_2024-08.pdf
Andhra Pradesh,2024,8,August,monthly,6828.0,6828.0,0.0,0.0,False,False,psp_energy_2024-08.pdf
Andhra Pradesh,2024,8,August,cumulative_fy,33701.0,33700.0,1.0,0.0,False,False,psp_energy_2024-08.pdf
Telangana,2024,8,August,monthly,8126.0,8126.0,0.0,0.0,False,False,psp_energy_2024-08.pdf
Telangana,2024,8,August,cumulative_fy,34268.0,34267.0,1.0,0.0,False,False,psp_energy_2024-08.pdf
Karnataka,2024,8,August,monthly,6595.0,6595.0,0.0,0.0,False,False,psp_energy_2024-08.pdf
Karnataka,2024,8,August,cumulative_fy,36775.0,36773.0,1.0,0.0,False,False,psp_energy_2024-08.pdf
Kerala,2024,8,August,monthly,2483.0,2481.0,2.0,0.1,False,False,psp_energy_2024-08.pdf
Kerala,2024,8,August,cumulative_fy,13377.0,13372.0,5.0,0.0,False,False,psp_energy_2024-08.pdf
Tamil Nadu,2024,8,August,monthly,10994.0,10994.0,0.0,0.0,False,False,psp_energy_2024-08.pdf
Tamil Nadu,2024,8,August,cumulative_fy,57900.0,57899.0,1.0,0.0,False,False,psp_energy_2024-08.pdf
Puducherry,2024,8,August,monthly,313.0,313.0,0.0,0.0,False,False,psp_energy_2024-08.pdf
Puducherry,2024,8,August,cumulative_fy,1596.0,1596.0,0.0,0.0,False,False,psp_energy_2024-08.pdf
Lakshadweep,2024,8,August,monthly,5.0,5.0,0.0,0.0,False,False,psp_energy_2024-08.pdf
Lakshadweep,2024,8,August,cumulative_fy,29.0,29.0,0.0,0.0,False,False,psp_energy_2024-08.pdf
Southern Region,2024,8,August,monthly,35344.0,35342.0,2.0,0.0,True,False,psp_energy_2024-08.pdf
Southern Region,2024,8,August,cumulative_fy,177638.0,177629.0,10.0,0.0,True,False,psp_energy_2024-08.pdf
Bihar,2024,8,August,monthly,4409.0,4402.0,7.0,0.2,False,False,psp_energy_2024-08.pdf
Bihar,2024,8,August,cumulative_fy,21717.0,21593.0,124.0,0.6,False,False,psp_energy_2024-08.pdf
DVC,2024,8,August,monthly,2168.0,2168.0,0.0,0.0,False,False,psp_energy_2024-08.pdf
DVC,2024,8,August,cumulative_fy,11214.0,11211.0,3.0,0.0,False,False,psp_energy_2024-08.pdf
Jharkhand,2024,8,August,monthly,1279.0,1275.0,4.0,0.3,False,False,psp_energy_2024-08.pdf
Jharkhand,2024,8,August,cumulative_fy,6801.0,6735.0,67.0,1.0,False,False,psp_energy_2024-08.pdf
Odisha,2024,8,August,monthly,3665.0,3658.0,7.0,0.2,False,False,psp_energy_2024-08.pdf
Odisha,2024,8,August,cumulative_fy,19363.0,19341.0,22.0,0.1,False,False,psp_energy_2024-08.pdf
West Bengal,2024,8,August,monthly,6433.0,6426.0,7.0,0.1,False,False,psp_energy_2024-08.pdf
West Bengal,2024,8,August,cumulative_fy,34375.0,34295.0,80.0,0.2,False,False,psp_energy_2024-08.pdf
Sikkim,2024,8,August,monthly,38.0,38.0,0.0,0.0,False,False,psp_energy_2024-08.pdf
Sikkim,2024,8,August,cumulative_fy,218.0,218.0,0.0,0.0,False,False,psp_energy_2024-08.pdf
Andaman & Nicobar,2024,8,August,monthly,35.0,33.0,2.0,5.7,False,False,psp_energy_2024-08.pdf
Andaman & Nicobar,2024,8,August,cumulative_fy,178.0,173.0,5.0,2.8,False,False,psp_energy_2024-08.pdf
Eastern Region,2024,8,August,monthly,17998.0,17972.0,26.0,0.1,True,False,psp_energy_2024-08.pdf
Eastern Region,2024,8,August,cumulative_fy,93712.0,93415.0,296.0,0.3,True,False,psp_energy_2024-08.pdf
Arunachal Pradesh,2024,8,August,monthly,99.0,99.0,0.0,0.0,False,False,psp_energy_2024-08.pdf
Arunachal Pradesh,2024,8,August,cumulative_fy,433.0,433.0,0.0,0.0,False,False,psp_energy_2024-08.pdf
Assam,2024,8,August,monthly,1379.0,1379.0,0.0,0.0,False,False,psp_energy_2024-08.pdf
Assam,2024,8,August,cumulative_fy,6066.0,6061.0,5.0,0.1,False,False,psp_energy_2024-08.pdf
Manipur,2024,8,August,monthly,74.0,74.0,0.0,0.0,False,False,psp_energy_2024-08.pdf
Manipur,2024,8,August,cumulative_fy,421.0,421.0,0.0,0.0,False,False,psp_energy_2024-08.pdf
Meghalaya,2024,8,August,monthly,173.0,173.0,0.0,0.0,False,False,psp_energy_2024-08.pdf
Meghalaya,2024,8,August,cumulative_fy,836.0,836.0,0.0,0.0,False,False,psp_energy_2024-08.pdf
Mizoram,2024,8,August,monthly,54.0,54.0,0.0,0.0,False,False,psp_energy_2024-08.pdf
Mizoram,2024,8,August,cumulative_fy,279.0,279.0,0.0,0.0,False,False,psp_energy_2024-08.pdf
Nagaland,2024,8,August,monthly,80.0,80.0,0.0,0.0,False,False,psp_energy_2024-08.pdf
Nagaland,2024,8,August,cumulative_fy,408.0,408.0,0.0,0.0,False,False,psp_energy_2024-08.pdf
Tripura,2024,8,August,monthly,210.0,210.0,0.0,0.0,False,False,psp_energy_2024-08.pdf
Tripura,2024,8,August,cumulative_fy,887.0,887.0,0.0,0.0,False,False,psp_energy_2024-08.pdf
North-Eastern Region,2024,8,August,monthly,2069.0,2069.0,0.0,0.0,True,False,psp_energy_2024-08.pdf
North-Eastern Region,2024,8,August,cumulative_fy,9334.0,9329.0,5.0,0.1,True,False,psp_energy_2024-08.pdf
All India,2024,8,August,monthly,144271.0,144117.0,154.0,0.1,False,True,psp_energy_2024-08.pdf
All India,2024,8,August,cumulative_fy,746700.0,745580.0,1120.0,0.1,False,True,psp_energy_2024-08.pdf
Chandigarh,2024,9,September,monthly,189.0,189.0,0.0,0.0,False,False,psp_energy_2024-09.pdf
Chandigarh,2024,9,September,cumulative_fy,1219.0,1219.0,0.0,0.0,False,False,psp_energy_2024-09.pdf
Delhi,2024,9,September,monthly,3548.0,3547.0,1.0,0.0,False,False,psp_energy_2024-09.pdf
Delhi,2024,9,September,cumulative_fy,23460.0,23449.0,10.0,0.0,False,False,psp_energy_2024-09.pdf
Haryana,2024,9,September,monthly,6455.0,6455.0,0.0,0.0,False,False,psp_energy_2024-09.pdf
Haryana,2024,9,September,cumulative_fy,41358.0,41329.0,29.0,0.1,False,False,psp_energy_2024-09.pdf
Himachal Pradesh,2024,9,September,monthly,1154.0,1150.0,4.0,0.3,False,False,psp_energy_2024-09.pdf
Himachal Pradesh,2024,9,September,cumulative_fy,6878.0,6853.0,24.0,0.3,False,False,psp_energy_2024-09.pdf
UT of J&K and Ladakh,2024,9,September,monthly,1574.0,1565.0,9.0,0.6,False,False,psp_energy_2024-09.pdf
UT of J&K and Ladakh,2024,9,September,cumulative_fy,9589.0,9545.0,44.0,0.5,False,False,psp_energy_2024-09.pdf
Punjab,2024,9,September,monthly,8460.0,8460.0,0.0,0.0,False,False,psp_energy_2024-09.pdf
Punjab,2024,9,September,cumulative_fy,48387.0,48387.0,0.0,0.0,False,False,psp_energy_2024-09.pdf
Rajasthan,2024,9,September,monthly,8887.0,8869.0,18.0,0.2,False,False,psp_energy_2024-09.pdf
Rajasthan,2024,9,September,cumulative_fy,55324.0,55020.0,304.0,0.5,False,False,psp_energy_2024-09.pdf
Uttar Pradesh,2024,9,September,monthly,14482.0,14479.0,3.0,0.0,False,False,psp_energy_2024-09.pdf
Uttar Pradesh,2024,9,September,cumulative_fy,97141.0,96845.0,296.0,0.3,False,False,psp_energy_2024-09.pdf
Uttarakhand,2024,9,September,monthly,1422.0,1418.0,4.0,0.3,False,False,psp_energy_2024-09.pdf
Uttarakhand,2024,9,September,cumulative_fy,9169.0,9134.0,36.0,0.4,False,False,psp_energy_2024-09.pdf
Northern Region,2024,9,September,monthly,46306.0,46268.0,38.0,0.1,True,False,psp_energy_2024-09.pdf
Northern Region,2024,9,September,cumulative_fy,293338.0,292596.0,742.0,0.3,True,False,psp_energy_2024-09.pdf
Chhattisgarh,2024,9,September,monthly,3552.0,3547.0,5.0,0.1,False,False,psp_energy_2024-09.pdf
Chhattisgarh,2024,9,September,cumulative_fy,21763.0,21748.0,15.0,0.1,False,False,psp_energy_2024-09.pdf
Gujarat,2024,9,September,monthly,11973.0,11973.0,0.0,0.0,False,False,psp_energy_2024-09.pdf
Gujarat,2024,9,September,cumulative_fy,77508.0,77508.0,0.0,0.0,False,False,psp_energy_2024-09.pdf
Madhya Pradesh,2024,9,September,monthly,7366.0,7364.0,2.0,0.0,False,False,psp_energy_2024-09.pdf
Madhya Pradesh,2024,9,September,cumulative_fy,47827.0,47747.0,80.0,0.2,False,False,psp_energy_2024-09.pdf
Maharashtra,2024,9,September,monthly,15233.0,15192.0,41.0,0.3,False,False,psp_energy_2024-09.pdf
Maharashtra,2024,9,September,cumulative_fy,98576.0,98519.0,56.0,0.1,False,False,psp_energy_2024-09.pdf
Dadra & Nagar Haveli and Daman & Diu,2024,9,September,monthly,899.0,899.0,0.0,0.0,False,False,psp_energy_2024-09.pdf
Dadra & Nagar Haveli and Daman & Diu,2024,9,September,cumulative_fy,5419.0,5419.0,0.0,0.0,False,False,psp_energy_2024-09.pdf
Goa,2024,9,September,monthly,413.0,413.0,0.0,0.0,False,False,psp_energy_2024-09.pdf
Goa,2024,9,September,cumulative_fy,2699.0,2699.0,0.0,0.0,False,False,psp_energy_2024-09.pdf
Western Region,2024,9,September,monthly,40324.0,40277.0,47.0,0.1,True,False,psp_energy_2024-09.pdf
Western Region,2024,9,September,cumulative_fy,259307.0,259155.0,152.0,0.1,True,False,psp_energy_2024-09.pdf
Andhra Pradesh,2024,9,September,monthly,6410.0,6410.0,0.0,0.0,False,False,psp_energy_2024-09.pdf
Andhra Pradesh,2024,9,September,cumulative_fy,40111.0,40110.0,1.0,0.0,False,False,psp_energy_2024-09.pdf
Telangana,2024,9,September,monthly,6962.0,6962.0,0.0,0.0,False,False,psp_energy_2024-09.pdf
Telangana,2024,9,September,cumulative_fy,41231.0,41229.0,1.0,0.0,False,False,psp_energy_2024-09.pdf
Karnataka,2024,9,September,monthly,6925.0,6925.0,0.0,0.0,False,False,psp_energy_2024-09.pdf
Karnataka,2024,9,September,cumulative_fy,43699.0,43698.0,1.0,0.0,False,False,psp_energy_2024-09.pdf
Kerala,2024,9,September,monthly,2472.0,2470.0,2.0,0.1,False,False,psp_energy_2024-09.pdf
Kerala,2024,9,September,cumulative_fy,15849.0,15841.0,7.0,0.0,False,False,psp_energy_2024-09.pdf
Tamil Nadu,2024,9,September,monthly,11403.0,11403.0,0.0,0.0,False,False,psp_energy_2024-09.pdf
Tamil Nadu,2024,9,September,cumulative_fy,69303.0,69302.0,1.0,0.0,False,False,psp_energy_2024-09.pdf
Puducherry,2024,9,September,monthly,312.0,312.0,0.0,0.0,False,False,psp_energy_2024-09.pdf
Puducherry,2024,9,September,cumulative_fy,1908.0,1908.0,0.0,0.0,False,False,psp_energy_2024-09.pdf
Lakshadweep,2024,9,September,monthly,5.0,5.0,0.0,0.0,False,False,psp_energy_2024-09.pdf
Lakshadweep,2024,9,September,cumulative_fy,34.0,34.0,0.0,0.0,False,False,psp_energy_2024-09.pdf
Southern Region,2024,9,September,monthly,34487.0,34484.0,3.0,0.0,True,False,psp_energy_2024-09.pdf
Southern Region,2024,9,September,cumulative_fy,212125.0,212113.0,12.0,0.0,True,False,psp_energy_2024-09.pdf
Bihar,2024,9,September,monthly,4041.0,4021.0,20.0,0.5,False,False,psp_energy_2024-09.pdf
Bihar,2024,9,September,cumulative_fy,25759.0,25614.0,145.0,0.6,False,False,psp_energy_2024-09.pdf
DVC,2024,9,September,monthly,2145.0,2144.0,1.0,0.0,False,False,psp_energy_2024-09.pdf
DVC,2024,9,September,cumulative_fy,13358.0,13355.0,3.0,0.0,False,False,psp_energy_2024-09.pdf
Jharkhand,2024,9,September,monthly,1248.0,1247.0,1.0,0.1,False,False,psp_energy_2024-09.pdf
Jharkhand,2024,9,September,cumulative_fy,8050.0,7982.0,68.0,0.8,False,False,psp_energy_2024-09.pdf
Odisha,2024,9,September,monthly,3678.0,3677.0,1.0,0.0,False,False,psp_energy_2024-09.pdf
Odisha,2024,9,September,cumulative_fy,23041.0,23018.0,24.0,0.1,False,False,psp_energy_2024-09.pdf
West Bengal,2024,9,September,monthly,6427.0,6425.0,2.0,0.0,False,False,psp_energy_2024-09.pdf
West Bengal,2024,9,September,cumulative_fy,40803.0,40721.0,82.0,0.2,False,False,psp_energy_2024-09.pdf
Sikkim,2024,9,September,monthly,39.0,39.0,0.0,0.0,False,False,psp_energy_2024-09.pdf
Sikkim,2024,9,September,cumulative_fy,257.0,257.0,0.0,0.0,False,False,psp_energy_2024-09.pdf
Andaman & Nicobar,2024,9,September,monthly,35.0,33.0,2.0,5.7,False,False,psp_energy_2024-09.pdf
Andaman & Nicobar,2024,9,September,cumulative_fy,214.0,206.0,7.0,3.4,False,False,psp_energy_2024-09.pdf
Eastern Region,2024,9,September,monthly,17583.0,17557.0,26.0,0.1,True,False,psp_energy_2024-09.pdf
Eastern Region,2024,9,September,cumulative_fy,111294.0,110973.0,322.0,0.3,True,False,psp_energy_2024-09.pdf
Arunachal Pradesh,2024,9,September,monthly,93.0,93.0,0.0,0.0,False,False,psp_energy_2024-09.pdf
Arunachal Pradesh,2024,9,September,cumulative_fy,526.0,526.0,0.0,0.0,False,False,psp_energy_2024-09.pdf
Assam,2024,9,September,monthly,1401.0,1400.0,1.0,0.1,False,False,psp_energy_2024-09.pdf
Assam,2024,9,September,cumulative_fy,7467.0,7461.0,5.0,0.1,False,False,psp_energy_2024-09.pdf
Manipur,2024,9,September,monthly,78.0,77.0,1.0,1.3,False,False,psp_energy_2024-09.pdf
Manipur,2024,9,September,cumulative_fy,499.0,499.0,0.0,0.1,False,False,psp_energy_2024-09.pdf
Meghalaya,2024,9,September,monthly,136.0,136.0,0.0,0.0,False,False,psp_energy_2024-09.pdf
Meghalaya,2024,9,September,cumulative_fy,973.0,973.0,0.0,0.0,False,False,psp_energy_2024-09.pdf
Mizoram,2024,9,September,monthly,56.0,56.0,0.0,0.0,False,False,psp_energy_2024-09.pdf
Mizoram,2024,9,September,cumulative_fy,335.0,335.0,0.0,0.0,False,False,psp_energy_2024-09.pdf
Nagaland,2024,9,September,monthly,85.0,85.0,0.0,0.0,False,False,psp_energy_2024-09.pdf
Nagaland,2024,9,September,cumulative_fy,493.0,493.0,0.0,0.0,False,False,psp_energy_2024-09.pdf
Tripura,2024,9,September,monthly,177.0,177.0,0.0,0.0,False,False,psp_energy_2024-09.pdf
Tripura,2024,9,September,cumulative_fy,1064.0,1064.0,0.0,0.0,False,False,psp_energy_2024-09.pdf
North-Eastern Region,2024,9,September,monthly,2025.0,2025.0,0.0,0.0,True,False,psp_energy_2024-09.pdf
North-Eastern Region,2024,9,September,cumulative_fy,11360.0,11354.0,6.0,0.1,True,False,psp_energy_2024-09.pdf
All India,2024,9,September,monthly,140725.0,140611.0,114.0,0.1,False,True,psp_energy_2024-09.pdf
All India,2024,9,September,cumulative_fy,887425.0,886191.0,1234.0,0.1,False,True,psp_energy_2024-09.pdf
Chandigarh,2024,10,October,monthly,140.0,140.0,0.0,0.0,False,False,psp_energy_2024-10.pdf
Chandigarh,2024,10,October,cumulative_fy,1360.0,1360.0,0.0,0.0,False,False,psp_energy_2024-10.pdf
Delhi,2024,10,October,monthly,3244.0,3244.0,0.0,0.0,False,False,psp_energy_2024-10.pdf
Delhi,2024,10,October,cumulative_fy,26704.0,26693.0,11.0,0.0,False,False,psp_energy_2024-10.pdf
Haryana,2024,10,October,monthly,6161.0,6161.0,0.0,0.0,False,False,psp_energy_2024-10.pdf
Haryana,2024,10,October,cumulative_fy,47519.0,47490.0,29.0,0.1,False,False,psp_energy_2024-10.pdf
Himachal Pradesh,2024,10,October,monthly,1112.0,1111.0,1.0,0.1,False,False,psp_energy_2024-10.pdf
Himachal Pradesh,2024,10,October,cumulative_fy,7989.0,7964.0,25.0,0.3,False,False,psp_energy_2024-10.pdf
UT of J&K and Ladakh,2024,10,October,monthly,1508.0,1496.0,12.0,0.8,False,False,psp_energy_2024-10.pdf
UT of J&K and Ladakh,2024,10,October,cumulative_fy,11097.0,11042.0,55.0,0.5,False,False,psp_energy_2024-10.pdf
Punjab,2024,10,October,monthly,6223.0,6223.0,0.0,0.0,False,False,psp_energy_2024-10.pdf
Punjab,2024,10,October,cumulative_fy,54610.0,54610.0,0.0,0.0,False,False,psp_energy_2024-10.pdf
Rajasthan,2024,10,October,monthly,9839.0,9839.0,0.0,0.0,False,False,psp_energy_2024-10.pdf
Rajasthan,2024,10,October,cumulative_fy,65163.0,64860.0,304.0,0.5,False,False,psp_energy_2024-10.pdf
Uttar Pradesh,2024,10,October,monthly,14343.0,14343.0,0.0,0.0,False,False,psp_energy_2024-10.pdf
Uttar Pradesh,2024,10,October,cumulative_fy,111484.0,111188.0,296.0,0.3,False,False,psp_energy_2024-10.pdf
Uttarakhand,2024,10,October,monthly,1351.0,1345.0,6.0,0.4,False,False,psp_energy_2024-10.pdf
Uttarakhand,2024,10,October,cumulative_fy,10520.0,10479.0,41.0,0.4,False,False,psp_energy_2024-10.pdf
Northern Region,2024,10,October,monthly,44058.0,44039.0,19.0,0.0,True,False,psp_energy_2024-10.pdf
Northern Region,2024,10,October,cumulative_fy,337396.0,336635.0,761.0,0.2,True,False,psp_energy_2024-10.pdf
Chhattisgarh,2024,10,October,monthly,3893.0,3892.0,1.0,0.0,False,False,psp_energy_2024-10.pdf
Chhattisgarh,2024,10,October,cumulative_fy,25656.0,25640.0,17.0,0.1,False,False,psp_energy_2024-10.pdf
Gujarat,2024,10,October,monthly,12334.0,12334.0,0.0,0.0,False,False,psp_energy_2024-10.pdf
Gujarat,2024,10,October,cumulative_fy,89842.0,89842.0,0.0,0.0,False,False,psp_energy_2024-10.pdf
Madhya Pradesh,2024,10,October,monthly,8094.0,8094.0,0.0,0.0,False,False,psp_energy_2024-10.pdf
Madhya Pradesh,2024,10,October,cumulative_fy,55921.0,55841.0,80.0,0.1,False,False,psp_energy_2024-10.pdf
Maharashtra,2024,10,October,monthly,16259.0,16258.0,1.0,0.0,False,False,psp_energy_2024-10.pdf
Maharashtra,2024,10,October,cumulative_fy,114835.0,114777.0,58.0,0.1,False,False,psp_energy_2024-10.pdf
Dadra & Nagar Haveli and Daman & Diu,2024,10,October,monthly,933.0,933.0,0.0,0.0,False,False,psp_energy_2024-10.pdf
Dadra & Nagar Haveli and Daman & Diu,2024,10,October,cumulative_fy,6351.0,6351.0,0.0,0.0,False,False,psp_energy_2024-10.pdf
Goa,2024,10,October,monthly,458.0,458.0,0.0,0.0,False,False,psp_energy_2024-10.pdf
Goa,2024,10,October,cumulative_fy,3157.0,3157.0,0.0,0.0,False,False,psp_energy_2024-10.pdf
Western Region,2024,10,October,monthly,42944.0,42942.0,2.0,0.0,True,False,psp_energy_2024-10.pdf
Western Region,2024,10,October,cumulative_fy,302252.0,302097.0,155.0,0.1,True,False,psp_energy_2024-10.pdf
Andhra Pradesh,2024,10,October,monthly,6366.0,6365.0,1.0,0.0,False,False,psp_energy_2024-10.pdf
Andhra Pradesh,2024,10,October,cumulative_fy,46477.0,46475.0,1.0,0.0,False,False,psp_energy_2024-10.pdf
Telangana,2024,10,October,monthly,7156.0,7156.0,0.0,0.0,False,False,psp_energy_2024-10.pdf
Telangana,2024,10,October,cumulative_fy,48387.0,48385.0,2.0,0.0,False,False,psp_energy_2024-10.pdf
Karnataka,2024,10,October,monthly,6320.0,6320.0,0.0,0.0,False,False,psp_energy_2024-10.pdf
Karnataka,2024,10,October,cumulative_fy,50019.0,50018.0,2.0,0.0,False,False,psp_energy_2024-10.pdf
Kerala,2024,10,October,monthly,2566.0,2566.0,0.0,0.0,False,False,psp_energy_2024-10.pdf
Kerala,2024,10,October,cumulative_fy,18414.0,18407.0,8.0,0.0,False,False,psp_energy_2024-10.pdf
Tamil Nadu,2024,10,October,monthly,10299.0,10298.0,1.0,0.0,False,False,psp_energy_2024-10.pdf
Tamil Nadu,2024,10,October,cumulative_fy,79602.0,79600.0,2.0,0.0,False,False,psp_energy_2024-10.pdf
Puducherry,2024,10,October,monthly,297.0,297.0,0.0,0.0,False,False,psp_energy_2024-10.pdf
Puducherry,2024,10,October,cumulative_fy,2206.0,2205.0,0.0,0.0,False,False,psp_energy_2024-10.pdf
Lakshadweep,2024,10,October,monthly,5.0,5.0,0.0,0.0,False,False,psp_energy_2024-10.pdf
Lakshadweep,2024,10,October,cumulative_fy,39.0,39.0,0.0,0.0,False,False,psp_energy_2024-10.pdf
Southern Region,2024,10,October,monthly,33008.0,33006.0,2.0,0.0,True,False,psp_energy_2024-10.pdf
Southern Region,2024,10,October,cumulative_fy,245133.0,245119.0,14.0,0.0,True,False,psp_energy_2024-10.pdf
Bihar,2024,10,October,monthly,4046.0,4043.0,3.0,0.1,False,False,psp_energy_2024-10.pdf
Bihar,2024,10,October,cumulative_fy,29804.0,29656.0,148.0,0.5,False,False,psp_energy_2024-10.pdf
DVC,2024,10,October,monthly,2181.0,2181.0,0.0,0.0,False,False,psp_energy_2024-10.pdf
DVC,2024,10,October,cumulative_fy,15539.0,15536.0,3.0,0.0,False,False,psp_energy_2024-10.pdf
Jharkhand,2024,10,October,monthly,1305.0,1304.0,1.0,0.1,False,False,psp_energy_2024-10.pdf
Jharkhand,2024,10,October,cumulative_fy,9355.0,9286.0,69.0,0.7,False,False,psp_energy_2024-10.pdf
Odisha,2024,10,October,monthly,3974.0,3974.0,0.0,0.0,False,False,psp_energy_2024-10.pdf
Odisha,2024,10,October,cumulative_fy,27015.0,26991.0,24.0,0.1,False,False,psp_energy_2024-10.pdf
West Bengal,2024,10,October,monthly,5969.0,5967.0,2.0,0.0,False,False,psp_energy_2024-10.pdf
West Bengal,2024,10,October,cumulative_fy,46772.0,46687.0,84.0,0.2,False,False,psp_energy_2024-10.pdf
Sikkim,2024,10,October,monthly,40.0,40.0,0.0,0.0,False,False,psp_energy_2024-10.pdf
Sikkim,2024,10,October,cumulative_fy,297.0,297.0,0.0,0.0,False,False,psp_energy_2024-10.pdf
Andaman & Nicobar,2024,10,October,monthly,34.0,33.0,1.0,2.9,False,False,psp_energy_2024-10.pdf
Andaman & Nicobar,2024,10,October,cumulative_fy,248.0,240.0,8.0,3.4,False,False,psp_energy_2024-10.pdf
Eastern Region,2024,10,October,monthly,17519.0,17513.0,6.0,0.0,True,False,psp_energy_2024-10.pdf
Eastern Region,2024,10,October,cumulative_fy,128813.0,128486.0,328.0,0.3,True,False,psp_energy_2024-10.pdf
Arunachal Pradesh,2024,10,October,monthly,75.0,75.0,0.0,0.0,False,False,psp_energy_2024-10.pdf
Arunachal Pradesh,2024,10,October,cumulative_fy,601.0,601.0,0.0,0.0,False,False,psp_energy_2024-10.pdf
Assam,2024,10,October,monthly,1072.0,1072.0,0.0,0.0,False,False,psp_energy_2024-10.pdf
Assam,2024,10,October,cumulative_fy,8538.0,8533.0,6.0,0.1,False,False,psp_energy_2024-10.pdf
Manipur,2024,10,October,monthly,81.0,81.0,0.0,0.0,False,False,psp_energy_2024-10.pdf
Manipur,2024,10,October,cumulative_fy,580.0,579.0,0.0,0.1,False,False,psp_energy_2024-10.pdf
Meghalaya,2024,10,October,monthly,155.0,155.0,0.0,0.0,False,False,psp_energy_2024-10.pdf
Meghalaya,2024,10,October,cumulative_fy,1128.0,1128.0,0.0,0.0,False,False,psp_energy_2024-10.pdf
Mizoram,2024,10,October,monthly,57.0,57.0,0.0,0.0,False,False,psp_energy_2024-10.pdf
Mizoram,2024,10,October,cumulative_fy,391.0,391.0,0.0,0.0,False,False,psp_energy_2024-10.pdf
Nagaland,2024,10,October,monthly,77.0,77.0,0.0,0.0,False,False,psp_energy_2024-10.pdf
Nagaland,2024,10,October,cumulative_fy,570.0,570.0,0.0,0.0,False,False,psp_energy_2024-10.pdf
Tripura,2024,10,October,monthly,171.0,171.0,0.0,0.0,False,False,psp_energy_2024-10.pdf
Tripura,2024,10,October,cumulative_fy,1235.0,1235.0,0.0,0.0,False,False,psp_energy_2024-10.pdf
North-Eastern Region,2024,10,October,monthly,1688.0,1688.0,0.0,0.0,True,False,psp_energy_2024-10.pdf
North-Eastern Region,2024,10,October,cumulative_fy,13048.0,13042.0,6.0,0.0,True,False,psp_energy_2024-10.pdf
All India,2024,10,October,monthly,139217.0,139188.0,29.0,0.0,False,True,psp_energy_2024-10.pdf
All India,2024,10,October,cumulative_fy,1026642.0,1025379.0,1263.0,0.1,False,True,psp_energy_2024-10.pdf
Chandigarh,2024,11,November,monthly,109.0,109.0,0.0,0.0,False,False,psp_energy_2024-11.pdf
Chandigarh,2024,11,November,cumulative_fy,1469.0,1469.0,0.0,0.0,False,False,psp_energy_2024-11.pdf
Delhi,2024,11,November,monthly,2243.0,2243.0,0.0,0.0,False,False,psp_energy_2024-11.pdf
Delhi,2024,11,November,cumulative_fy,28947.0,28936.0,11.0,0.0,False,False,psp_energy_2024-11.pdf
Haryana,2024,11,November,monthly,4342.0,4341.0,1.0,0.0,False,False,psp_energy_2024-11.pdf
Haryana,2024,11,November,cumulative_fy,51861.0,51832.0,29.0,0.1,False,False,psp_energy_2024-11.pdf
Himachal Pradesh,2024,11,November,monthly,1056.0,1052.0,4.0,0.4,False,False,psp_energy_2024-11.pdf
Himachal Pradesh,2024,11,November,cumulative_fy,9045.0,9016.0,29.0,0.3,False,False,psp_energy_2024-11.pdf
UT of J&K and Ladakh,2024,11,November,monthly,1643.0,1638.0,5.0,0.3,False,False,psp_energy_2024-11.pdf
UT of J&K and Ladakh,2024,11,November,cumulative_fy,12739.0,12679.0,60.0,0.5,False,False,psp_energy_2024-11.pdf
Punjab,2024,11,November,monthly,4242.0,4242.0,0.0,0.0,False,False,psp_energy_2024-11.pdf
Punjab,2024,11,November,cumulative_fy,58852.0,58852.0,0.0,0.0,False,False,psp_energy_2024-11.pdf
Rajasthan,2024,11,November,monthly,9630.0,9630.0,0.0,0.0,False,False,psp_energy_2024-11.pdf
Rajasthan,2024,11,November,cumulative_fy,74793.0,74490.0,304.0,0.4,False,False,psp_energy_2024-11.pdf
Uttar Pradesh,2024,11,November,monthly,10529.0,10529.0,0.0,0.0,False,False,psp_energy_2024-11.pdf
Uttar Pradesh,2024,11,November,cumulative_fy,122013.0,121717.0,296.0,0.2,False,False,psp_energy_2024-11.pdf
Uttarakhand,2024,11,November,monthly,1164.0,1164.0,0.0,0.0,False,False,psp_energy_2024-11.pdf
Uttarakhand,2024,11,November,cumulative_fy,11684.0,11643.0,41.0,0.4,False,False,psp_energy_2024-11.pdf
Northern Region,2024,11,November,monthly,35091.0,35081.0,10.0,0.0,True,False,psp_energy_2024-11.pdf
Northern Region,2024,11,November,cumulative_fy,372487.0,371716.0,770.0,0.2,True,False,psp_energy_2024-11.pdf
Chhattisgarh,2024,11,November,monthly,2755.0,2755.0,0.0,0.0,False,False,psp_energy_2024-11.pdf
Chhattisgarh,2024,11,November,cumulative_fy,28411.0,28395.0,17.0,0.1,False,False,psp_energy_2024-11.pdf
Gujarat,2024,11,November,monthly,11522.0,11522.0,0.0,0.0,False,False,psp_energy_2024-11.pdf
Gujarat,2024,11,November,cumulative_fy,101364.0,101364.0,0.0,0.0,False,False,psp_energy_2024-11.pdf
Madhya Pradesh,2024,11,November,monthly,9462.0,9460.0,2.0,0.0,False,False,psp_energy_2024-11.pdf
Madhya Pradesh,2024,11,November,cumulative_fy,65383.0,65301.0,82.0,0.1,False,False,psp_energy_2024-11.pdf
Maharashtra,2024,11,November,monthly,16094.0,16094.0,0.0,0.0,False,False,psp_energy_2024-11.pdf
Maharashtra,2024,11,November,cumulative_fy,130929.0,130871.0,58.0,0.0,False,False,psp_energy_2024-11.pdf
Dadra & Nagar Haveli and Daman & Diu,2024,11,November,monthly,870.0,870.0,0.0,0.0,False,False,psp_energy_2024-11.pdf
Dadra & Nagar Haveli and Daman & Diu,2024,11,November,cumulative_fy,7222.0,7222.0,0.0,0.0,False,False,psp_energy_2024-11.pdf
Goa,2024,11,November,monthly,436.0,436.0,0.0,0.0,False,False,psp_energy_2024-11.pdf
Goa,2024,11,November,cumulative_fy,3592.0,3592.0,0.0,0.0,False,False,psp_energy_2024-11.pdf
Western Region,2024,11,November,monthly,42087.0,42085.0,2.0,0.0,True,False,psp_energy_2024-11.pdf
Western Region,2024,11,November,cumulative_fy,344339.0,344183.0,156.0,0.0,True,False,psp_energy_2024-11.pdf
Andhra Pradesh,2024,11,November,monthly,6160.0,6159.0,1.0,0.0,False,False,psp_energy_2024-11.pdf
Andhra Pradesh,2024,11,November,cumulative_fy,52637.0,52634.0,3.0,0.0,False,False,psp_energy_2024-11.pdf
Telangana,2024,11,November,monthly,5974.0,5973.0,1.0,0.0,False,False,psp_energy_2024-11.pdf
Telangana,2024,11,November,cumulative_fy,54361.0,54358.0,3.0,0.0,False,False,psp_energy_2024-11.pdf
Karnataka,2024,11,November,monthly,7055.0,7053.0,2.0,0.0,False,False,psp_energy_2024-11.pdf
Karnataka,2024,11,November,cumulative_fy,57074.0,57071.0,3.0,0.0,False,False,psp_energy_2024-11.pdf
Kerala,2024,11,November,monthly,2520.0,2520.0,0.0,0.0,False,False,psp_energy_2024-11.pdf
Kerala,2024,11,November,cumulative_fy,20935.0,20927.0,8.0,0.0,False,False,psp_energy_2024-11.pdf
Tamil Nadu,2024,11,November,monthly,9470.0,9468.0,2.0,0.0,False,False,psp_energy_2024-11.pdf
Tamil Nadu,2024,11,November,cumulative_fy,89072.0,89068.0,4.0,0.0,False,False,psp_energy_2024-11.pdf
Puducherry,2024,11,November,monthly,271.0,271.0,0.0,0.0,False,False,psp_energy_2024-11.pdf
Puducherry,2024,11,November,cumulative_fy,2476.0,2476.0,0.0,0.0,False,False,psp_energy_2024-11.pdf
Lakshadweep,2024,11,November,monthly,5.0,5.0,0.0,0.0,False,False,psp_energy_2024-11.pdf
Lakshadweep,2024,11,November,cumulative_fy,44.0,44.0,0.0,0.0,False,False,psp_energy_2024-11.pdf
Southern Region,2024,11,November,monthly,31453.0,31446.0,7.0,0.0,True,False,psp_energy_2024-11.pdf
Southern Region,2024,11,November,cumulative_fy,276586.0,276565.0,21.0,0.0,True,False,psp_energy_2024-11.pdf
Bihar,2024,11,November,monthly,2816.0,2815.0,1.0,0.0,False,False,psp_energy_2024-11.pdf
Bihar,2024,11,November,cumulative_fy,32620.0,32471.0,148.0,0.5,False,False,psp_energy_2024-11.pdf
DVC,2024,11,November,monthly,1953.0,1953.0,0.0,0.0,False,False,psp_energy_2024-11.pdf
DVC,2024,11,November,cumulative_fy,17492.0,17489.0,3.0,0.0,False,False,psp_energy_2024-11.pdf
Jharkhand,2024,11,November,monthly,1123.0,1118.0,5.0,0.4,False,False,psp_energy_2024-11.pdf
Jharkhand,2024,11,November,cumulative_fy,10478.0,10404.0,74.0,0.7,False,False,psp_energy_2024-11.pdf
Odisha,2024,11,November,monthly,3068.0,3068.0,0.0,0.0,False,False,psp_energy_2024-11.pdf
Odisha,2024,11,November,cumulative_fy,30082.0,30059.0,24.0,0.1,False,False,psp_energy_2024-11.pdf
West Bengal,2024,11,November,monthly,4683.0,4683.0,0.0,0.0,False,False,psp_energy_2024-11.pdf
West Bengal,2024,11,November,cumulative_fy,51455.0,51371.0,84.0,0.2,False,False,psp_energy_2024-11.pdf
Sikkim,2024,11,November,monthly,46.0,46.0,0.0,0.0,False,False,psp_energy_2024-11.pdf
Sikkim,2024,11,November,cumulative_fy,343.0,343.0,0.0,0.0,False,False,psp_energy_2024-11.pdf
Andaman & Nicobar,2024,11,November,monthly,34.0,33.0,1.0,3.0,False,False,psp_energy_2024-11.pdf
Andaman & Nicobar,2024,11,November,cumulative_fy,282.0,273.0,9.0,3.2,False,False,psp_energy_2024-11.pdf
Eastern Region,2024,11,November,monthly,13692.0,13687.0,5.0,0.0,True,False,psp_energy_2024-11.pdf
Eastern Region,2024,11,November,cumulative_fy,142506.0,142173.0,333.0,0.2,True,False,psp_energy_2024-11.pdf
Arunachal Pradesh,2024,11,November,monthly,78.0,78.0,0.0,0.0,False,False,psp_energy_2024-11.pdf
Arunachal Pradesh,2024,11,November,cumulative_fy,679.0,679.0,0.0,0.0,False,False,psp_energy_2024-11.pdf
Assam,2024,11,November,monthly,887.0,886.0,1.0,0.1,False,False,psp_energy_2024-11.pdf
Assam,2024,11,November,cumulative_fy,9425.0,9419.0,6.0,0.1,False,False,psp_energy_2024-11.pdf
Manipur,2024,11,November,monthly,79.0,79.0,0.0,0.0,False,False,psp_energy_2024-11.pdf
Manipur,2024,11,November,cumulative_fy,659.0,658.0,0.0,0.1,False,False,psp_energy_2024-11.pdf
Meghalaya,2024,11,November,monthly,185.0,185.0,0.0,0.0,False,False,psp_energy_2024-11.pdf
Meghalaya,2024,11,November,cumulative_fy,1313.0,1313.0,0.0,0.0,False,False,psp_energy_2024-11.pdf
Mizoram,2024,11,November,monthly,56.0,56.0,0.0,0.0,False,False,psp_energy_2024-11.pdf
Mizoram,2024,11,November,cumulative_fy,448.0,447.0,0.0,0.0,False,False,psp_energy_2024-11.pdf
Nagaland,2024,11,November,monthly,72.0,72.0,0.0,0.0,False,False,psp_energy_2024-11.pdf
Nagaland,2024,11,November,cumulative_fy,642.0,642.0,0.0,0.0,False,False,psp_energy_2024-11.pdf
Tripura,2024,11,November,monthly,132.0,132.0,0.0,0.0,False,False,psp_energy_2024-11.pdf
Tripura,2024,11,November,cumulative_fy,1367.0,1367.0,0.0,0.0,False,False,psp_energy_2024-11.pdf
North-Eastern Region,2024,11,November,monthly,1490.0,1490.0,0.0,0.0,True,False,psp_energy_2024-11.pdf
North-Eastern Region,2024,11,November,cumulative_fy,14538.0,14532.0,6.0,0.0,True,False,psp_energy_2024-11.pdf
All India,2024,11,November,monthly,123813.0,123790.0,23.0,0.0,False,True,psp_energy_2024-11.pdf
All India,2024,11,November,cumulative_fy,1150455.0,1149169.0,1286.0,0.1,False,True,psp_energy_2024-11.pdf
Chandigarh,2024,12,December,monthly,128.0,128.0,0.0,0.0,False,False,psp_energy_2024-12.pdf
Chandigarh,2024,12,December,cumulative_fy,1597.0,1597.0,0.0,0.0,False,False,psp_energy_2024-12.pdf
Delhi,2024,12,December,monthly,2361.0,2361.0,0.0,0.0,False,False,psp_energy_2024-12.pdf
Delhi,2024,12,December,cumulative_fy,31308.0,31297.0,11.0,0.0,False,False,psp_energy_2024-12.pdf
Haryana,2024,12,December,monthly,4625.0,4625.0,0.0,0.0,False,False,psp_energy_2024-12.pdf
Haryana,2024,12,December,cumulative_fy,56486.0,56457.0,29.0,0.1,False,False,psp_energy_2024-12.pdf
Himachal Pradesh,2024,12,December,monthly,1208.0,1203.0,5.0,0.4,False,False,psp_energy_2024-12.pdf
Himachal Pradesh,2024,12,December,cumulative_fy,10254.0,10219.0,34.0,0.3,False,False,psp_energy_2024-12.pdf
UT of J&K and Ladakh,2024,12,December,monthly,1978.0,1956.0,22.0,1.1,False,False,psp_energy_2024-12.pdf
UT of J&K and Ladakh,2024,12,December,cumulative_fy,14717.0,14636.0,81.0,0.6,False,False,psp_energy_2024-12.pdf
Punjab,2024,12,December,monthly,4683.0,4683.0,0.0,0.0,False,False,psp_energy_2024-12.pdf
Punjab,2024,12,December,cumulative_fy,63536.0,63536.0,0.0,0.0,False,False,psp_energy_2024-12.pdf
Rajasthan,2024,12,December,monthly,9986.0,9986.0,0.0,0.0,False,False,psp_energy_2024-12.pdf
Rajasthan,2024,12,December,cumulative_fy,84779.0,84476.0,304.0,0.4,False,False,psp_energy_2024-12.pdf
Uttar Pradesh,2024,12,December,monthly,10344.0,10341.0,3.0,0.0,False,False,psp_energy_2024-12.pdf
Uttar Pradesh,2024,12,December,cumulative_fy,132357.0,132058.0,299.0,0.2,False,False,psp_energy_2024-12.pdf
Uttarakhand,2024,12,December,monthly,1332.0,1331.0,1.0,0.1,False,False,psp_energy_2024-12.pdf
Uttarakhand,2024,12,December,cumulative_fy,13016.0,12974.0,42.0,0.3,False,False,psp_energy_2024-12.pdf
Northern Region,2024,12,December,monthly,36776.0,36616.0,160.0,0.4,True,False,psp_energy_2024-12.pdf
Northern Region,2024,12,December,cumulative_fy,409263.0,408332.0,930.0,0.2,True,False,psp_energy_2024-12.pdf
Chhattisgarh,2024,12,December,monthly,3083.0,3083.0,0.0,0.0,False,False,psp_energy_2024-12.pdf
Chhattisgarh,2024,12,December,cumulative_fy,31494.0,31478.0,17.0,0.1,False,False,psp_energy_2024-12.pdf
Gujarat,2024,12,December,monthly,12333.0,12333.0,0.0,0.0,False,False,psp_energy_2024-12.pdf
Gujarat,2024,12,December,cumulative_fy,113697.0,113697.0,0.0,0.0,False,False,psp_energy_2024-12.pdf
Madhya Pradesh,2024,12,December,monthly,10066.0,10053.0,13.0,0.1,False,False,psp_energy_2024-12.pdf
Madhya Pradesh,2024,12,December,cumulative_fy,75449.0,75354.0,95.0,0.1,False,False,psp_energy_2024-12.pdf
Maharashtra,2024,12,December,monthly,16963.0,16963.0,0.0,0.0,False,False,psp_energy_2024-12.pdf
Maharashtra,2024,12,December,cumulative_fy,147892.0,147834.0,58.0,0.0,False,False,psp_energy_2024-12.pdf
Dadra & Nagar Haveli and Daman & Diu,2024,12,December,monthly,931.0,931.0,0.0,0.0,False,False,psp_energy_2024-12.pdf
Dadra & Nagar Haveli and Daman & Diu,2024,12,December,cumulative_fy,8153.0,8153.0,0.0,0.0,False,False,psp_energy_2024-12.pdf
Goa,2024,12,December,monthly,443.0,443.0,0.0,0.0,False,False,psp_energy_2024-12.pdf
Goa,2024,12,December,cumulative_fy,4035.0,4035.0,0.0,0.0,False,False,psp_energy_2024-12.pdf
Western Region,2024,12,December,monthly,44765.0,44752.0,13.0,0.0,True,False,psp_energy_2024-12.pdf
Western Region,2024,12,December,cumulative_fy,389104.0,388935.0,169.0,0.0,True,False,psp_energy_2024-12.pdf
Andhra Pradesh,2024,12,December,monthly,5922.0,5922.0,0.0,0.0,False,False,psp_energy_2024-12.pdf
Andhra Pradesh,2024,12,December,cumulative_fy,58558.0,58555.0,3.0,0.0,False,False,psp_energy_2024-12.pdf
Telangana,2024,12,December,monthly,7498.0,7497.0,1.0,0.0,False,False,psp_energy_2024-12.pdf
Telangana,2024,12,December,cumulative_fy,61859.0,61855.0,3.0,0.0,False,False,psp_energy_2024-12.pdf
Karnataka,2024,12,December,monthly,7373.0,7372.0,1.0,0.0,False,False,psp_energy_2024-12.pdf
Karnataka,2024,12,December,cumulative_fy,64447.0,64443.0,4.0,0.0,False,False,psp_energy_2024-12.pdf
Kerala,2024,12,December,monthly,2544.0,2544.0,0.0,0.0,False,False,psp_energy_2024-12.pdf
Kerala,2024,12,December,cumulative_fy,23478.0,23470.0,8.0,0.0,False,False,psp_energy_2024-12.pdf
Tamil Nadu,2024,12,December,monthly,9505.0,9504.0,1.0,0.0,False,False,psp_energy_2024-12.pdf
Tamil Nadu,2024,12,December,cumulative_fy,98577.0,98572.0,5.0,0.0,False,False,psp_energy_2024-12.pdf
Puducherry,2024,12,December,monthly,259.0,259.0,0.0,0.0,False,False,psp_energy_2024-12.pdf
Puducherry,2024,12,December,cumulative_fy,2735.0,2735.0,0.0,0.0,False,False,psp_energy_2024-12.pdf
Lakshadweep,2024,12,December,monthly,6.0,6.0,0.0,0.0,False,False,psp_energy_2024-12.pdf
Lakshadweep,2024,12,December,cumulative_fy,50.0,50.0,0.0,0.0,False,False,psp_energy_2024-12.pdf
Southern Region,2024,12,December,monthly,33104.0,33101.0,3.0,0.0,True,False,psp_energy_2024-12.pdf
Southern Region,2024,12,December,cumulative_fy,309690.0,309667.0,23.0,0.0,True,False,psp_energy_2024-12.pdf
Bihar,2024,12,December,monthly,2780.0,2774.0,6.0,0.2,False,False,psp_energy_2024-12.pdf
Bihar,2024,12,December,cumulative_fy,35400.0,35246.0,154.0,0.4,False,False,psp_energy_2024-12.pdf
DVC,2024,12,December,monthly,2114.0,2114.0,0.0,0.0,False,False,psp_energy_2024-12.pdf
DVC,2024,12,December,cumulative_fy,19606.0,19603.0,3.0,0.0,False,False,psp_energy_2024-12.pdf
Jharkhand,2024,12,December,monthly,1169.0,1168.0,1.0,0.1,False,False,psp_energy_2024-12.pdf
Jharkhand,2024,12,December,cumulative_fy,11647.0,11573.0,74.0,0.6,False,False,psp_energy_2024-12.pdf
Odisha,2024,12,December,monthly,2964.0,2964.0,0.0,0.0,False,False,psp_energy_2024-12.pdf
Odisha,2024,12,December,cumulative_fy,33046.0,33023.0,24.0,0.1,False,False,psp_energy_2024-12.pdf
West Bengal,2024,12,December,monthly,4314.0,4310.0,4.0,0.1,False,False,psp_energy_2024-12.pdf
West Bengal,2024,12,December,cumulative_fy,55769.0,55681.0,88.0,0.2,False,False,psp_energy_2024-12.pdf
Sikkim,2024,12,December,monthly,58.0,58.0,0.0,0.0,False,False,psp_energy_2024-12.pdf
Sikkim,2024,12,December,cumulative_fy,401.0,401.0,0.0,0.0,False,False,psp_energy_2024-12.pdf
Andaman & Nicobar,2024,12,December,monthly,35.0,34.0,1.0,2.9,False,False,psp_energy_2024-12.pdf
Andaman & Nicobar,2024,12,December,cumulative_fy,316.0,307.0,9.0,3.0,False,False,psp_energy_2024-12.pdf
Eastern Region,2024,12,December,monthly,13403.0,13393.0,10.0,0.1,True,False,psp_energy_2024-12.pdf
Eastern Region,2024,12,December,cumulative_fy,155909.0,155566.0,343.0,0.2,True,False,psp_energy_2024-12.pdf
Arunachal Pradesh,2024,12,December,monthly,88.0,88.0,0.0,0.0,False,False,psp_energy_2024-12.pdf
Arunachal Pradesh,2024,12,December,cumulative_fy,767.0,767.0,0.0,0.0,False,False,psp_energy_2024-12.pdf
Assam,2024,12,December,monthly,824.0,824.0,0.0,0.0,False,False,psp_energy_2024-12.pdf
Assam,2024,12,December,cumulative_fy,10250.0,10244.0,6.0,0.1,False,False,psp_energy_2024-12.pdf
Manipur,2024,12,December,monthly,112.0,112.0,0.0,0.0,False,False,psp_energy_2024-12.pdf
Manipur,2024,12,December,cumulative_fy,771.0,770.0,0.0,0.0,False,False,psp_energy_2024-12.pdf
Meghalaya,2024,12,December,monthly,201.0,201.0,0.0,0.0,False,False,psp_energy_2024-12.pdf
Meghalaya,2024,12,December,cumulative_fy,1514.0,1514.0,0.0,0.0,False,False,psp_energy_2024-12.pdf
Mizoram,2024,12,December,monthly,69.0,69.0,0.0,0.0,False,False,psp_energy_2024-12.pdf
Mizoram,2024,12,December,cumulative_fy,516.0,516.0,0.0,0.0,False,False,psp_energy_2024-12.pdf
Nagaland,2024,12,December,monthly,79.0,79.0,0.0,0.0,False,False,psp_energy_2024-12.pdf
Nagaland,2024,12,December,cumulative_fy,721.0,721.0,0.0,0.0,False,False,psp_energy_2024-12.pdf
Tripura,2024,12,December,monthly,160.0,160.0,0.0,0.0,False,False,psp_energy_2024-12.pdf
Tripura,2024,12,December,cumulative_fy,1527.0,1527.0,0.0,0.0,False,False,psp_energy_2024-12.pdf
North-Eastern Region,2024,12,December,monthly,1534.0,1534.0,0.0,0.0,True,False,psp_energy_2024-12.pdf
North-Eastern Region,2024,12,December,cumulative_fy,16072.0,16066.0,6.0,0.0,True,False,psp_energy_2024-12.pdf
All India,2024,12,December,monthly,129582.0,129397.0,185.0,0.1,False,True,psp_energy_2024-12.pdf
All India,2024,12,December,cumulative_fy,1280037.0,1278565.0,1472.0,0.1,False,True,psp_energy_2024-12.pdf
Chandigarh,2025,1,January,monthly,138.0,138.0,0.0,0.0,False,False,psp_energy_2025-01.pdf
Chandigarh,2025,1,January,cumulative_fy,1735.0,1735.0,0.0,0.0,False,False,psp_energy_2025-01.pdf
Delhi,2025,1,January,monthly,2587.0,2586.0,1.0,0.0,False,False,psp_energy_2025-01.pdf
Delhi,2025,1,January,cumulative_fy,33895.0,33883.0,11.0,0.0,False,False,psp_energy_2025-01.pdf
Haryana,2025,1,January,monthly,4725.0,4725.0,0.0,0.0,False,False,psp_energy_2025-01.pdf
Haryana,2025,1,January,cumulative_fy,61211.0,61182.0,30.0,0.0,False,False,psp_energy_2025-01.pdf
Himachal Pradesh,2025,1,January,monthly,1195.0,1194.0,1.0,0.1,False,False,psp_energy_2025-01.pdf
Himachal Pradesh,2025,1,January,cumulative_fy,11449.0,11413.0,35.0,0.3,False,False,psp_energy_2025-01.pdf
UT of J&K and Ladakh,2025,1,January,monthly,2080.0,2076.0,4.0,0.2,False,False,psp_energy_2025-01.pdf
UT of J&K and Ladakh,2025,1,January,cumulative_fy,16797.0,16712.0,85.0,0.5,False,False,psp_energy_2025-01.pdf
Punjab,2025,1,January,monthly,4753.0,4753.0,0.0,0.0,False,False,psp_energy_2025-01.pdf
Punjab,2025,1,January,cumulative_fy,68289.0,68289.0,0.0,0.0,False,False,psp_energy_2025-01.pdf
Rajasthan,2025,1,January,monthly,10119.0,10119.0,0.0,0.0,False,False,psp_energy_2025-01.pdf
Rajasthan,2025,1,January,cumulative_fy,94899.0,94595.0,304.0,0.3,False,False,psp_energy_2025-01.pdf
Uttar Pradesh,2025,1,January,monthly,11303.0,11301.0,2.0,0.0,False,False,psp_energy_2025-01.pdf
Uttar Pradesh,2025,1,January,cumulative_fy,143660.0,143359.0,301.0,0.2,False,False,psp_energy_2025-01.pdf
Uttarakhand,2025,1,January,monthly,1361.0,1361.0,0.0,0.0,False,False,psp_energy_2025-01.pdf
Uttarakhand,2025,1,January,cumulative_fy,14377.0,14335.0,42.0,0.3,False,False,psp_energy_2025-01.pdf
Others,2025,1,January,monthly,129.0,129.0,0.0,0.0,False,False,psp_energy_2025-01.pdf
Others,2025,1,January,cumulative_fy,1341.0,1212.0,130.0,9.7,False,False,psp_energy_2025-01.pdf
Northern Region,2025,1,January,monthly,38390.0,38381.0,9.0,0.0,True,False,psp_energy_2025-01.pdf
Northern Region,2025,1,January,cumulative_fy,447652.0,446714.0,939.0,0.2,True,False,psp_energy_2025-01.pdf
Chhattisgarh,2025,1,January,monthly,3553.0,3551.0,2.0,0.1,False,False,psp_energy_2025-01.pdf
Chhattisgarh,2025,1,January,cumulative_fy,35048.0,35029.0,19.0,0.1,False,False,psp_energy_2025-01.pdf
Gujarat,2025,1,January,monthly,12537.0,12537.0,0.0,0.0,False,False,psp_energy_2025-01.pdf
Gujarat,2025,1,January,cumulative_fy,126234.0,126234.0,0.0,0.0,False,False,psp_energy_2025-01.pdf
Madhya Pradesh,2025,1,January,monthly,10124.0,10108.0,16.0,0.2,False,False,psp_energy_2025-01.pdf
Madhya Pradesh,2025,1,January,cumulative_fy,85573.0,85462.0,111.0,0.1,False,False,psp_energy_2025-01.pdf
Maharashtra,2025,1,January,monthly,17649.0,17648.0,1.0,0.0,False,False,psp_energy_2025-01.pdf
Maharashtra,2025,1,January,cumulative_fy,165541.0,165482.0,59.0,0.0,False,False,psp_energy_2025-01.pdf
Dadra & Nagar Haveli and Daman & Diu,2025,1,January,monthly,924.0,924.0,0.0,0.0,False,False,psp_energy_2025-01.pdf
Dadra & Nagar Haveli and Daman & Diu,2025,1,January,cumulative_fy,9077.0,9077.0,0.0,0.0,False,False,psp_energy_2025-01.pdf
Goa,2025,1,January,monthly,445.0,445.0,0.0,0.0,False,False,psp_energy_2025-01.pdf
Goa,2025,1,January,cumulative_fy,4480.0,4480.0,0.0,0.0,False,False,psp_energy_2025-01.pdf
Western Region,2025,1,January,monthly,46179.0,46160.0,19.0,0.0,True,False,psp_energy_2025-01.pdf
Western Region,2025,1,January,cumulative_fy,435283.0,435095.0,188.0,0.0,True,False,psp_energy_2025-01.pdf
Andhra Pradesh,2025,1,January,monthly,6333.0,6333.0,0.0,0.0,False,False,psp_energy_2025-01.pdf
Andhra Pradesh,2025,1,January,cumulative_fy,64892.0,64889.0,3.0,0.0,False,False,psp_energy_2025-01.pdf
Telangana,2025,1,January,monthly,8165.0,8165.0,0.0,0.0,False,False,psp_energy_2025-01.pdf
Telangana,2025,1,January,cumulative_fy,70024.0,70020.0,3.0,0.0,False,False,psp_energy_2025-01.pdf
Karnataka,2025,1,January,monthly,8736.0,8736.0,0.0,0.0,False,False,psp_energy_2025-01.pdf
Karnataka,2025,1,January,cumulative_fy,73183.0,73179.0,4.0,0.0,False,False,psp_energy_2025-01.pdf
Kerala,2025,1,January,monthly,2604.0,2604.0,0.0,0.0,False,False,psp_energy_2025-01.pdf
Kerala,2025,1,January,cumulative_fy,26082.0,26074.0,8.0,0.0,False,False,psp_energy_2025-01.pdf
Tamil Nadu,2025,1,January,monthly,9747.0,9747.0,0.0,0.0,False,False,psp_energy_2025-01.pdf
Tamil Nadu,2025,1,January,cumulative_fy,108324.0,108319.0,5.0,0.0,False,False,psp_energy_2025-01.pdf
Puducherry,2025,1,January,monthly,256.0,256.0,0.0,0.0,False,False,psp_energy_2025-01.pdf
Puducherry,2025,1,January,cumulative_fy,2991.0,2991.0,0.0,0.0,False,False,psp_energy_2025-01.pdf
Lakshadweep,2025,1,January,monthly,6.0,6.0,0.0,0.0,False,False,psp_energy_2025-01.pdf
Lakshadweep,2025,1,January,cumulative_fy,56.0,56.0,0.0,0.0,False,False,psp_energy_2025-01.pdf
Southern Region,2025,1,January,monthly,35844.0,35844.0,0.0,0.0,True,False,psp_energy_2025-01.pdf
Southern Region,2025,1,January,cumulative_fy,345534.0,345510.0,23.0,0.0,True,False,psp_energy_2025-01.pdf
Bihar,2025,1,January,monthly,3082.0,3064.0,18.0,0.6,False,False,psp_energy_2025-01.pdf
Bihar,2025,1,January,cumulative_fy,38481.0,38310.0,172.0,0.4,False,False,psp_energy_2025-01.pdf
DVC,2025,1,January,monthly,2176.0,2176.0,0.0,0.0,False,False,psp_energy_2025-01.pdf
DVC,2025,1,January,cumulative_fy,21782.0,21779.0,3.0,0.0,False,False,psp_energy_2025-01.pdf
Jharkhand,2025,1,January,monthly,1214.0,1214.0,0.0,0.0,False,False,psp_energy_2025-01.pdf
Jharkhand,2025,1,January,cumulative_fy,12861.0,12787.0,74.0,0.6,False,False,psp_energy_2025-01.pdf
Odisha,2025,1,January,monthly,3130.0,3130.0,0.0,0.0,False,False,psp_energy_2025-01.pdf
Odisha,2025,1,January,cumulative_fy,36176.0,36152.0,24.0,0.1,False,False,psp_energy_2025-01.pdf
West Bengal,2025,1,January,monthly,4744.0,4742.0,2.0,0.0,False,False,psp_energy_2025-01.pdf
West Bengal,2025,1,January,cumulative_fy,60513.0,60422.0,91.0,0.2,False,False,psp_energy_2025-01.pdf
Sikkim,2025,1,January,monthly,61.0,61.0,0.0,0.0,False,False,psp_energy_2025-01.pdf
Sikkim,2025,1,January,cumulative_fy,462.0,461.0,0.0,0.0,False,False,psp_energy_2025-01.pdf
Andaman & Nicobar,2025,1,January,monthly,35.0,34.0,1.0,2.9,False,False,psp_energy_2025-01.pdf
Andaman & Nicobar,2025,1,January,cumulative_fy,351.0,341.0,10.0,2.9,False,False,psp_energy_2025-01.pdf
Eastern Region,2025,1,January,monthly,14412.0,14391.0,21.0,0.1,True,False,psp_energy_2025-01.pdf
Eastern Region,2025,1,January,cumulative_fy,170321.0,169957.0,363.0,0.2,True,False,psp_energy_2025-01.pdf
Arunachal Pradesh,2025,1,January,monthly,95.0,95.0,0.0,0.0,False,False,psp_energy_2025-01.pdf
Arunachal Pradesh,2025,1,January,cumulative_fy,861.0,861.0,0.0,0.0,False,False,psp_energy_2025-01.pdf
Assam,2025,1,January,monthly,853.0,853.0,0.0,0.0,False,False,psp_energy_2025-01.pdf
Assam,2025,1,January,cumulative_fy,11102.0,11096.0,6.0,0.1,False,False,psp_energy_2025-01.pdf
Manipur,2025,1,January,monthly,114.0,114.0,0.0,0.0,False,False,psp_energy_2025-01.pdf
Manipur,2025,1,January,cumulative_fy,885.0,885.0,0.0,0.0,False,False,psp_energy_2025-01.pdf
Meghalaya,2025,1,January,monthly,204.0,204.0,0.0,0.0,False,False,psp_energy_2025-01.pdf
Meghalaya,2025,1,January,cumulative_fy,1718.0,1718.0,0.0,0.0,False,False,psp_energy_2025-01.pdf
Mizoram,2025,1,January,monthly,70.0,70.0,0.0,0.0,False,False,psp_energy_2025-01.pdf
Mizoram,2025,1,January,cumulative_fy,586.0,586.0,0.0,0.0,False,False,psp_energy_2025-01.pdf
Nagaland,2025,1,January,monthly,75.0,75.0,0.0,0.0,False,False,psp_energy_2025-01.pdf
Nagaland,2025,1,January,cumulative_fy,795.0,795.0,0.0,0.0,False,False,psp_energy_2025-01.pdf
Tripura,2025,1,January,monthly,128.0,128.0,0.0,0.0,False,False,psp_energy_2025-01.pdf
Tripura,2025,1,January,cumulative_fy,1656.0,1655.0,0.0,0.0,False,False,psp_energy_2025-01.pdf
North-Eastern Region,2025,1,January,monthly,1539.0,1539.0,0.0,0.0,True,False,psp_energy_2025-01.pdf
North-Eastern Region,2025,1,January,cumulative_fy,17611.0,17605.0,6.0,0.0,True,False,psp_energy_2025-01.pdf
All India,2025,1,January,monthly,136363.0,136316.0,47.0,0.0,False,True,psp_energy_2025-01.pdf
All India,2025,1,January,cumulative_fy,1416401.0,1414881.0,1520.0,0.1,False,True,psp_energy_2025-01.pdf
Chandigarh,2025,2,February,monthly,108.0,108.0,0.0,0.0,False,False,psp_energy_2025-02.pdf
Chandigarh,2025,2,February,cumulative_fy,1843.0,1843.0,0.0,0.0,False,False,psp_energy_2025-02.pdf
Delhi,2025,2,February,monthly,2041.0,2041.0,0.0,0.0,False,False,psp_energy_2025-02.pdf
Delhi,2025,2,February,cumulative_fy,35936.0,35925.0,12.0,0.0,False,False,psp_energy_2025-02.pdf
Haryana,2025,2,February,monthly,4394.0,4394.0,0.0,0.0,False,False,psp_energy_2025-02.pdf
Haryana,2025,2,February,cumulative_fy,65605.0,65575.0,30.0,0.0,False,False,psp_energy_2025-02.pdf
Himachal Pradesh,2025,2,February,monthly,1061.0,1060.0,2.0,0.1,False,False,psp_energy_2025-02.pdf
Himachal Pradesh,2025,2,February,cumulative_fy,12510.0,12473.0,37.0,0.3,False,False,psp_energy_2025-02.pdf
UT of J&K and Ladakh,2025,2,February,monthly,1730.0,1728.0,2.0,0.1,False,False,psp_energy_2025-02.pdf
UT of J&K and Ladakh,2025,2,February,cumulative_fy,18526.0,18439.0,87.0,0.5,False,False,psp_energy_2025-02.pdf
Punjab,2025,2,February,monthly,4282.0,4282.0,0.0,0.0,False,False,psp_energy_2025-02.pdf
Punjab,2025,2,February,cumulative_fy,72570.0,72570.0,0.0,0.0,False,False,psp_energy_2025-02.pdf
Rajasthan,2025,2,February,monthly,9650.0,9650.0,0.0,0.0,False,False,psp_energy_2025-02.pdf
Rajasthan,2025,2,February,cumulative_fy,104549.0,104245.0,304.0,0.3,False,False,psp_energy_2025-02.pdf
Uttar Pradesh,2025,2,February,monthly,9920.0,9919.0,1.0,0.0,False,False,psp_energy_2025-02.pdf
Uttar Pradesh,2025,2,February,cumulative_fy,153580.0,153278.0,302.0,0.2,False,False,psp_energy_2025-02.pdf
Uttarakhand,2025,2,February,monthly,1183.0,1183.0,0.0,0.0,False,False,psp_energy_2025-02.pdf
Uttarakhand,2025,2,February,cumulative_fy,15560.0,15518.0,42.0,0.3,False,False,psp_energy_2025-02.pdf
Northern Region,2025,2,February,monthly,34477.0,34473.0,4.0,0.0,True,False,psp_energy_2025-02.pdf
Northern Region,2025,2,February,cumulative_fy,482130.0,481187.0,943.0,0.2,True,False,psp_energy_2025-02.pdf
Chhattisgarh,2025,2,February,monthly,3734.0,3726.0,9.0,0.2,False,False,psp_energy_2025-02.pdf
Chhattisgarh,2025,2,February,cumulative_fy,38782.0,38754.0,28.0,0.1,False,False,psp_energy_2025-02.pdf
Gujarat,2025,2,February,monthly,12007.0,12007.0,0.0,0.0,False,False,psp_energy_2025-02.pdf
Gujarat,2025,2,February,cumulative_fy,138241.0,138241.0,0.0,0.0,False,False,psp_energy_2025-02.pdf
Madhya Pradesh,2025,2,February,monthly,9761.0,9748.0,13.0,0.1,False,False,psp_energy_2025-02.pdf
Madhya Pradesh,2025,2,February,cumulative_fy,95334.0,95210.0,124.0,0.1,False,False,psp_energy_2025-02.pdf
Maharashtra,2025,2,February,monthly,16914.0,16914.0,0.0,0.0,False,False,psp_energy_2025-02.pdf
Maharashtra,2025,2,February,cumulative_fy,182455.0,182396.0,59.0,0.0,False,False,psp_energy_2025-02.pdf
Dadra & Nagar Haveli and Daman & Diu,2025,2,February,monthly,850.0,850.0,0.0,0.0,False,False,psp_energy_2025-02.pdf
Dadra & Nagar Haveli and Daman & Diu,2025,2,February,cumulative_fy,9926.0,9926.0,0.0,0.0,False,False,psp_energy_2025-02.pdf
Goa,2025,2,February,monthly,424.0,424.0,0.0,0.0,False,False,psp_energy_2025-02.pdf
Goa,2025,2,February,cumulative_fy,4904.0,4904.0,0.0,0.0,False,False,psp_energy_2025-02.pdf
Western Region,2025,2,February,monthly,44542.0,44520.0,22.0,0.0,True,False,psp_energy_2025-02.pdf
Western Region,2025,2,February,cumulative_fy,479825.0,479615.0,211.0,0.0,True,False,psp_energy_2025-02.pdf
Andhra Pradesh,2025,2,February,monthly,6553.0,6552.0,0.0,0.0,False,False,psp_energy_2025-02.pdf
Andhra Pradesh,2025,2,February,cumulative_fy,71444.0,71441.0,3.0,0.0,False,False,psp_energy_2025-02.pdf
Telangana,2025,2,February,monthly,8410.0,8410.0,0.0,0.0,False,False,psp_energy_2025-02.pdf
Telangana,2025,2,February,cumulative_fy,78434.0,78430.0,4.0,0.0,False,False,psp_energy_2025-02.pdf
Karnataka,2025,2,February,monthly,8872.0,8871.0,0.0,0.0,False,False,psp_energy_2025-02.pdf
Karnataka,2025,2,February,cumulative_fy,82054.0,82050.0,4.0,0.0,False,False,psp_energy_2025-02.pdf
Kerala,2025,2,February,monthly,2521.0,2521.0,0.0,0.0,False,False,psp_energy_2025-02.pdf
Kerala,2025,2,February,cumulative_fy,28603.0,28595.0,8.0,0.0,False,False,psp_energy_2025-02.pdf
Tamil Nadu,2025,2,February,monthly,10187.0,10187.0,0.0,0.0,False,False,psp_energy_2025-02.pdf
Tamil Nadu,2025,2,February,cumulative_fy,118511.0,118506.0,5.0,0.0,False,False,psp_energy_2025-02.pdf
Puducherry,2025,2,February,monthly,253.0,253.0,0.0,0.0,False,False,psp_energy_2025-02.pdf
Puducherry,2025,2,February,cumulative_fy,3244.0,3244.0,0.0,0.0,False,False,psp_energy_2025-02.pdf
Lakshadweep,2025,2,February,monthly,6.0,6.0,0.0,0.0,False,False,psp_energy_2025-02.pdf
Lakshadweep,2025,2,February,cumulative_fy,61.0,61.0,0.0,0.0,False,False,psp_energy_2025-02.pdf
Southern Region,2025,2,February,monthly,36799.0,36798.0,1.0,0.0,True,False,psp_energy_2025-02.pdf
Southern Region,2025,2,February,cumulative_fy,382332.0,382308.0,24.0,0.0,True,False,psp_energy_2025-02.pdf
Bihar,2025,2,February,monthly,2695.0,2693.0,2.0,0.1,False,False,psp_energy_2025-02.pdf
Bihar,2025,2,February,cumulative_fy,41176.0,41002.0,174.0,0.4,False,False,psp_energy_2025-02.pdf
DVC,2025,2,February,monthly,1939.0,1939.0,0.0,0.0,False,False,psp_energy_2025-02.pdf
DVC,2025,2,February,cumulative_fy,23721.0,23718.0,3.0,0.0,False,False,psp_energy_2025-02.pdf
Jharkhand,2025,2,February,monthly,1089.0,1087.0,2.0,0.2,False,False,psp_energy_2025-02.pdf
Jharkhand,2025,2,February,cumulative_fy,13950.0,13874.0,76.0,0.5,False,False,psp_energy_2025-02.pdf
Odisha,2025,2,February,monthly,3023.0,3023.0,0.0,0.0,False,False,psp_energy_2025-02.pdf
Odisha,2025,2,February,cumulative_fy,39199.0,39175.0,24.0,0.1,False,False,psp_energy_2025-02.pdf
West Bengal,2025,2,February,monthly,4579.0,4577.0,2.0,0.0,False,False,psp_energy_2025-02.pdf
West Bengal,2025,2,February,cumulative_fy,65092.0,64999.0,93.0,0.1,False,False,psp_energy_2025-02.pdf
Sikkim,2025,2,February,monthly,58.0,58.0,0.0,0.0,False,False,psp_energy_2025-02.pdf
Sikkim,2025,2,February,cumulative_fy,519.0,519.0,0.0,0.0,False,False,psp_energy_2025-02.pdf
Andaman & Nicobar,2025,2,February,monthly,35.0,34.0,1.0,2.9,False,False,psp_energy_2025-02.pdf
Andaman & Nicobar,2025,2,February,cumulative_fy,386.0,375.0,11.0,2.9,False,False,psp_energy_2025-02.pdf
Eastern Region,2025,2,February,monthly,13388.0,13382.0,6.0,0.0,True,False,psp_energy_2025-02.pdf
Eastern Region,2025,2,February,cumulative_fy,183709.0,183339.0,370.0,0.2,True,False,psp_energy_2025-02.pdf
Arunachal Pradesh,2025,2,February,monthly,94.0,94.0,0.0,0.0,False,False,psp_energy_2025-02.pdf
Arunachal Pradesh,2025,2,February,cumulative_fy,956.0,956.0,0.0,0.0,False,False,psp_energy_2025-02.pdf
Assam,2025,2,February,monthly,795.0,795.0,0.0,0.0,False,False,psp_energy_2025-02.pdf
Assam,2025,2,February,cumulative_fy,11897.0,11891.0,6.0,0.0,False,False,psp_energy_2025-02.pdf
Manipur,2025,2,February,monthly,98.0,93.0,4.0,4.4,False,False,psp_energy_2025-02.pdf
Manipur,2025,2,February,cumulative_fy,983.0,978.0,5.0,0.5,False,False,psp_energy_2025-02.pdf
Meghalaya,2025,2,February,monthly,155.0,155.0,0.0,0.0,False,False,psp_energy_2025-02.pdf
Meghalaya,2025,2,February,cumulative_fy,1874.0,1873.0,0.0,0.0,False,False,psp_energy_2025-02.pdf
Mizoram,2025,2,February,monthly,60.0,60.0,0.0,0.2,False,False,psp_energy_2025-02.pdf
Mizoram,2025,2,February,cumulative_fy,647.0,647.0,0.0,0.0,False,False,psp_energy_2025-02.pdf
Nagaland,2025,2,February,monthly,70.0,70.0,0.0,0.0,False,False,psp_energy_2025-02.pdf
Nagaland,2025,2,February,cumulative_fy,865.0,865.0,0.0,0.0,False,False,psp_energy_2025-02.pdf
Tripura,2025,2,February,monthly,124.0,124.0,0.0,0.0,False,False,psp_energy_2025-02.pdf
Tripura,2025,2,February,cumulative_fy,1779.0,1779.0,0.0,0.0,False,False,psp_energy_2025-02.pdf
North-Eastern Region,2025,2,February,monthly,1397.0,1393.0,4.0,0.3,True,False,psp_energy_2025-02.pdf
North-Eastern Region,2025,2,February,cumulative_fy,19008.0,18998.0,11.0,0.1,True,False,psp_energy_2025-02.pdf
All India,2025,2,February,monthly,130604.0,130565.0,39.0,0.0,False,True,psp_energy_2025-02.pdf
All India,2025,2,February,cumulative_fy,1547005.0,1545446.0,1558.0,0.1,False,True,psp_energy_2025-02.pdf
Chandigarh,2025,3,March,monthly,109.0,109.0,0.0,0.0,False,False,psp_energy_2025-03.pdf
Chandigarh,2025,3,March,cumulative_fy,1952.0,1952.0,0.0,0.0,False,False,psp_energy_2025-03.pdf
Delhi,2025,3,March,monthly,2319.0,2319.0,0.0,0.0,False,False,psp_energy_2025-03.pdf
Delhi,2025,3,March,cumulative_fy,38255.0,38243.0,12.0,0.0,False,False,psp_energy_2025-03.pdf
Haryana,2025,3,March,monthly,4544.0,4544.0,0.0,0.0,False,False,psp_energy_2025-03.pdf
Haryana,2025,3,March,cumulative_fy,70149.0,70120.0,30.0,0.0,False,False,psp_energy_2025-03.pdf
Himachal Pradesh,2025,3,March,monthly,1055.0,1053.0,3.0,0.2,False,False,psp_energy_2025-03.pdf
Himachal Pradesh,2025,3,March,cumulative_fy,13566.0,13526.0,40.0,0.3,False,False,psp_energy_2025-03.pdf
UT of J&K and Ladakh,2025,3,March,monthly,1848.0,1844.0,3.0,0.2,False,False,psp_energy_2025-03.pdf
UT of J&K and Ladakh,2025,3,March,cumulative_fy,20374.0,20283.0,90.0,0.4,False,False,psp_energy_2025-03.pdf
Punjab,2025,3,March,monthly,4853.0,4853.0,0.0,0.0,False,False,psp_energy_2025-03.pdf
Punjab,2025,3,March,cumulative_fy,77423.0,77423.0,0.0,0.0,False,False,psp_energy_2025-03.pdf
Rajasthan,2025,3,March,monthly,9284.0,9284.0,0.0,0.0,False,False,psp_energy_2025-03.pdf
Rajasthan,2025,3,March,cumulative_fy,113833.0,113529.0,304.0,0.3,False,False,psp_energy_2025-03.pdf
Uttar Pradesh,2025,3,March,monthly,11510.0,11507.0,2.0,0.0,False,False,psp_energy_2025-03.pdf
Uttar Pradesh,2025,3,March,cumulative_fy,165090.0,164786.0,304.0,0.2,False,False,psp_energy_2025-03.pdf
Uttarakhand,2025,3,March,monthly,1210.0,1209.0,0.0,0.0,False,False,psp_energy_2025-03.pdf
Uttarakhand,2025,3,March,cumulative_fy,16770.0,16727.0,43.0,0.3,False,False,psp_energy_2025-03.pdf
Northern Region,2025,3,March,monthly,36740.0,36731.0,9.0,0.0,True,False,psp_energy_2025-03.pdf
Northern Region,2025,3,March,cumulative_fy,518869.0,517917.0,952.0,0.2,True,False,psp_energy_2025-03.pdf
Chhattisgarh,2025,3,March,monthly,,,0.0,0.0,False,False,psp_energy_2025-03.pdf
Chhattisgarh,2025,3,March,cumulative_fy,43208.0,43180.0,28.0,0.1,False,False,psp_energy_2025-03.pdf
Gujarat,2025,3,March,monthly,,,3.0,0.0,False,False,psp_energy_2025-03.pdf
Gujarat,2025,3,March,cumulative_fy,151878.0,151875.0,3.0,0.0,False,False,psp_energy_2025-03.pdf
Madhya Pradesh,2025,3,March,monthly,,,10.0,0.1,False,False,psp_energy_2025-03.pdf
Madhya Pradesh,2025,3,March,cumulative_fy,104445.0,104312.0,133.0,0.1,False,False,psp_energy_2025-03.pdf
Maharashtra,2025,3,March,monthly,,,0.0,0.0,False,False,psp_energy_2025-03.pdf
Maharashtra,2025,3,March,cumulative_fy,201816.0,201757.0,59.0,0.0,False,False,psp_energy_2025-03.pdf
Dadra & Nagar Haveli and Daman & Diu,2025,3,March,monthly,,,0.0,0.0,False,False,psp_energy_2025-03.pdf
Dadra & Nagar Haveli and Daman & Diu,2025,3,March,cumulative_fy,10852.0,10852.0,0.0,0.0,False,False,psp_energy_2025-03.pdf
Goa,2025,3,March,monthly,,,0.0,0.0,False,False,psp_energy_2025-03.pdf
Goa,2025,3,March,cumulative_fy,5411.0,5411.0,0.0,0.0,False,False,psp_energy_2025-03.pdf
Western Region,2025,3,March,monthly,,,13.0,0.0,True,False,psp_energy_2025-03.pdf
Western Region,2025,3,March,cumulative_fy,528924.0,528701.0,223.0,0.0,True,False,psp_energy_2025-03.pdf
Andhra Pradesh,2025,3,March,monthly,7584.0,7584.0,0.0,0.0,False,False,psp_energy_2025-03.pdf
Andhra Pradesh,2025,3,March,cumulative_fy,79028.0,79025.0,3.0,0.0,False,False,psp_energy_2025-03.pdf
Telangana,2025,3,March,monthly,9828.0,9828.0,0.0,0.0,False,False,psp_energy_2025-03.pdf
Telangana,2025,3,March,cumulative_fy,88262.0,88258.0,4.0,0.0,False,False,psp_energy_2025-03.pdf
Karnataka,2025,3,March,monthly,10396.0,10396.0,0.0,0.0,False,False,psp_energy_2025-03.pdf
Karnataka,2025,3,March,cumulative_fy,92450.0,92446.0,4.0,0.0,False,False,psp_energy_2025-03.pdf
Kerala,2025,3,March,monthly,3021.0,3021.0,0.0,0.0,False,False,psp_energy_2025-03.pdf
Kerala,2025,3,March,cumulative_fy,31624.0,31616.0,8.0,0.0,False,False,psp_energy_2025-03.pdf
Tamil Nadu,2025,3,March,monthly,11902.0,11902.0,0.0,0.0,False,False,psp_energy_2025-03.pdf
Tamil Nadu,2025,3,March,cumulative_fy,130413.0,130408.0,5.0,0.0,False,False,psp_energy_2025-03.pdf
Puducherry,2025,3,March,monthly,305.0,305.0,0.0,0.0,False,False,psp_energy_2025-03.pdf
Puducherry,2025,3,March,cumulative_fy,3549.0,3549.0,0.0,0.0,False,False,psp_energy_2025-03.pdf
Lakshadweep,2025,3,March,monthly,7.0,7.0,0.0,0.0,False,False,psp_energy_2025-03.pdf
Lakshadweep,2025,3,March,cumulative_fy,68.0,68.0,0.0,0.0,False,False,psp_energy_2025-03.pdf
Southern Region,2025,3,March,monthly,43041.0,43041.0,0.0,0.0,True,False,psp_energy_2025-03.pdf
Southern Region,2025,3,March,cumulative_fy,425373.0,425349.0,24.0,0.0,True,False,psp_energy_2025-03.pdf
Bihar,2025,3,March,monthly,3217.0,3214.0,2.0,0.1,False,False,psp_energy_2025-03.pdf
Bihar,2025,3,March,cumulative_fy,44393.0,44217.0,176.0,0.4,False,False,psp_energy_2025-03.pdf
DVC,2025,3,March,monthly,2170.0,2170.0,0.0,0.0,False,False,psp_energy_2025-03.pdf
DVC,2025,3,March,cumulative_fy,25891.0,25888.0,3.0,0.0,False,False,psp_energy_2025-03.pdf
Jharkhand,2025,3,March,monthly,1253.0,1252.0,1.0,0.1,False,False,psp_energy_2025-03.pdf
Jharkhand,2025,3,March,cumulative_fy,15203.0,15126.0,77.0,0.5,False,False,psp_energy_2025-03.pdf
Odisha,2025,3,March,monthly,3683.0,3683.0,0.0,0.0,False,False,psp_energy_2025-03.pdf
Odisha,2025,3,March,cumulative_fy,42882.0,42858.0,24.0,0.1,False,False,psp_energy_2025-03.pdf
West Bengal,2025,3,March,monthly,6087.0,6086.0,2.0,0.0,False,False,psp_energy_2025-03.pdf
West Bengal,2025,3,March,cumulative_fy,71180.0,71085.0,95.0,0.1,False,False,psp_energy_2025-03.pdf
Sikkim,2025,3,March,monthly,54.0,54.0,0.0,0.0,False,False,psp_energy_2025-03.pdf
Sikkim,2025,3,March,cumulative_fy,574.0,574.0,0.0,0.0,False,False,psp_energy_2025-03.pdf
Andaman & Nicobar,2025,3,March,monthly,39.0,38.0,1.0,2.8,False,False,psp_energy_2025-03.pdf
Andaman & Nicobar,2025,3,March,cumulative_fy,425.0,413.0,12.0,2.9,False,False,psp_energy_2025-03.pdf
Eastern Region,2025,3,March,monthly,16471.0,16466.0,5.0,0.0,True,False,psp_energy_2025-03.pdf
Eastern Region,2025,3,March,cumulative_fy,200180.0,199806.0,374.0,0.2,True,False,psp_energy_2025-03.pdf
Arunachal Pradesh,2025,3,March,monthly,94.0,94.0,0.0,0.0,False,False,psp_energy_2025-03.pdf
Arunachal Pradesh,2025,3,March,cumulative_fy,1050.0,1050.0,0.0,0.0,False,False,psp_energy_2025-03.pdf
Assam,2025,3,March,monthly,946.0,946.0,0.0,0.0,False,False,psp_energy_2025-03.pdf
Assam,2025,3,March,cumulative_fy,12843.0,12837.0,6.0,0.0,False,False,psp_energy_2025-03.pdf
Manipur,2025,3,March,monthly,96.0,90.0,6.0,5.8,False,False,psp_energy_2025-03.pdf
Manipur,2025,3,March,cumulative_fy,1079.0,1068.0,10.0,0.9,False,False,psp_energy_2025-03.pdf
Meghalaya,2025,3,March,monthly,172.0,172.0,0.0,0.0,False,False,psp_energy_2025-03.pdf
Meghalaya,2025,3,March,cumulative_fy,2046.0,2046.0,0.0,0.0,False,False,psp_energy_2025-03.pdf
Mizoram,2025,3,March,monthly,63.0,63.0,0.0,0.0,False,False,psp_energy_2025-03.pdf
Mizoram,2025,3,March,cumulative_fy,709.0,709.0,0.0,0.0,False,False,psp_energy_2025-03.pdf
Nagaland,2025,3,March,monthly,73.0,73.0,0.0,0.0,False,False,psp_energy_2025-03.pdf
Nagaland,2025,3,March,cumulative_fy,938.0,938.0,0.0,0.0,False,False,psp_energy_2025-03.pdf
Tripura,2025,3,March,monthly,159.0,159.0,0.0,0.0,False,False,psp_energy_2025-03.pdf
Tripura,2025,3,March,cumulative_fy,1939.0,1939.0,0.0,0.0,False,False,psp_energy_2025-03.pdf
North-Eastern Region,2025,3,March,monthly,1604.0,1599.0,6.0,0.3,True,False,psp_energy_2025-03.pdf
North-Eastern Region,2025,3,March,cumulative_fy,20613.0,20596.0,16.0,0.1,True,False,psp_energy_2025-03.pdf
All India,2025,3,March,monthly,146955.0,146923.0,32.0,0.0,False,True,psp_energy_2025-03.pdf
All India,2025,3,March,cumulative_fy,1693959.0,1692369.0,1590.0,0.1,False,True,psp_energy_2025-03.pdf
Region,2025,4,April,monthly,,,,,False,True,psp_energy_2025-04.pdf
Chandigarh,2025,4,April,monthly,150.0,150.0,0.0,0.0,False,True,psp_energy_2025-04.pdf
Delhi,2025,4,April,monthly,3181.0,3180.0,1.0,0.0,False,True,psp_energy_2025-04.pdf
Haryana,2025,4,April,monthly,5224.0,5210.0,14.0,0.3,False,True,psp_energy_2025-04.pdf
Himachal Pradesh,2025,4,April,monthly,1022.0,1019.0,3.0,0.3,False,True,psp_energy_2025-04.pdf
UT of J&K and Ladakh,2025,4,April,monthly,1625.0,1624.0,1.0,0.1,False,True,psp_energy_2025-04.pdf
Punjab,2025,4,April,monthly,5247.0,5227.0,20.0,0.4,False,True,psp_energy_2025-04.pdf
Rajasthan,2025,4,April,monthly,8842.0,8842.0,0.0,0.0,False,True,psp_energy_2025-04.pdf
Uttar Pradesh,2025,4,April,monthly,13075.0,13072.0,3.0,0.0,False,True,psp_energy_2025-04.pdf
Uttarakhand,2025,4,April,monthly,1325.0,1317.0,8.0,0.6,False,True,psp_energy_2025-04.pdf
Northern Region,2025,4,April,monthly,39821.0,39772.0,49.0,0.1,False,True,psp_energy_2025-04.pdf
Chhattisgarh,2025,4,April,monthly,4298.0,4298.0,0.0,0.0,False,True,psp_energy_2025-04.pdf
Gujarat,2025,4,April,monthly,14834.0,14834.0,0.0,0.0,False,True,psp_energy_2025-04.pdf
Madhya Pradesh,2025,4,April,monthly,9199.0,9199.0,0.0,0.0,False,True,psp_energy_2025-04.pdf
Maharashtra,2025,4,April,monthly,19769.0,19769.0,0.0,0.0,False,True,psp_energy_2025-04.pdf
Dadra & Nagar Haveli and Daman & Diu,2025,4,April,monthly,963.0,963.0,0.0,0.0,False,True,psp_energy_2025-04.pdf
Goa,2025,4,April,monthly,534.0,534.0,0.0,0.0,False,True,psp_energy_2025-04.pdf
Western Region,2025,4,April,monthly,50786.0,50786.0,0.0,0.0,False,True,psp_energy_2025-04.pdf
Andhra Pradesh,2025,4,April,monthly,7134.0,7134.0,0.0,0.0,False,True,psp_energy_2025-04.pdf
Telangana,2025,4,April,monthly,7354.0,7354.0,0.0,0.0,False,True,psp_energy_2025-04.pdf
Karnataka,2025,4,April,monthly,8780.0,8780.0,0.0,0.0,False,True,psp_energy_2025-04.pdf
Kerala,2025,4,April,monthly,2848.0,2848.0,0.0,0.0,False,True,psp_energy_2025-04.pdf
Tamil Nadu,2025,4,April,monthly,11902.0,11902.0,0.0,0.0,False,True,psp_energy_2025-04.pdf
Puducherry,2025,4,April,monthly,321.0,320.0,1.0,0.3,False,True,psp_energy_2025-04.pdf
Lakshadweep,2025,4,April,monthly,7.0,7.0,0.0,0.0,False,True,psp_energy_2025-04.pdf
Others,2025,4,April,monthly,4.0,4.0,0.0,0.0,False,True,psp_energy_2025-04.pdf
Southern Region,2025,4,April,monthly,38342.0,38341.0,1.0,0.0,False,True,psp_energy_2025-04.pdf
Bihar,2025,4,April,monthly,3644.0,3644.0,0.0,0.0,False,True,psp_energy_2025-04.pdf
DVC,2025,4,April,monthly,2111.0,2111.0,0.0,0.0,False,True,psp_energy_2025-04.pdf
Jharkhand,2025,4,April,monthly,1255.0,1255.0,0.0,0.0,False,True,psp_energy_2025-04.pdf
Odisha,2025,4,April,monthly,3773.0,3773.0,0.0,0.0,False,True,psp_energy_2025-04.pdf
West Bengal,2025,4,April,monthly,6630.0,6630.0,0.0,0.0,False,True,psp_energy_2025-04.pdf
Sikkim,2025,4,April,monthly,46.0,46.0,0.0,0.0,False,True,psp_energy_2025-04.pdf
Andaman & Nicobar,2025,4,April,monthly,37.0,36.0,1.0,2.7,False,True,psp_energy_2025-04.pdf
Eastern Region,2025,4,April,monthly,17464.0,17464.0,0.0,0.0,False,True,psp_energy_2025-04.pdf
Arunachal Pradesh,2025,4,April,monthly,86.0,86.0,0.0,0.0,False,True,psp_energy_2025-04.pdf
Assam,2025,4,April,monthly,1012.0,1012.0,0.0,0.0,False,True,psp_energy_2025-04.pdf
Manipur,2025,4,April,monthly,88.0,86.0,2.0,2.3,False,True,psp_energy_2025-04.pdf
Meghalaya,2025,4,April,monthly,164.0,164.0,0.0,0.0,False,True,psp_energy_2025-04.pdf
Mizoram,2025,4,April,monthly,60.0,60.0,0.0,0.0,False,True,psp_energy_2025-04.pdf
Nagaland,2025,4,April,monthly,76.0,76.0,0.0,0.0,False,True,psp_energy_2025-04.pdf
Tripura,2025,4,April,monthly,166.0,166.0,0.0,0.0,False,True,psp_energy_2025-04.pdf
North-Eastern Region,2025,4,April,monthly,1653.0,1651.0,2.0,0.1,False,True,psp_energy_2025-04.pdf
All India,2025,4,April,monthly,148066.0,148013.0,53.0,0.0,False,True,psp_energy_2025-04.pdf
Chandigarh,2025,5,May,monthly,191.0,191.0,0.0,0.0,False,False,psp_energy_2025-05.pdf
Chandigarh,2025,5,May,cumulative_fy,341.0,341.0,0.0,0.0,False,False,psp_energy_2025-05.pdf
Delhi,2025,5,May,monthly,3880.0,3878.0,2.0,0.1,False,False,psp_energy_2025-05.pdf
Delhi,2025,5,May,cumulative_fy,7061.0,7058.0,3.0,0.0,False,False,psp_energy_2025-05.pdf
Haryana,2025,5,May,monthly,6229.0,6215.0,14.0,0.2,False,False,psp_energy_2025-05.pdf
Haryana,2025,5,May,cumulative_fy,11453.0,11426.0,27.0,0.2,False,False,psp_energy_2025-05.pdf
Himachal Pradesh,2025,5,May,monthly,1161.0,1156.0,5.0,0.4,False,False,psp_energy_2025-05.pdf
Himachal Pradesh,2025,5,May,cumulative_fy,2182.0,2174.0,8.0,0.4,False,False,psp_energy_2025-05.pdf
UT of J&K and Ladakh,2025,5,May,monthly,1557.0,1556.0,1.0,0.1,False,False,psp_energy_2025-05.pdf
UT of J&K and Ladakh,2025,5,May,cumulative_fy,3182.0,3180.0,2.0,0.1,False,False,psp_energy_2025-05.pdf
Punjab,2025,5,May,monthly,6540.0,6535.0,5.0,0.1,False,False,psp_energy_2025-05.pdf
Punjab,2025,5,May,cumulative_fy,11788.0,11763.0,25.0,0.2,False,False,psp_energy_2025-05.pdf
Rajasthan,2025,5,May,monthly,9716.0,9716.0,0.0,0.0,False,False,psp_energy_2025-05.pdf
Rajasthan,2025,5,May,cumulative_fy,18557.0,18557.0,0.0,0.0,False,False,psp_energy_2025-05.pdf
Uttar Pradesh,2025,5,May,monthly,16117.0,16117.0,0.0,0.0,False,False,psp_energy_2025-05.pdf
Uttar Pradesh,2025,5,May,cumulative_fy,29191.0,29189.0,2.0,0.0,False,False,psp_energy_2025-05.pdf
Uttarakhand,2025,5,May,monthly,1531.0,1530.0,1.0,0.1,False,False,psp_energy_2025-05.pdf
Uttarakhand,2025,5,May,cumulative_fy,2856.0,2847.0,9.0,0.3,False,False,psp_energy_2025-05.pdf
Northern Region,2025,5,May,monthly,47061.0,47034.0,27.0,0.1,True,False,psp_energy_2025-05.pdf
Northern Region,2025,5,May,cumulative_fy,86882.0,86806.0,76.0,0.1,True,False,psp_energy_2025-05.pdf
Chhattisgarh,2025,5,May,monthly,3624.0,3624.0,0.0,0.0,False,False,psp_energy_2025-05.pdf
Chhattisgarh,2025,5,May,cumulative_fy,7922.0,7922.0,0.0,0.0,False,False,psp_energy_2025-05.pdf
Gujarat,2025,5,May,monthly,13828.0,13828.0,0.0,0.0,False,False,psp_energy_2025-05.pdf
Gujarat,2025,5,May,cumulative_fy,28661.0,28661.0,0.0,0.0,False,False,psp_energy_2025-05.pdf
Madhya Pradesh,2025,5,May,monthly,8525.0,8523.0,2.0,0.0,False,False,psp_energy_2025-05.pdf
Madhya Pradesh,2025,5,May,cumulative_fy,17724.0,17722.0,2.0,0.0,False,False,psp_energy_2025-05.pdf
Maharashtra,2025,5,May,monthly,17029.0,17027.0,2.0,0.0,False,False,psp_energy_2025-05.pdf
Maharashtra,2025,5,May,cumulative_fy,36798.0,36797.0,1.0,0.0,False,False,psp_energy_2025-05.pdf
Dadra & Nagar Haveli and Daman & Diu,2025,5,May,monthly,948.0,948.0,0.0,0.0,False,False,psp_energy_2025-05.pdf
Dadra & Nagar Haveli and Daman & Diu,2025,5,May,cumulative_fy,1912.0,1912.0,0.0,0.0,False,False,psp_energy_2025-05.pdf
Goa,2025,5,May,monthly,502.0,502.0,0.0,0.0,False,False,psp_energy_2025-05.pdf
Goa,2025,5,May,cumulative_fy,1036.0,1036.0,0.0,0.0,False,False,psp_energy_2025-05.pdf
Western Region,2025,5,May,monthly,45515.0,45512.0,3.0,0.0,True,False,psp_energy_2025-05.pdf
Western Region,2025,5,May,cumulative_fy,96301.0,96298.0,4.0,0.0,True,False,psp_energy_2025-05.pdf
Andhra Pradesh,2025,5,May,monthly,6671.0,6671.0,0.0,0.0,False,False,psp_energy_2025-05.pdf
Andhra Pradesh,2025,5,May,cumulative_fy,13805.0,13805.0,0.0,0.0,False,False,psp_energy_2025-05.pdf
Telangana,2025,5,May,monthly,6042.0,6042.0,0.0,0.0,False,False,psp_energy_2025-05.pdf
Telangana,2025,5,May,cumulative_fy,13395.0,13395.0,0.0,0.0,False,False,psp_energy_2025-05.pdf
Karnataka,2025,5,May,monthly,7343.0,7343.0,0.0,0.0,False,False,psp_energy_2025-05.pdf
Karnataka,2025,5,May,cumulative_fy,16122.0,16122.0,0.0,0.0,False,False,psp_energy_2025-05.pdf
Kerala,2025,5,May,monthly,2758.0,2758.0,0.0,0.0,False,False,psp_energy_2025-05.pdf
Kerala,2025,5,May,cumulative_fy,5606.0,5606.0,0.0,0.0,False,False,psp_energy_2025-05.pdf
Tamil Nadu,2025,5,May,monthly,11383.0,11383.0,0.0,0.0,False,False,psp_energy_2025-05.pdf
Tamil Nadu,2025,5,May,cumulative_fy,23285.0,23285.0,0.0,0.0,False,False,psp_energy_2025-05.pdf
Puducherry,2025,5,May,monthly,316.0,316.0,0.0,0.0,False,False,psp_energy_2025-05.pdf
Puducherry,2025,5,May,cumulative_fy,637.0,635.0,2.0,0.3,False,False,psp_energy_2025-05.pdf
Lakshadweep,2025,5,May,monthly,7.0,7.0,0.0,0.0,False,False,psp_energy_2025-05.pdf
Lakshadweep,2025,5,May,cumulative_fy,14.0,14.0,0.0,0.0,False,False,psp_energy_2025-05.pdf
Southern Region,2025,5,May,monthly,34516.0,34516.0,0.0,0.0,True,False,psp_energy_2025-05.pdf
Southern Region,2025,5,May,cumulative_fy,72859.0,72857.0,2.0,0.0,True,False,psp_energy_2025-05.pdf
Bihar,2025,5,May,monthly,4415.0,4412.0,3.0,0.1,False,False,psp_energy_2025-05.pdf
Bihar,2025,5,May,cumulative_fy,8059.0,8056.0,4.0,0.0,False,False,psp_energy_2025-05.pdf
DVC,2025,5,May,monthly,2178.0,2177.0,1.0,0.0,False,False,psp_energy_2025-05.pdf
DVC,2025,5,May,cumulative_fy,4289.0,4288.0,1.0,0.0,False,False,psp_energy_2025-05.pdf
Jharkhand,2025,5,May,monthly,1350.0,1349.0,1.0,0.1,False,False,psp_energy_2025-05.pdf
Jharkhand,2025,5,May,cumulative_fy,2605.0,2604.0,1.0,0.0,False,False,psp_energy_2025-05.pdf
Odisha,2025,5,May,monthly,4114.0,4112.0,2.0,0.0,False,False,psp_energy_2025-05.pdf
Odisha,2025,5,May,cumulative_fy,7887.0,7885.0,2.0,0.0,False,False,psp_energy_2025-05.pdf
West Bengal,2025,5,May,monthly,6940.0,6922.0,18.0,0.3,False,False,psp_energy_2025-05.pdf
West Bengal,2025,5,May,cumulative_fy,13570.0,13551.0,18.0,0.1,False,False,psp_energy_2025-05.pdf
Sikkim,2025,5,May,monthly,41.0,41.0,0.0,0.0,False,False,psp_energy_2025-05.pdf
Sikkim,2025,5,May,cumulative_fy,86.0,86.0,0.0,0.0,False,False,psp_energy_2025-05.pdf
Andaman & Nicobar,2025,5,May,monthly,37.0,36.0,1.0,2.7,False,False,psp_energy_2025-05.pdf
Andaman & Nicobar,2025,5,May,cumulative_fy,74.0,71.0,2.0,3.2,False,False,psp_energy_2025-05.pdf
Eastern Region,2025,5,May,monthly,19046.0,19020.0,26.0,0.1,True,False,psp_energy_2025-05.pdf
Eastern Region,2025,5,May,cumulative_fy,36510.0,36484.0,26.0,0.1,True,False,psp_energy_2025-05.pdf
Arunachal Pradesh,2025,5,May,monthly,97.0,97.0,0.0,0.0,False,False,psp_energy_2025-05.pdf
Arunachal Pradesh,2025,5,May,cumulative_fy,184.0,184.0,0.0,0.0,False,False,psp_energy_2025-05.pdf
Assam,2025,5,May,monthly,1136.0,1136.0,0.0,0.0,False,False,psp_energy_2025-05.pdf
Assam,2025,5,May,cumulative_fy,2148.0,2148.0,0.0,0.0,False,False,psp_energy_2025-05.pdf
Manipur,2025,5,May,monthly,97.0,97.0,0.0,0.0,False,False,psp_energy_2025-05.pdf
Manipur,2025,5,May,cumulative_fy,185.0,183.0,2.0,1.2,False,False,psp_energy_2025-05.pdf
Meghalaya,2025,5,May,monthly,168.0,168.0,0.0,0.0,False,False,psp_energy_2025-05.pdf
Meghalaya,2025,5,May,cumulative_fy,332.0,332.0,0.0,0.0,False,False,psp_energy_2025-05.pdf
Mizoram,2025,5,May,monthly,60.0,60.0,0.0,0.0,False,False,psp_energy_2025-05.pdf
Mizoram,2025,5,May,cumulative_fy,120.0,120.0,0.0,0.0,False,False,psp_energy_2025-05.pdf
Nagaland,2025,5,May,monthly,82.0,82.0,0.0,0.0,False,False,psp_energy_2025-05.pdf
Nagaland,2025,5,May,cumulative_fy,158.0,158.0,0.0,0.0,False,False,psp_energy_2025-05.pdf
Tripura,2025,5,May,monthly,169.0,169.0,0.0,0.0,False,False,psp_energy_2025-05.pdf
Tripura,2025,5,May,cumulative_fy,335.0,335.0,0.0,0.0,False,False,psp_energy_2025-05.pdf
North-Eastern Region,2025,5,May,monthly,1810.0,1810.0,0.0,0.0,True,False,psp_energy_2025-05.pdf
North-Eastern Region,2025,5,May,cumulative_fy,3463.0,3461.0,2.0,0.1,True,False,psp_energy_2025-05.pdf
All India,2025,5,May,monthly,147948.0,147892.0,56.0,0.0,False,True,psp_energy_2025-05.pdf
All India,2025,5,May,cumulative_fy,296014.0,295905.0,109.0,0.0,False,True,psp_energy_2025-05.pdf
Chandigarh,2025,6,June,monthly,214.0,214.0,0.0,0.0,False,False,psp_energy_2025-06.pdf
Chandigarh,2025,6,June,cumulative_fy,555.0,555.0,0.0,0.0,False,False,psp_energy_2025-06.pdf
Delhi,2025,6,June,monthly,4242.0,4241.0,1.0,0.0,False,False,psp_energy_2025-06.pdf
Delhi,2025,6,June,cumulative_fy,11303.0,11299.0,4.0,0.0,False,False,psp_energy_2025-06.pdf
Haryana,2025,6,June,monthly,7364.0,7331.0,33.0,0.4,False,False,psp_energy_2025-06.pdf
Haryana,2025,6,June,cumulative_fy,18816.0,18757.0,59.0,0.3,False,False,psp_energy_2025-06.pdf
Himachal Pradesh,2025,6,June,monthly,1204.0,1201.0,3.0,0.2,False,False,psp_energy_2025-06.pdf
Himachal Pradesh,2025,6,June,cumulative_fy,3387.0,3375.0,11.0,0.3,False,False,psp_energy_2025-06.pdf
UT of J&K and Ladakh,2025,6,June,monthly,1671.0,1667.0,4.0,0.2,False,False,psp_energy_2025-06.pdf
UT of J&K and Ladakh,2025,6,June,cumulative_fy,4853.0,4847.0,6.0,0.1,False,False,psp_energy_2025-06.pdf
Punjab,2025,6,June,monthly,9097.0,9097.0,0.0,0.0,False,False,psp_energy_2025-06.pdf
Punjab,2025,6,June,cumulative_fy,20885.0,20860.0,25.0,0.1,False,False,psp_energy_2025-06.pdf
Rajasthan,2025,6,June,monthly,9479.0,9479.0,0.0,0.0,False,False,psp_energy_2025-06.pdf
Rajasthan,2025,6,June,cumulative_fy,28036.0,28036.0,0.0,0.0,False,False,psp_energy_2025-06.pdf
Uttar Pradesh,2025,6,June,monthly,16837.0,16833.0,4.0,0.0,False,False,psp_energy_2025-06.pdf
Uttar Pradesh,2025,6,June,cumulative_fy,46028.0,46022.0,6.0,0.0,False,False,psp_energy_2025-06.pdf
Uttarakhand,2025,6,June,monthly,1571.0,1570.0,1.0,0.1,False,False,psp_energy_2025-06.pdf
Uttarakhand,2025,6,June,cumulative_fy,4426.0,4417.0,10.0,0.2,False,False,psp_energy_2025-06.pdf
Northern Region,2025,6,June,monthly,51816.0,51770.0,46.0,0.1,True,False,psp_energy_2025-06.pdf
Northern Region,2025,6,June,cumulative_fy,138697.0,138576.0,121.0,0.1,True,False,psp_energy_2025-06.pdf
Chhattisgarh,2025,6,June,monthly,3552.0,3550.0,2.0,0.1,False,False,psp_energy_2025-06.pdf
Chhattisgarh,2025,6,June,cumulative_fy,11474.0,11472.0,2.0,0.0,False,False,psp_energy_2025-06.pdf
Gujarat,2025,6,June,monthly,13091.0,13091.0,0.0,0.0,False,False,psp_energy_2025-06.pdf
Gujarat,2025,6,June,cumulative_fy,41752.0,41752.0,0.0,0.0,False,False,psp_energy_2025-06.pdf
Madhya Pradesh,2025,6,June,monthly,7444.0,7444.0,0.0,0.0,False,False,psp_energy_2025-06.pdf
Madhya Pradesh,2025,6,June,cumulative_fy,25168.0,25166.0,2.0,0.0,False,False,psp_energy_2025-06.pdf
Maharashtra,2025,6,June,monthly,15597.0,15597.0,0.0,0.0,False,False,psp_energy_2025-06.pdf
Maharashtra,2025,6,June,cumulative_fy,52395.0,52393.0,1.0,0.0,False,False,psp_energy_2025-06.pdf
Dadra & Nagar Haveli and Daman & Diu,2025,6,June,monthly,934.0,934.0,0.0,0.0,False,False,psp_energy_2025-06.pdf
Dadra & Nagar Haveli and Daman & Diu,2025,6,June,cumulative_fy,2845.0,2845.0,0.0,0.0,False,False,psp_energy_2025-06.pdf
Goa,2025,6,June,monthly,450.0,450.0,0.0,0.0,False,False,psp_energy_2025-06.pdf
Goa,2025,6,June,cumulative_fy,1486.0,1486.0,0.0,0.0,False,False,psp_energy_2025-06.pdf
Western Region,2025,6,June,monthly,42170.0,42168.0,2.0,0.0,True,False,psp_energy_2025-06.pdf
Western Region,2025,6,June,cumulative_fy,138472.0,138466.0,6.0,0.0,True,False,psp_energy_2025-06.pdf
Andhra Pradesh,2025,6,June,monthly,6667.0,6667.0,0.0,0.0,False,False,psp_energy_2025-06.pdf
Andhra Pradesh,2025,6,June,cumulative_fy,20471.0,20471.0,0.0,0.0,False,False,psp_energy_2025-06.pdf
Telangana,2025,6,June,monthly,6295.0,6295.0,0.0,0.0,False,False,psp_energy_2025-06.pdf
Telangana,2025,6,June,cumulative_fy,19690.0,19690.0,0.0,0.0,False,False,psp_energy_2025-06.pdf
Karnataka,2025,6,June,monthly,6823.0,6823.0,0.0,0.0,False,False,psp_energy_2025-06.pdf
Karnataka,2025,6,June,cumulative_fy,22945.0,22945.0,0.0,0.0,False,False,psp_energy_2025-06.pdf
Kerala,2025,6,June,monthly,2409.0,2409.0,0.0,0.0,False,False,psp_energy_2025-06.pdf
Kerala,2025,6,June,cumulative_fy,8015.0,8015.0,0.0,0.0,False,False,psp_energy_2025-06.pdf
Tamil Nadu,2025,6,June,monthly,11532.0,11532.0,0.0,0.0,False,False,psp_energy_2025-06.pdf
Tamil Nadu,2025,6,June,cumulative_fy,34817.0,34817.0,0.0,0.0,False,False,psp_energy_2025-06.pdf
Puducherry,2025,6,June,monthly,311.0,311.0,0.0,0.0,False,False,psp_energy_2025-06.pdf
Puducherry,2025,6,June,cumulative_fy,948.0,946.0,2.0,0.2,False,False,psp_energy_2025-06.pdf
Lakshadweep,2025,6,June,monthly,6.0,6.0,0.0,0.0,False,False,psp_energy_2025-06.pdf
Lakshadweep,2025,6,June,cumulative_fy,20.0,20.0,0.0,0.0,False,False,psp_energy_2025-06.pdf
Southern Region,2025,6,June,monthly,34041.0,34041.0,0.0,0.0,True,False,psp_energy_2025-06.pdf
Southern Region,2025,6,June,cumulative_fy,106899.0,106897.0,2.0,0.0,True,False,psp_energy_2025-06.pdf
Bihar,2025,6,June,monthly,4657.0,4657.0,0.0,0.0,False,False,psp_energy_2025-06.pdf
Bihar,2025,6,June,cumulative_fy,12716.0,12713.0,4.0,0.0,False,False,psp_energy_2025-06.pdf
DVC,2025,6,June,monthly,2079.0,2079.0,0.0,0.0,False,False,psp_energy_2025-06.pdf
DVC,2025,6,June,cumulative_fy,6368.0,6367.0,1.0,0.0,False,False,psp_energy_2025-06.pdf
Jharkhand,2025,6,June,monthly,1326.0,1326.0,0.0,0.0,False,False,psp_energy_2025-06.pdf
Jharkhand,2025,6,June,cumulative_fy,3931.0,3930.0,1.0,0.0,False,False,psp_energy_2025-06.pdf
Odisha,2025,6,June,monthly,3942.0,3942.0,0.0,0.0,False,False,psp_energy_2025-06.pdf
Odisha,2025,6,June,cumulative_fy,11830.0,11828.0,2.0,0.0,False,False,psp_energy_2025-06.pdf
West Bengal,2025,6,June,monthly,7075.0,7075.0,0.0,0.0,False,False,psp_energy_2025-06.pdf
West Bengal,2025,6,June,cumulative_fy,20645.0,20626.0,18.0,0.1,False,False,psp_energy_2025-06.pdf
Sikkim,2025,6,June,monthly,42.0,42.0,0.0,0.0,False,False,psp_energy_2025-06.pdf
Sikkim,2025,6,June,cumulative_fy,128.0,128.0,0.0,0.0,False,False,psp_energy_2025-06.pdf
Andaman & Nicobar,2025,6,June,monthly,34.0,33.0,1.0,3.0,False,False,psp_energy_2025-06.pdf
Andaman & Nicobar,2025,6,June,cumulative_fy,107.0,104.0,3.0,2.8,False,False,psp_energy_2025-06.pdf
Eastern Region,2025,6,June,monthly,19127.0,19127.0,0.0,0.0,True,False,psp_energy_2025-06.pdf
Eastern Region,2025,6,June,cumulative_fy,55637.0,55611.0,26.0,0.0,True,False,psp_energy_2025-06.pdf
Arunachal Pradesh,2025,6,June,monthly,99.0,99.0,0.0,0.0,False,False,psp_energy_2025-06.pdf
Arunachal Pradesh,2025,6,June,cumulative_fy,283.0,283.0,0.0,0.0,False,False,psp_energy_2025-06.pdf
Assam,2025,6,June,monthly,1358.0,1358.0,0.0,0.0,False,False,psp_energy_2025-06.pdf
Assam,2025,6,June,cumulative_fy,3506.0,3506.0,0.0,0.0,False,False,psp_energy_2025-06.pdf
Manipur,2025,6,June,monthly,89.0,88.0,1.0,1.1,False,False,psp_energy_2025-06.pdf
Manipur,2025,6,June,cumulative_fy,274.0,272.0,2.0,0.9,False,False,psp_energy_2025-06.pdf
Meghalaya,2025,6,June,monthly,162.0,162.0,0.0,0.0,False,False,psp_energy_2025-06.pdf
Meghalaya,2025,6,June,cumulative_fy,494.0,494.0,0.0,0.0,False,False,psp_energy_2025-06.pdf
Mizoram,2025,6,June,monthly,57.0,57.0,0.0,0.0,False,False,psp_energy_2025-06.pdf
Mizoram,2025,6,June,cumulative_fy,177.0,177.0,0.0,0.0,False,False,psp_energy_2025-06.pdf
Nagaland,2025,6,June,monthly,86.0,86.0,0.0,0.0,False,False,psp_energy_2025-06.pdf
Nagaland,2025,6,June,cumulative_fy,243.0,243.0,0.0,0.0,False,False,psp_energy_2025-06.pdf
Tripura,2025,6,June,monthly,177.0,177.0,0.0,0.0,False,False,psp_energy_2025-06.pdf
Tripura,2025,6,June,cumulative_fy,512.0,512.0,0.0,0.0,False,False,psp_energy_2025-06.pdf
North-Eastern Region,2025,6,June,monthly,2029.0,2029.0,0.0,0.0,True,False,psp_energy_2025-06.pdf
North-Eastern Region,2025,6,June,cumulative_fy,5492.0,5490.0,2.0,0.0,True,False,psp_energy_2025-06.pdf
All India,2025,6,June,monthly,149183.0,149135.0,48.0,0.0,False,True,psp_energy_2025-06.pdf
All India,2025,6,June,cumulative_fy,445197.0,445040.0,157.0,0.0,False,True,psp_energy_2025-06.pdf
Chandigarh,2025,7,July,monthly,212.0,212.0,0.0,0.0,False,False,psp_energy_2025-07.pdf
Chandigarh,2025,7,July,cumulative_fy,767.0,767.0,1.0,0.1,False,False,psp_energy_2025-07.pdf
Delhi,2025,7,July,monthly,4227.0,4227.0,0.0,0.0,False,False,psp_energy_2025-07.pdf
Delhi,2025,7,July,cumulative_fy,15530.0,15526.0,4.0,0.0,False,False,psp_energy_2025-07.pdf
Haryana,2025,7,July,monthly,7948.0,7946.0,2.0,0.0,False,False,psp_energy_2025-07.pdf
Haryana,2025,7,July,cumulative_fy,26764.0,26702.0,62.0,0.2,False,False,psp_energy_2025-07.pdf
Himachal Pradesh,2025,7,July,monthly,1220.0,1215.0,5.0,0.4,False,False,psp_energy_2025-07.pdf
Himachal Pradesh,2025,7,July,cumulative_fy,4607.0,4591.0,16.0,0.4,False,False,psp_energy_2025-07.pdf
UT of J&K and Ladakh,2025,7,July,monthly,1622.0,1621.0,1.0,0.1,False,False,psp_energy_2025-07.pdf
UT of J&K and Ladakh,2025,7,July,cumulative_fy,6475.0,6468.0,7.0,0.1,False,False,psp_energy_2025-07.pdf
Punjab,2025,7,July,monthly,9501.0,9500.0,1.0,0.0,False,False,psp_energy_2025-07.pdf
Punjab,2025,7,July,cumulative_fy,30385.0,30360.0,25.0,0.1,False,False,psp_energy_2025-07.pdf
Rajasthan,2025,7,July,monthly,8553.0,8553.0,0.0,0.0,False,False,psp_energy_2025-07.pdf
Rajasthan,2025,7,July,cumulative_fy,36589.0,36589.0,0.0,0.0,False,False,psp_energy_2025-07.pdf
Uttar Pradesh,2025,7,July,monthly,16998.0,16995.0,3.0,0.0,False,False,psp_energy_2025-07.pdf
Uttar Pradesh,2025,7,July,cumulative_fy,63027.0,63017.0,9.0,0.0,False,False,psp_energy_2025-07.pdf
Uttarakhand,2025,7,July,monthly,1557.0,1551.0,6.0,0.4,False,False,psp_energy_2025-07.pdf
Uttarakhand,2025,7,July,cumulative_fy,5983.0,5968.0,15.0,0.3,False,False,psp_energy_2025-07.pdf
Northern Region,2025,7,July,monthly,51973.0,51955.0,18.0,0.0,True,False,psp_energy_2025-07.pdf
Northern Region,2025,7,July,cumulative_fy,190670.0,190531.0,140.0,0.1,True,False,psp_energy_2025-07.pdf
Chhattisgarh,2025,7,July,monthly,3236.0,3236.0,0.0,0.0,False,False,psp_energy_2025-07.pdf
Chhattisgarh,2025,7,July,cumulative_fy,14710.0,14707.0,3.0,0.0,False,False,psp_energy_2025-07.pdf
Gujarat,2025,7,July,monthly,12522.0,12522.0,0.0,0.0,False,False,psp_energy_2025-07.pdf
Gujarat,2025,7,July,cumulative_fy,54274.0,54274.0,0.0,0.0,False,False,psp_energy_2025-07.pdf
Madhya Pradesh,2025,7,July,monthly,7294.0,7294.0,0.0,0.0,False,False,psp_energy_2025-07.pdf
Madhya Pradesh,2025,7,July,cumulative_fy,32462.0,32460.0,2.0,0.0,False,False,psp_energy_2025-07.pdf
Maharashtra,2025,7,July,monthly,17772.0,17772.0,0.0,0.0,False,False,psp_energy_2025-07.pdf
Maharashtra,2025,7,July,cumulative_fy,70167.0,70166.0,1.0,0.0,False,False,psp_energy_2025-07.pdf
Dadra & Nagar Haveli and Daman & Diu,2025,7,July,monthly,990.0,990.0,0.0,0.0,False,False,psp_energy_2025-07.pdf
Dadra & Nagar Haveli and Daman & Diu,2025,7,July,cumulative_fy,3835.0,3835.0,0.0,0.0,False,False,psp_energy_2025-07.pdf
Goa,2025,7,July,monthly,441.0,441.0,0.0,0.0,False,False,psp_energy_2025-07.pdf
Goa,2025,7,July,cumulative_fy,1927.0,1927.0,0.0,0.0,False,False,psp_energy_2025-07.pdf
Western Region,2025,7,July,monthly,43401.0,43400.0,1.0,0.0,True,False,psp_energy_2025-07.pdf
Western Region,2025,7,July,cumulative_fy,181872.0,181866.0,6.0,0.0,True,False,psp_energy_2025-07.pdf
Andhra Pradesh,2025,7,July,monthly,6922.0,6922.0,0.0,0.0,False,False,psp_energy_2025-07.pdf
Andhra Pradesh,2025,7,July,cumulative_fy,27393.0,27393.0,0.0,0.0,False,False,psp_energy_2025-07.pdf
Telangana,2025,7,July,monthly,7563.0,7563.0,0.0,0.0,False,False,psp_energy_2025-07.pdf
Telangana,2025,7,July,cumulative_fy,27254.0,27254.0,0.0,0.0,False,False,psp_energy_2025-07.pdf
Karnataka,2025,7,July,monthly,7450.0,7450.0,0.0,0.0,False,False,psp_energy_2025-07.pdf
Karnataka,2025,7,July,cumulative_fy,30395.0,30395.0,0.0,0.0,False,False,psp_energy_2025-07.pdf
Kerala,2025,7,July,monthly,2352.0,2352.0,0.0,0.0,False,False,psp_energy_2025-07.pdf
Kerala,2025,7,July,cumulative_fy,10366.0,10366.0,0.0,0.0,False,False,psp_energy_2025-07.pdf
Tamil Nadu,2025,7,July,monthly,12178.0,12178.0,0.0,0.0,False,False,psp_energy_2025-07.pdf
Tamil Nadu,2025,7,July,cumulative_fy,46995.0,46995.0,0.0,0.0,False,False,psp_energy_2025-07.pdf
Puducherry,2025,7,July,monthly,332.0,331.0,1.0,0.3,False,False,psp_energy_2025-07.pdf
Puducherry,2025,7,July,cumulative_fy,1280.0,1278.0,2.0,0.2,False,False,psp_energy_2025-07.pdf
Lakshadweep,2025,7,July,monthly,6.0,6.0,0.0,0.0,False,False,psp_energy_2025-07.pdf
Lakshadweep,2025,7,July,cumulative_fy,25.0,25.0,0.0,0.0,False,False,psp_energy_2025-07.pdf
Southern Region,2025,7,July,monthly,36801.0,36800.0,1.0,0.0,True,False,psp_energy_2025-07.pdf
Southern Region,2025,7,July,cumulative_fy,143700.0,143697.0,2.0,0.0,True,False,psp_energy_2025-07.pdf
Bihar,2025,7,July,monthly,4980.0,4973.0,7.0,0.1,False,False,psp_energy_2025-07.pdf
Bihar,2025,7,July,cumulative_fy,17696.0,17686.0,10.0,0.1,False,False,psp_energy_2025-07.pdf
DVC,2025,7,July,monthly,2074.0,2074.0,0.0,0.0,False,False,psp_energy_2025-07.pdf
DVC,2025,7,July,cumulative_fy,8442.0,8441.0,1.0,0.0,False,False,psp_energy_2025-07.pdf
Jharkhand,2025,7,July,monthly,1316.0,1314.0,2.0,0.2,False,False,psp_energy_2025-07.pdf
Jharkhand,2025,7,July,cumulative_fy,5247.0,5243.0,3.0,0.1,False,False,psp_energy_2025-07.pdf
Odisha,2025,7,July,monthly,4128.0,4128.0,0.0,0.0,False,False,psp_energy_2025-07.pdf
Odisha,2025,7,July,cumulative_fy,15957.0,15955.0,2.0,0.0,False,False,psp_energy_2025-07.pdf
West Bengal,2025,7,July,monthly,6946.0,6937.0,9.0,0.1,False,False,psp_energy_2025-07.pdf
West Bengal,2025,7,July,cumulative_fy,27591.0,27563.0,28.0,0.1,False,False,psp_energy_2025-07.pdf
Sikkim,2025,7,July,monthly,43.0,43.0,0.0,0.0,False,False,psp_energy_2025-07.pdf
Sikkim,2025,7,July,cumulative_fy,171.0,171.0,0.0,0.0,False,False,psp_energy_2025-07.pdf
Andaman & Nicobar,2025,7,July,monthly,37.0,34.0,3.0,8.1,False,False,psp_energy_2025-07.pdf
Andaman & Nicobar,2025,7,July,cumulative_fy,144.0,139.0,5.0,3.8,False,False,psp_energy_2025-07.pdf
Eastern Region,2025,7,July,monthly,19491.0,19472.0,19.0,0.1,True,False,psp_energy_2025-07.pdf
Eastern Region,2025,7,July,cumulative_fy,75128.0,75083.0,45.0,0.1,True,False,psp_energy_2025-07.pdf
Arunachal Pradesh,2025,7,July,monthly,118.0,118.0,0.0,0.0,False,False,psp_energy_2025-07.pdf
Arunachal Pradesh,2025,7,July,cumulative_fy,401.0,401.0,0.0,0.0,False,False,psp_energy_2025-07.pdf
Assam,2025,7,July,monthly,1530.0,1530.0,0.0,0.0,False,False,psp_energy_2025-07.pdf
Assam,2025,7,July,cumulative_fy,5036.0,5036.0,0.0,0.0,False,False,psp_energy_2025-07.pdf
Manipur,2025,7,July,monthly,100.0,100.0,0.0,0.0,False,False,psp_energy_2025-07.pdf
Manipur,2025,7,July,cumulative_fy,373.0,371.0,2.0,0.6,False,False,psp_energy_2025-07.pdf
Meghalaya,2025,7,July,monthly,167.0,167.0,0.0,0.0,False,False,psp_energy_2025-07.pdf
Meghalaya,2025,7,July,cumulative_fy,661.0,661.0,0.0,0.0,False,False,psp_energy_2025-07.pdf
Mizoram,2025,7,July,monthly,63.0,63.0,0.0,0.0,False,False,psp_energy_2025-07.pdf
Mizoram,2025,7,July,cumulative_fy,240.0,240.0,0.0,0.0,False,False,psp_energy_2025-07.pdf
Nagaland,2025,7,July,monthly,97.0,97.0,0.0,0.0,False,False,psp_energy_2025-07.pdf
Nagaland,2025,7,July,cumulative_fy,341.0,341.0,0.0,0.0,False,False,psp_energy_2025-07.pdf
Tripura,2025,7,July,monthly,185.0,185.0,0.0,0.0,False,False,psp_energy_2025-07.pdf
Tripura,2025,7,July,cumulative_fy,697.0,697.0,0.0,0.0,False,False,psp_energy_2025-07.pdf
North-Eastern Region,2025,7,July,monthly,2260.0,2260.0,0.0,0.0,True,False,psp_energy_2025-07.pdf
North-Eastern Region,2025,7,July,cumulative_fy,7752.0,7750.0,2.0,0.0,True,False,psp_energy_2025-07.pdf
All India,2025,7,July,monthly,153925.0,153887.0,38.0,0.0,False,True,psp_energy_2025-07.pdf
All India,2025,7,July,cumulative_fy,599122.0,598927.0,195.0,0.0,False,True,psp_energy_2025-07.pdf
Chandigarh,2025,8,August,monthly,196.0,196.0,0.0,0.0,False,False,psp_energy_2025-08.pdf
Chandigarh,2025,8,August,cumulative_fy,963.0,963.0,1.0,0.1,False,False,psp_energy_2025-08.pdf
Delhi,2025,8,August,monthly,3984.0,3983.0,1.0,0.0,False,False,psp_energy_2025-08.pdf
Delhi,2025,8,August,cumulative_fy,19514.0,19509.0,5.0,0.0,False,False,psp_energy_2025-08.pdf
Haryana,2025,8,August,monthly,7091.0,7088.0,3.0,0.0,False,False,psp_energy_2025-08.pdf
Haryana,2025,8,August,cumulative_fy,33855.0,33791.0,64.0,0.2,False,False,psp_energy_2025-08.pdf
Himachal Pradesh,2025,8,August,monthly,1172.0,1165.0,7.0,0.6,False,False,psp_energy_2025-08.pdf
Himachal Pradesh,2025,8,August,cumulative_fy,5779.0,5756.0,24.0,0.4,False,False,psp_energy_2025-08.pdf
UT of J&K and Ladakh,2025,8,August,monthly,1493.0,1490.0,3.0,0.2,False,False,psp_energy_2025-08.pdf
UT of J&K and Ladakh,2025,8,August,cumulative_fy,7968.0,7958.0,10.0,0.1,False,False,psp_energy_2025-08.pdf
Punjab,2025,8,August,monthly,8280.0,8280.0,0.0,0.0,False,False,psp_energy_2025-08.pdf
Punjab,2025,8,August,cumulative_fy,38666.0,38640.0,25.0,0.1,False,False,psp_energy_2025-08.pdf
Rajasthan,2025,8,August,monthly,9845.0,9845.0,0.0,0.0,False,False,psp_energy_2025-08.pdf
Rajasthan,2025,8,August,cumulative_fy,46435.0,46435.0,0.0,0.0,False,False,psp_energy_2025-08.pdf
Uttar Pradesh,2025,8,August,monthly,16175.0,16175.0,0.0,0.0,False,False,psp_energy_2025-08.pdf
Uttar Pradesh,2025,8,August,cumulative_fy,79202.0,79192.0,9.0,0.0,False,False,psp_energy_2025-08.pdf
Uttarakhand,2025,8,August,monthly,1452.0,1439.0,13.0,0.9,False,False,psp_energy_2025-08.pdf
Uttarakhand,2025,8,August,cumulative_fy,7435.0,7407.0,28.0,0.4,False,False,psp_energy_2025-08.pdf
Northern Region,2025,8,August,monthly,49825.0,49799.0,26.0,0.1,True,False,psp_energy_2025-08.pdf
Northern Region,2025,8,August,cumulative_fy,240495.0,240329.0,166.0,0.1,True,False,psp_energy_2025-08.pdf
Chhattisgarh,2025,8,August,monthly,4076.0,4076.0,0.0,0.0,False,False,psp_energy_2025-08.pdf
Chhattisgarh,2025,8,August,cumulative_fy,18787.0,18783.0,3.0,0.0,False,False,psp_energy_2025-08.pdf
Gujarat,2025,8,August,monthly,13243.0,13243.0,0.0,0.0,False,False,psp_energy_2025-08.pdf
Gujarat,2025,8,August,cumulative_fy,67517.0,67517.0,0.0,0.0,False,False,psp_energy_2025-08.pdf
Madhya Pradesh,2025,8,August,monthly,8051.0,8051.0,0.0,0.0,False,False,psp_energy_2025-08.pdf
Madhya Pradesh,2025,8,August,cumulative_fy,40513.0,40511.0,2.0,0.0,False,False,psp_energy_2025-08.pdf
Maharashtra,2025,8,August,monthly,15601.0,15601.0,0.0,0.0,False,False,psp_energy_2025-08.pdf
Maharashtra,2025,8,August,cumulative_fy,85768.0,85767.0,2.0,0.0,False,False,psp_energy_2025-08.pdf
Dadra & Nagar Haveli and Daman & Diu,2025,8,August,monthly,941.0,941.0,0.0,0.0,False,False,psp_energy_2025-08.pdf
Dadra & Nagar Haveli and Daman & Diu,2025,8,August,cumulative_fy,4776.0,4776.0,0.0,0.0,False,False,psp_energy_2025-08.pdf
Goa,2025,8,August,monthly,428.0,428.0,0.0,0.0,False,False,psp_energy_2025-08.pdf
Goa,2025,8,August,cumulative_fy,2355.0,2355.0,0.0,0.0,False,False,psp_energy_2025-08.pdf
Western Region,2025,8,August,monthly,43483.0,43482.0,1.0,0.0,True,False,psp_energy_2025-08.pdf
Western Region,2025,8,August,cumulative_fy,225356.0,225348.0,8.0,0.0,True,False,psp_energy_2025-08.pdf
Andhra Pradesh,2025,8,August,monthly,6830.0,6830.0,0.0,0.0,False,False,psp_energy_2025-08.pdf
Andhra Pradesh,2025,8,August,cumulative_fy,34223.0,34223.0,0.0,0.0,False,False,psp_energy_2025-08.pdf
Telangana,2025,8,August,monthly,7458.0,7458.0,0.0,0.0,False,False,psp_energy_2025-08.pdf
Telangana,2025,8,August,cumulative_fy,34712.0,34711.0,0.0,0.0,False,False,psp_energy_2025-08.pdf
Karnataka,2025,8,August,monthly,6634.0,6634.0,0.0,0.0,False,False,psp_energy_2025-08.pdf
Karnataka,2025,8,August,cumulative_fy,37029.0,37029.0,0.0,0.0,False,False,psp_energy_2025-08.pdf
Kerala,2025,8,August,monthly,2469.0,2469.0,0.0,0.0,False,False,psp_energy_2025-08.pdf
Kerala,2025,8,August,cumulative_fy,12835.0,12835.0,0.0,0.0,False,False,psp_energy_2025-08.pdf
Tamil Nadu,2025,8,August,monthly,11312.0,11311.0,1.0,0.0,False,False,psp_energy_2025-08.pdf
Tamil Nadu,2025,8,August,cumulative_fy,58306.0,58306.0,0.0,0.0,False,False,psp_energy_2025-08.pdf
Puducherry,2025,8,August,monthly,304.0,303.0,1.0,0.3,False,False,psp_energy_2025-08.pdf
Puducherry,2025,8,August,cumulative_fy,1584.0,1581.0,3.0,0.2,False,False,psp_energy_2025-08.pdf
Lakshadweep,2025,8,August,monthly,6.0,6.0,0.0,0.0,False,False,psp_energy_2025-08.pdf
Lakshadweep,2025,8,August,cumulative_fy,31.0,31.0,0.0,0.0,False,False,psp_energy_2025-08.pdf
Southern Region,2025,8,August,monthly,35011.0,35009.0,2.0,0.0,True,False,psp_energy_2025-08.pdf
Southern Region,2025,8,August,cumulative_fy,178710.0,178706.0,4.0,0.0,True,False,psp_energy_2025-08.pdf
Bihar,2025,8,August,monthly,4800.0,4800.0,0.0,0.0,False,False,psp_energy_2025-08.pdf
Bihar,2025,8,August,cumulative_fy,22496.0,22485.0,10.0,0.0,False,False,psp_energy_2025-08.pdf
DVC,2025,8,August,monthly,2126.0,2126.0,0.0,0.0,False,False,psp_energy_2025-08.pdf
DVC,2025,8,August,cumulative_fy,10568.0,10567.0,1.0,0.0,False,False,psp_energy_2025-08.pdf
Jharkhand,2025,8,August,monthly,1357.0,1357.0,0.0,0.0,False,False,psp_energy_2025-08.pdf
Jharkhand,2025,8,August,cumulative_fy,6603.0,6600.0,3.0,0.1,False,False,psp_energy_2025-08.pdf
Odisha,2025,8,August,monthly,4253.0,4253.0,0.0,0.0,False,False,psp_energy_2025-08.pdf
Odisha,2025,8,August,cumulative_fy,20210.0,20208.0,2.0,0.0,False,False,psp_energy_2025-08.pdf
West Bengal,2025,8,August,monthly,6738.0,6738.0,0.0,0.0,False,False,psp_energy_2025-08.pdf
West Bengal,2025,8,August,cumulative_fy,34329.0,34302.0,28.0,0.1,False,False,psp_energy_2025-08.pdf
Sikkim,2025,8,August,monthly,39.0,39.0,0.0,0.0,False,False,psp_energy_2025-08.pdf
Sikkim,2025,8,August,cumulative_fy,210.0,210.0,0.0,0.0,False,False,psp_energy_2025-08.pdf
Andaman & Nicobar,2025,8,August,monthly,35.0,32.0,3.0,8.6,False,False,psp_energy_2025-08.pdf
Andaman & Nicobar,2025,8,August,cumulative_fy,179.0,170.0,9.0,4.9,False,False,psp_energy_2025-08.pdf
Eastern Region,2025,8,August,monthly,19317.0,19317.0,0.0,0.0,True,False,psp_energy_2025-08.pdf
Eastern Region,2025,8,August,cumulative_fy,94445.0,94400.0,45.0,0.0,True,False,psp_energy_2025-08.pdf
Arunachal Pradesh,2025,8,August,monthly,116.0,116.0,0.0,0.0,False,False,psp_energy_2025-08.pdf
Arunachal Pradesh,2025,8,August,cumulative_fy,516.0,516.0,0.0,0.0,False,False,psp_energy_2025-08.pdf
Assam,2025,8,August,monthly,1439.0,1439.0,0.0,0.0,False,False,psp_energy_2025-08.pdf
Assam,2025,8,August,cumulative_fy,6476.0,6476.0,0.0,0.0,False,False,psp_energy_2025-08.pdf
Manipur,2025,8,August,monthly,95.0,95.0,0.0,0.0,False,False,psp_energy_2025-08.pdf
Manipur,2025,8,August,cumulative_fy,468.0,466.0,2.0,0.5,False,False,psp_energy_2025-08.pdf
Meghalaya,2025,8,August,monthly,169.0,169.0,0.0,0.0,False,False,psp_energy_2025-08.pdf
Meghalaya,2025,8,August,cumulative_fy,830.0,830.0,0.0,0.0,False,False,psp_energy_2025-08.pdf
Mizoram,2025,8,August,monthly,63.0,63.0,0.0,0.0,False,False,psp_energy_2025-08.pdf
Mizoram,2025,8,August,cumulative_fy,303.0,303.0,0.0,0.0,False,False,psp_energy_2025-08.pdf
Nagaland,2025,8,August,monthly,95.0,95.0,0.0,0.0,False,False,psp_energy_2025-08.pdf
Nagaland,2025,8,August,cumulative_fy,435.0,435.0,0.0,0.0,False,False,psp_energy_2025-08.pdf
Tripura,2025,8,August,monthly,181.0,181.0,0.0,0.0,False,False,psp_energy_2025-08.pdf
Tripura,2025,8,August,cumulative_fy,878.0,878.0,0.0,0.0,False,False,psp_energy_2025-08.pdf
North-Eastern Region,2025,8,August,monthly,2158.0,2158.0,0.0,0.0,True,False,psp_energy_2025-08.pdf
North-Eastern Region,2025,8,August,cumulative_fy,9910.0,9908.0,2.0,0.0,True,False,psp_energy_2025-08.pdf
All India,2025,8,August,monthly,149795.0,149765.0,30.0,0.0,False,True,psp_energy_2025-08.pdf
All India,2025,8,August,cumulative_fy,748917.0,748692.0,225.0,0.0,False,True,psp_energy_2025-08.pdf
Chandigarh,2025,9,September,monthly,182.0,182.0,0.0,0.0,False,False,psp_energy_2025-09.pdf
Chandigarh,2025,9,September,cumulative_fy,1145.0,1144.0,1.0,0.0,False,False,psp_energy_2025-09.pdf
Delhi,2025,9,September,monthly,3922.0,3920.0,2.0,0.1,False,False,psp_energy_2025-09.pdf
Delhi,2025,9,September,cumulative_fy,23436.0,23429.0,7.0,0.0,False,False,psp_energy_2025-09.pdf
Haryana,2025,9,September,monthly,6912.0,6911.0,1.0,0.0,False,False,psp_energy_2025-09.pdf
Haryana,2025,9,September,cumulative_fy,40767.0,40702.0,65.0,0.2,False,False,psp_energy_2025-09.pdf
Himachal Pradesh,2025,9,September,monthly,1152.0,1149.0,3.0,0.3,False,False,psp_energy_2025-09.pdf
Himachal Pradesh,2025,9,September,cumulative_fy,6931.0,6905.0,26.0,0.4,False,False,psp_energy_2025-09.pdf
UT of J&K and Ladakh,2025,9,September,monthly,1510.0,1509.0,1.0,0.1,False,False,psp_energy_2025-09.pdf
UT of J&K and Ladakh,2025,9,September,cumulative_fy,9478.0,9468.0,11.0,0.1,False,False,psp_energy_2025-09.pdf
Punjab,2025,9,September,monthly,7450.0,7450.0,0.0,0.0,False,False,psp_energy_2025-09.pdf
Punjab,2025,9,September,cumulative_fy,46116.0,46090.0,25.0,0.1,False,False,psp_energy_2025-09.pdf
Rajasthan,2025,9,September,monthly,8989.0,8989.0,0.0,0.0,False,False,psp_energy_2025-09.pdf
Rajasthan,2025,9,September,cumulative_fy,55423.0,55423.0,0.0,0.0,False,False,psp_energy_2025-09.pdf
Uttar Pradesh,2025,9,September,monthly,16045.0,16040.0,5.0,0.0,False,False,psp_energy_2025-09.pdf
Uttar Pradesh,2025,9,September,cumulative_fy,95247.0,95233.0,14.0,0.0,False,False,psp_energy_2025-09.pdf
Uttarakhand,2025,9,September,monthly,1436.0,1427.0,9.0,0.6,False,False,psp_energy_2025-09.pdf
Uttarakhand,2025,9,September,cumulative_fy,8871.0,8835.0,36.0,0.4,False,False,psp_energy_2025-09.pdf
Northern Region,2025,9,September,monthly,47733.0,47714.0,19.0,0.0,True,False,psp_energy_2025-09.pdf
Northern Region,2025,9,September,cumulative_fy,288228.0,288043.0,185.0,0.1,True,False,psp_energy_2025-09.pdf
Chhattisgarh,2025,9,September,monthly,3725.0,3722.0,3.0,0.1,False,False,psp_energy_2025-09.pdf
Chhattisgarh,2025,9,September,cumulative_fy,22511.0,22505.0,6.0,0.0,False,False,psp_energy_2025-09.pdf
Gujarat,2025,9,September,monthly,13003.0,13003.0,0.0,0.0,False,False,psp_energy_2025-09.pdf
Gujarat,2025,9,September,cumulative_fy,80520.0,80520.0,0.0,0.0,False,False,psp_energy_2025-09.pdf
Madhya Pradesh,2025,9,September,monthly,7834.0,7834.0,0.0,0.0,False,False,psp_energy_2025-09.pdf
Madhya Pradesh,2025,9,September,cumulative_fy,48347.0,48344.0,2.0,0.0,False,False,psp_energy_2025-09.pdf
Maharashtra,2025,9,September,monthly,15020.0,15014.0,6.0,0.0,False,False,psp_energy_2025-09.pdf
Maharashtra,2025,9,September,cumulative_fy,100789.0,100780.0,8.0,0.0,False,False,psp_energy_2025-09.pdf
Dadra & Nagar Haveli and Daman & Diu,2025,9,September,monthly,925.0,925.0,0.0,0.0,False,False,psp_energy_2025-09.pdf
Dadra & Nagar Haveli and Daman & Diu,2025,9,September,cumulative_fy,5701.0,5701.0,0.0,0.0,False,False,psp_energy_2025-09.pdf
Goa,2025,9,September,monthly,429.0,429.0,0.0,0.0,False,False,psp_energy_2025-09.pdf
Goa,2025,9,September,cumulative_fy,2784.0,2784.0,0.0,0.0,False,False,psp_energy_2025-09.pdf
Western Region,2025,9,September,monthly,42025.0,42015.0,10.0,0.0,True,False,psp_energy_2025-09.pdf
Western Region,2025,9,September,cumulative_fy,267381.0,267363.0,17.0,0.0,True,False,psp_energy_2025-09.pdf
Andhra Pradesh,2025,9,September,monthly,6673.0,6672.0,1.0,0.0,False,False,psp_energy_2025-09.pdf
Andhra Pradesh,2025,9,September,cumulative_fy,40896.0,40895.0,1.0,0.0,False,False,psp_energy_2025-09.pdf
Telangana,2025,9,September,monthly,7026.0,7025.0,1.0,0.0,False,False,psp_energy_2025-09.pdf
Telangana,2025,9,September,cumulative_fy,41738.0,41737.0,2.0,0.0,False,False,psp_energy_2025-09.pdf
Karnataka,2025,9,September,monthly,7025.0,7023.0,2.0,0.0,False,False,psp_energy_2025-09.pdf
Karnataka,2025,9,September,cumulative_fy,44054.0,44052.0,2.0,0.0,False,False,psp_energy_2025-09.pdf
Kerala,2025,9,September,monthly,2487.0,2486.0,1.0,0.0,False,False,psp_energy_2025-09.pdf
Kerala,2025,9,September,cumulative_fy,15322.0,15321.0,1.0,0.0,False,False,psp_energy_2025-09.pdf
Tamil Nadu,2025,9,September,monthly,11089.0,11087.0,2.0,0.0,False,False,psp_energy_2025-09.pdf
Tamil Nadu,2025,9,September,cumulative_fy,69395.0,69393.0,2.0,0.0,False,False,psp_energy_2025-09.pdf
Puducherry,2025,9,September,monthly,295.0,294.0,1.0,0.3,False,False,psp_energy_2025-09.pdf
Puducherry,2025,9,September,cumulative_fy,1879.0,1876.0,3.0,0.2,False,False,psp_energy_2025-09.pdf
Lakshadweep,2025,9,September,monthly,6.0,6.0,0.0,0.0,False,False,psp_energy_2025-09.pdf
Lakshadweep,2025,9,September,cumulative_fy,37.0,37.0,0.0,0.0,False,False,psp_energy_2025-09.pdf
Southern Region,2025,9,September,monthly,34599.0,34592.0,7.0,0.0,True,False,psp_energy_2025-09.pdf
Southern Region,2025,9,September,cumulative_fy,213309.0,213298.0,11.0,0.0,True,False,psp_energy_2025-09.pdf
Bihar,2025,9,September,monthly,4891.0,4890.0,1.0,0.0,False,False,psp_energy_2025-09.pdf
Bihar,2025,9,September,cumulative_fy,27387.0,27376.0,11.0,0.0,False,False,psp_energy_2025-09.pdf
DVC,2025,9,September,monthly,2017.0,2017.0,0.0,0.0,False,False,psp_energy_2025-09.pdf
DVC,2025,9,September,cumulative_fy,12585.0,12583.0,1.0,0.0,False,False,psp_energy_2025-09.pdf
Jharkhand,2025,9,September,monthly,1394.0,1394.0,0.0,0.0,False,False,psp_energy_2025-09.pdf
Jharkhand,2025,9,September,cumulative_fy,7998.0,7994.0,4.0,0.0,False,False,psp_energy_2025-09.pdf
Odisha,2025,9,September,monthly,3933.0,3932.0,1.0,0.0,False,False,psp_energy_2025-09.pdf
Odisha,2025,9,September,cumulative_fy,24143.0,24141.0,3.0,0.0,False,False,psp_energy_2025-09.pdf
West Bengal,2025,9,September,monthly,6847.0,6846.0,1.0,0.0,False,False,psp_energy_2025-09.pdf
West Bengal,2025,9,September,cumulative_fy,41176.0,41148.0,28.0,0.1,False,False,psp_energy_2025-09.pdf
Sikkim,2025,9,September,monthly,36.0,36.0,0.0,0.0,False,False,psp_energy_2025-09.pdf
Sikkim,2025,9,September,cumulative_fy,247.0,247.0,0.0,0.0,False,False,psp_energy_2025-09.pdf
Andaman & Nicobar,2025,9,September,monthly,35.0,32.0,3.0,8.6,False,False,psp_energy_2025-09.pdf
Andaman & Nicobar,2025,9,September,cumulative_fy,214.0,202.0,12.0,5.7,False,False,psp_energy_2025-09.pdf
Eastern Region,2025,9,September,monthly,19122.0,19119.0,3.0,0.0,True,False,psp_energy_2025-09.pdf
Eastern Region,2025,9,September,cumulative_fy,113567.0,113520.0,47.0,0.0,True,False,psp_energy_2025-09.pdf
Arunachal Pradesh,2025,9,September,monthly,115.0,114.0,1.0,0.9,False,False,psp_energy_2025-09.pdf
Arunachal Pradesh,2025,9,September,cumulative_fy,631.0,631.0,0.0,0.0,False,False,psp_energy_2025-09.pdf
Assam,2025,9,September,monthly,1422.0,1422.0,0.0,0.0,False,False,psp_energy_2025-09.pdf
Assam,2025,9,September,cumulative_fy,7898.0,7898.0,0.0,0.0,False,False,psp_energy_2025-09.pdf
Manipur,2025,9,September,monthly,93.0,92.0,1.0,1.1,False,False,psp_energy_2025-09.pdf
Manipur,2025,9,September,cumulative_fy,561.0,558.0,2.0,0.4,False,False,psp_energy_2025-09.pdf
Meghalaya,2025,9,September,monthly,169.0,169.0,0.0,0.0,False,False,psp_energy_2025-09.pdf
Meghalaya,2025,9,September,cumulative_fy,999.0,999.0,0.0,0.0,False,False,psp_energy_2025-09.pdf
Mizoram,2025,9,September,monthly,62.0,62.0,0.0,0.0,False,False,psp_energy_2025-09.pdf
Mizoram,2025,9,September,cumulative_fy,365.0,365.0,0.0,0.0,False,False,psp_energy_2025-09.pdf
Nagaland,2025,9,September,monthly,92.0,92.0,0.0,0.0,False,False,psp_energy_2025-09.pdf
Nagaland,2025,9,September,cumulative_fy,527.0,527.0,0.0,0.0,False,False,psp_energy_2025-09.pdf
Tripura,2025,9,September,monthly,188.0,188.0,0.0,0.0,False,False,psp_energy_2025-09.pdf
Tripura,2025,9,September,cumulative_fy,1066.0,1066.0,0.0,0.0,False,False,psp_energy_2025-09.pdf
North-Eastern Region,2025,9,September,monthly,2220.0,2220.0,0.0,0.0,True,False,psp_energy_2025-09.pdf
North-Eastern Region,2025,9,September,cumulative_fy,12130.0,12128.0,3.0,0.0,True,False,psp_energy_2025-09.pdf
All India,2025,9,September,monthly,145698.0,145660.0,38.0,0.0,False,True,psp_energy_2025-09.pdf
All India,2025,9,September,cumulative_fy,894615.0,894352.0,262.0,0.0,False,True,psp_energy_2025-09.pdf
Chandigarh,2025,10,October,monthly,132.0,132.0,0.0,0.0,False,False,psp_energy_2025-10.pdf
Chandigarh,2025,10,October,cumulative_fy,1277.0,1276.0,1.0,0.0,False,False,psp_energy_2025-10.pdf
Delhi,2025,10,October,monthly,2828.0,2828.0,0.0,0.0,False,False,psp_energy_2025-10.pdf
Delhi,2025,10,October,cumulative_fy,26264.0,26257.0,7.0,0.0,False,False,psp_energy_2025-10.pdf
Haryana,2025,10,October,monthly,5454.0,5454.0,0.0,0.0,False,False,psp_energy_2025-10.pdf
Haryana,2025,10,October,cumulative_fy,46221.0,46156.0,65.0,0.1,False,False,psp_energy_2025-10.pdf
Himachal Pradesh,2025,10,October,monthly,1057.0,1054.0,3.0,0.3,False,False,psp_energy_2025-10.pdf
Himachal Pradesh,2025,10,October,cumulative_fy,7988.0,7958.0,30.0,0.4,False,False,psp_energy_2025-10.pdf
UT of J&K and Ladakh,2025,10,October,monthly,1586.0,1586.0,0.0,0.0,False,False,psp_energy_2025-10.pdf
UT of J&K and Ladakh,2025,10,October,cumulative_fy,11064.0,11053.0,11.0,0.1,False,False,psp_energy_2025-10.pdf
Punjab,2025,10,October,monthly,5343.0,5343.0,0.0,0.0,False,False,psp_energy_2025-10.pdf
Punjab,2025,10,October,cumulative_fy,51459.0,51433.0,26.0,0.0,False,False,psp_energy_2025-10.pdf
Rajasthan,2025,10,October,monthly,8003.0,8003.0,0.0,0.0,False,False,psp_energy_2025-10.pdf
Rajasthan,2025,10,October,cumulative_fy,63426.0,63426.0,0.0,0.0,False,False,psp_energy_2025-10.pdf
Uttar Pradesh,2025,10,October,monthly,12648.0,12636.0,12.0,0.1,False,False,psp_energy_2025-10.pdf
Uttar Pradesh,2025,10,October,cumulative_fy,107894.0,107869.0,26.0,0.0,False,False,psp_energy_2025-10.pdf
Uttarakhand,2025,10,October,monthly,1219.0,1214.0,5.0,0.4,False,False,psp_energy_2025-10.pdf
Uttarakhand,2025,10,October,cumulative_fy,10090.0,10049.0,41.0,0.4,False,False,psp_energy_2025-10.pdf
Northern Region,2025,10,October,monthly,38413.0,38392.0,21.0,0.1,True,False,psp_energy_2025-10.pdf
Northern Region,2025,10,October,cumulative_fy,326641.0,326436.0,206.0,0.1,True,False,psp_energy_2025-10.pdf
Chhattisgarh,2025,10,October,monthly,3116.0,3116.0,0.0,0.0,False,False,psp_energy_2025-10.pdf
Chhattisgarh,2025,10,October,cumulative_fy,25627.0,25621.0,6.0,0.0,False,False,psp_energy_2025-10.pdf
Gujarat,2025,10,October,monthly,12065.0,12065.0,0.0,0.0,False,False,psp_energy_2025-10.pdf
Gujarat,2025,10,October,cumulative_fy,92585.0,92585.0,0.0,0.0,False,False,psp_energy_2025-10.pdf
Madhya Pradesh,2025,10,October,monthly,7476.0,7476.0,0.0,0.0,False,False,psp_energy_2025-10.pdf
Madhya Pradesh,2025,10,October,cumulative_fy,55823.0,55820.0,2.0,0.0,False,False,psp_energy_2025-10.pdf
Maharashtra,2025,10,October,monthly,15399.0,15399.0,0.0,0.0,False,False,psp_energy_2025-10.pdf
Maharashtra,2025,10,October,cumulative_fy,116187.0,116179.0,8.0,0.0,False,False,psp_energy_2025-10.pdf
Dadra & Nagar Haveli and Daman & Diu,2025,10,October,monthly,905.0,905.0,0.0,0.0,False,False,psp_energy_2025-10.pdf
Dadra & Nagar Haveli and Daman & Diu,2025,10,October,cumulative_fy,6606.0,6606.0,0.0,0.0,False,False,psp_energy_2025-10.pdf
Goa,2025,10,October,monthly,448.0,448.0,0.0,0.0,False,False,psp_energy_2025-10.pdf
Goa,2025,10,October,cumulative_fy,3232.0,3232.0,0.0,0.0,False,False,psp_energy_2025-10.pdf
Western Region,2025,10,October,monthly,40562.0,40562.0,0.0,0.0,True,False,psp_energy_2025-10.pdf
Western Region,2025,10,October,cumulative_fy,307943.0,307926.0,17.0,0.0,True,False,psp_energy_2025-10.pdf
Andhra Pradesh,2025,10,October,monthly,6235.0,6234.0,1.0,0.0,False,False,psp_energy_2025-10.pdf
Andhra Pradesh,2025,10,October,cumulative_fy,47132.0,47128.0,3.0,0.0,False,False,psp_energy_2025-10.pdf
Telangana,2025,10,October,monthly,6582.0,6580.0,2.0,0.0,False,False,psp_energy_2025-10.pdf
Telangana,2025,10,October,cumulative_fy,48320.0,48317.0,4.0,0.0,False,False,psp_energy_2025-10.pdf
Karnataka,2025,10,October,monthly,6890.0,6887.0,3.0,0.0,False,False,psp_energy_2025-10.pdf
Karnataka,2025,10,October,cumulative_fy,50944.0,50939.0,6.0,0.0,False,False,psp_energy_2025-10.pdf
Kerala,2025,10,October,monthly,2614.0,2613.0,1.0,0.0,False,False,psp_energy_2025-10.pdf
Kerala,2025,10,October,cumulative_fy,17935.0,17934.0,1.0,0.0,False,False,psp_energy_2025-10.pdf
Tamil Nadu,2025,10,October,monthly,10171.0,10168.0,3.0,0.0,False,False,psp_energy_2025-10.pdf
Tamil Nadu,2025,10,October,cumulative_fy,79567.0,79562.0,5.0,0.0,False,False,psp_energy_2025-10.pdf
Puducherry,2025,10,October,monthly,285.0,285.0,0.0,0.0,False,False,psp_energy_2025-10.pdf
Puducherry,2025,10,October,cumulative_fy,2164.0,2161.0,3.0,0.1,False,False,psp_energy_2025-10.pdf
Lakshadweep,2025,10,October,monthly,6.0,6.0,0.0,0.0,False,False,psp_energy_2025-10.pdf
Lakshadweep,2025,10,October,cumulative_fy,42.0,42.0,0.0,0.0,False,False,psp_energy_2025-10.pdf
Southern Region,2025,10,October,monthly,32782.0,32771.0,11.0,0.0,True,False,psp_energy_2025-10.pdf
Southern Region,2025,10,October,cumulative_fy,246091.0,246069.0,22.0,0.0,True,False,psp_energy_2025-10.pdf
Bihar,2025,10,October,monthly,3954.0,3953.0,1.0,0.0,False,False,psp_energy_2025-10.pdf
Bihar,2025,10,October,cumulative_fy,31340.0,31329.0,12.0,0.0,False,False,psp_energy_2025-10.pdf
DVC,2025,10,October,monthly,2036.0,2035.0,1.0,0.0,False,False,psp_energy_2025-10.pdf
DVC,2025,10,October,cumulative_fy,14620.0,14619.0,2.0,0.0,False,False,psp_energy_2025-10.pdf
Jharkhand,2025,10,October,monthly,1300.0,1300.0,0.0,0.0,False,False,psp_energy_2025-10.pdf
Jharkhand,2025,10,October,cumulative_fy,9298.0,9294.0,4.0,0.0,False,False,psp_energy_2025-10.pdf
Odisha,2025,10,October,monthly,3753.0,3752.0,1.0,0.0,False,False,psp_energy_2025-10.pdf
Odisha,2025,10,October,cumulative_fy,27896.0,27893.0,3.0,0.0,False,False,psp_energy_2025-10.pdf
West Bengal,2025,10,October,monthly,6307.0,6305.0,2.0,0.0,False,False,psp_energy_2025-10.pdf
West Bengal,2025,10,October,cumulative_fy,47483.0,47453.0,30.0,0.1,False,False,psp_energy_2025-10.pdf
Sikkim,2025,10,October,monthly,35.0,35.0,0.0,0.0,False,False,psp_energy_2025-10.pdf
Sikkim,2025,10,October,cumulative_fy,282.0,282.0,0.0,0.0,False,False,psp_energy_2025-10.pdf
Andaman & Nicobar,2025,10,October,monthly,33.0,31.0,2.0,6.0,False,False,psp_energy_2025-10.pdf
Andaman & Nicobar,2025,10,October,cumulative_fy,247.0,232.0,15.0,6.0,False,False,psp_energy_2025-10.pdf
Eastern Region,2025,10,October,monthly,17389.0,17385.0,4.0,0.0,True,False,psp_energy_2025-10.pdf
Eastern Region,2025,10,October,cumulative_fy,130955.0,130904.0,51.0,0.0,True,False,psp_energy_2025-10.pdf
Arunachal Pradesh,2025,10,October,monthly,96.0,96.0,0.0,0.0,False,False,psp_energy_2025-10.pdf
Arunachal Pradesh,2025,10,October,cumulative_fy,727.0,727.0,0.0,0.0,False,False,psp_energy_2025-10.pdf
Assam,2025,10,October,monthly,1263.0,1262.0,1.0,0.1,False,False,psp_energy_2025-10.pdf
Assam,2025,10,October,cumulative_fy,9161.0,9161.0,0.0,0.0,False,False,psp_energy_2025-10.pdf
Manipur,2025,10,October,monthly,96.0,96.0,0.0,0.0,False,False,psp_energy_2025-10.pdf
Manipur,2025,10,October,cumulative_fy,657.0,654.0,3.0,0.4,False,False,psp_energy_2025-10.pdf
Meghalaya,2025,10,October,monthly,173.0,173.0,0.0,0.0,False,False,psp_energy_2025-10.pdf
Meghalaya,2025,10,October,cumulative_fy,1172.0,1172.0,0.0,0.0,False,False,psp_energy_2025-10.pdf
Mizoram,2025,10,October,monthly,63.0,63.0,0.0,0.0,False,False,psp_energy_2025-10.pdf
Mizoram,2025,10,October,cumulative_fy,427.0,427.0,0.0,0.0,False,False,psp_energy_2025-10.pdf
Nagaland,2025,10,October,monthly,90.0,90.0,0.0,0.0,False,False,psp_energy_2025-10.pdf
Nagaland,2025,10,October,cumulative_fy,618.0,618.0,0.0,0.0,False,False,psp_energy_2025-10.pdf
Tripura,2025,10,October,monthly,187.0,187.0,0.0,0.0,False,False,psp_energy_2025-10.pdf
Tripura,2025,10,October,cumulative_fy,1253.0,1253.0,0.0,0.0,False,False,psp_energy_2025-10.pdf
North-Eastern Region,2025,10,October,monthly,1968.0,1967.0,1.0,0.1,True,False,psp_energy_2025-10.pdf
North-Eastern Region,2025,10,October,cumulative_fy,14098.0,14095.0,3.0,0.0,True,False,psp_energy_2025-10.pdf
All India,2025,10,October,monthly,131114.0,131077.0,37.0,0.0,False,True,psp_energy_2025-10.pdf
All India,2025,10,October,cumulative_fy,1025728.0,1025430.0,299.0,0.0,False,True,psp_energy_2025-10.pdf
Chandigarh,2025,11,November,monthly,106.0,106.0,0.0,0.0,False,False,psp_energy_2025-11.pdf
Chandigarh,2025,11,November,cumulative_fy,1383.0,1382.0,1.0,0.0,False,False,psp_energy_2025-11.pdf
Delhi,2025,11,November,monthly,2246.0,2246.0,0.0,0.0,False,False,psp_energy_2025-11.pdf
Delhi,2025,11,November,cumulative_fy,28510.0,28503.0,7.0,0.0,False,False,psp_energy_2025-11.pdf
Haryana,2025,11,November,monthly,4551.0,4551.0,0.0,0.0,False,False,psp_energy_2025-11.pdf
Haryana,2025,11,November,cumulative_fy,50772.0,50707.0,65.0,0.1,False,False,psp_energy_2025-11.pdf
Himachal Pradesh,2025,11,November,monthly,1125.0,1124.0,1.0,0.1,False,False,psp_energy_2025-11.pdf
Himachal Pradesh,2025,11,November,cumulative_fy,9114.0,9082.0,31.0,0.3,False,False,psp_energy_2025-11.pdf
UT of J&K and Ladakh,2025,11,November,monthly,1786.0,1786.0,0.0,0.0,False,False,psp_energy_2025-11.pdf
UT of J&K and Ladakh,2025,11,November,cumulative_fy,12850.0,12839.0,11.0,0.1,False,False,psp_energy_2025-11.pdf
Punjab,2025,11,November,monthly,4381.0,4380.0,1.0,0.0,False,False,psp_energy_2025-11.pdf
Punjab,2025,11,November,cumulative_fy,55840.0,55813.0,27.0,0.0,False,False,psp_energy_2025-11.pdf
Rajasthan,2025,11,November,monthly,8967.0,8967.0,0.0,0.0,False,False,psp_energy_2025-11.pdf
Rajasthan,2025,11,November,cumulative_fy,72393.0,72393.0,0.0,0.0,False,False,psp_energy_2025-11.pdf
Uttar Pradesh,2025,11,November,monthly,9856.0,9856.0,0.0,0.0,False,False,psp_energy_2025-11.pdf
Uttar Pradesh,2025,11,November,cumulative_fy,117751.0,117725.0,26.0,0.0,False,False,psp_energy_2025-11.pdf
Uttarakhand,2025,11,November,monthly,1175.0,1173.0,2.0,0.2,False,False,psp_energy_2025-11.pdf
Uttarakhand,2025,11,November,cumulative_fy,11265.0,11222.0,43.0,0.4,False,False,psp_energy_2025-11.pdf
Northern Region,2025,11,November,monthly,34321.0,34317.0,4.0,0.0,True,False,psp_energy_2025-11.pdf
Northern Region,2025,11,November,cumulative_fy,360963.0,360753.0,210.0,0.1,True,False,psp_energy_2025-11.pdf
Chhattisgarh,2025,11,November,monthly,2750.0,2749.0,1.0,0.0,False,False,psp_energy_2025-11.pdf
Chhattisgarh,2025,11,November,cumulative_fy,28377.0,28370.0,7.0,0.0,False,False,psp_energy_2025-11.pdf
Gujarat,2025,11,November,monthly,11890.0,11890.0,0.0,0.0,False,False,psp_energy_2025-11.pdf
Gujarat,2025,11,November,cumulative_fy,104475.0,104475.0,0.0,0.0,False,False,psp_energy_2025-11.pdf
Madhya Pradesh,2025,11,November,monthly,8499.0,8499.0,0.0,0.0,False,False,psp_energy_2025-11.pdf
Madhya Pradesh,2025,11,November,cumulative_fy,64321.0,64319.0,2.0,0.0,False,False,psp_energy_2025-11.pdf
Maharashtra,2025,11,November,monthly,15494.0,15494.0,0.0,0.0,False,False,psp_energy_2025-11.pdf
Maharashtra,2025,11,November,cumulative_fy,131682.0,131673.0,9.0,0.0,False,False,psp_energy_2025-11.pdf
Dadra & Nagar Haveli and Daman & Diu,2025,11,November,monthly,896.0,896.0,0.0,0.0,False,False,psp_energy_2025-11.pdf
Dadra & Nagar Haveli and Daman & Diu,2025,11,November,cumulative_fy,7502.0,7502.0,0.0,0.0,False,False,psp_energy_2025-11.pdf
Goa,2025,11,November,monthly,431.0,431.0,0.0,0.0,False,False,psp_energy_2025-11.pdf
Goa,2025,11,November,cumulative_fy,3663.0,3663.0,0.0,0.0,False,False,psp_energy_2025-11.pdf
Western Region,2025,11,November,monthly,41095.0,41094.0,1.0,0.0,True,False,psp_energy_2025-11.pdf
Western Region,2025,11,November,cumulative_fy,349038.0,349019.0,18.0,0.0,True,False,psp_energy_2025-11.pdf
Andhra Pradesh,2025,11,November,monthly,6089.0,6088.0,1.0,0.0,False,False,psp_energy_2025-11.pdf
Andhra Pradesh,2025,11,November,cumulative_fy,53221.0,53216.0,5.0,0.0,False,False,psp_energy_2025-11.pdf
Telangana,2025,11,November,monthly,5575.0,5573.0,2.0,0.0,False,False,psp_energy_2025-11.pdf
Telangana,2025,11,November,cumulative_fy,53895.0,53890.0,6.0,0.0,False,False,psp_energy_2025-11.pdf
Karnataka,2025,11,November,monthly,7910.0,7908.0,2.0,0.0,False,False,psp_energy_2025-11.pdf
Karnataka,2025,11,November,cumulative_fy,58855.0,58847.0,8.0,0.0,False,False,psp_energy_2025-11.pdf
Kerala,2025,11,November,monthly,2513.0,2512.0,1.0,0.0,False,False,psp_energy_2025-11.pdf
Kerala,2025,11,November,cumulative_fy,20448.0,20446.0,2.0,0.0,False,False,psp_energy_2025-11.pdf
Tamil Nadu,2025,11,November,monthly,10118.0,10115.0,3.0,0.0,False,False,psp_energy_2025-11.pdf
Tamil Nadu,2025,11,November,cumulative_fy,89685.0,89677.0,8.0,0.0,False,False,psp_energy_2025-11.pdf
Puducherry,2025,11,November,monthly,264.0,264.0,0.0,0.0,False,False,psp_energy_2025-11.pdf
Puducherry,2025,11,November,cumulative_fy,2428.0,2424.0,3.0,0.1,False,False,psp_energy_2025-11.pdf
Lakshadweep,2025,11,November,monthly,6.0,6.0,0.0,0.0,False,False,psp_energy_2025-11.pdf
Lakshadweep,2025,11,November,cumulative_fy,48.0,48.0,0.0,0.0,False,False,psp_energy_2025-11.pdf
Southern Region,2025,11,November,monthly,32473.0,32464.0,9.0,0.0,True,False,psp_energy_2025-11.pdf
Southern Region,2025,11,November,cumulative_fy,278564.0,278533.0,31.0,0.0,True,False,psp_energy_2025-11.pdf
Bihar,2025,11,November,monthly,2775.0,2774.0,1.0,0.0,False,False,psp_energy_2025-11.pdf
Bihar,2025,11,November,cumulative_fy,34115.0,34102.0,13.0,0.0,False,False,psp_energy_2025-11.pdf
DVC,2025,11,November,monthly,1908.0,1907.0,1.0,0.1,False,False,psp_energy_2025-11.pdf
DVC,2025,11,November,cumulative_fy,16528.0,16526.0,2.0,0.0,False,False,psp_energy_2025-11.pdf
Jharkhand,2025,11,November,monthly,1154.0,1154.0,0.0,0.0,False,False,psp_energy_2025-11.pdf
Jharkhand,2025,11,November,cumulative_fy,10452.0,10448.0,4.0,0.0,False,False,psp_energy_2025-11.pdf
Odisha,2025,11,November,monthly,3109.0,3108.0,1.0,0.0,False,False,psp_energy_2025-11.pdf
Odisha,2025,11,November,cumulative_fy,31005.0,31001.0,4.0,0.0,False,False,psp_energy_2025-11.pdf
West Bengal,2025,11,November,monthly,4660.0,4658.0,2.0,0.0,False,False,psp_energy_2025-11.pdf
West Bengal,2025,11,November,cumulative_fy,52143.0,52111.0,31.0,0.1,False,False,psp_energy_2025-11.pdf
Sikkim,2025,11,November,monthly,42.0,42.0,0.0,0.0,False,False,psp_energy_2025-11.pdf
Sikkim,2025,11,November,cumulative_fy,325.0,325.0,0.0,0.0,False,False,psp_energy_2025-11.pdf
Andaman & Nicobar,2025,11,November,monthly,34.0,33.0,1.0,2.9,False,False,psp_energy_2025-11.pdf
Andaman & Nicobar,2025,11,November,cumulative_fy,282.0,266.0,16.0,5.7,False,False,psp_energy_2025-11.pdf
Eastern Region,2025,11,November,monthly,13653.0,13648.0,5.0,0.0,True,False,psp_energy_2025-11.pdf
Eastern Region,2025,11,November,cumulative_fy,144608.0,144552.0,56.0,0.0,True,False,psp_energy_2025-11.pdf
Arunachal Pradesh,2025,11,November,monthly,86.0,86.0,0.0,0.0,False,False,psp_energy_2025-11.pdf
Arunachal Pradesh,2025,11,November,cumulative_fy,812.0,812.0,0.0,0.0,False,False,psp_energy_2025-11.pdf
Assam,2025,11,November,monthly,923.0,923.0,0.0,0.0,False,False,psp_energy_2025-11.pdf
Assam,2025,11,November,cumulative_fy,10084.0,10084.0,0.0,0.0,False,False,psp_energy_2025-11.pdf
Manipur,2025,11,November,monthly,95.0,95.0,0.0,0.0,False,False,psp_energy_2025-11.pdf
Manipur,2025,11,November,cumulative_fy,752.0,749.0,3.0,0.3,False,False,psp_energy_2025-11.pdf
Meghalaya,2025,11,November,monthly,172.0,172.0,0.0,0.0,False,False,psp_energy_2025-11.pdf
Meghalaya,2025,11,November,cumulative_fy,1344.0,1344.0,0.0,0.0,False,False,psp_energy_2025-11.pdf
Mizoram,2025,11,November,monthly,63.0,63.0,0.0,0.0,False,False,psp_energy_2025-11.pdf
Mizoram,2025,11,November,cumulative_fy,491.0,491.0,0.0,0.0,False,False,psp_energy_2025-11.pdf
Nagaland,2025,11,November,monthly,74.0,74.0,0.0,0.0,False,False,psp_energy_2025-11.pdf
Nagaland,2025,11,November,cumulative_fy,692.0,692.0,0.0,0.0,False,False,psp_energy_2025-11.pdf
Tripura,2025,11,November,monthly,139.0,139.0,0.0,0.0,False,False,psp_energy_2025-11.pdf
Tripura,2025,11,November,cumulative_fy,1392.0,1392.0,0.0,0.0,False,False,psp_energy_2025-11.pdf
North-Eastern Region,2025,11,November,monthly,1553.0,1553.0,0.0,0.0,True,False,psp_energy_2025-11.pdf
North-Eastern Region,2025,11,November,cumulative_fy,15651.0,15648.0,3.0,0.0,True,False,psp_energy_2025-11.pdf
All India,2025,11,November,monthly,123095.0,123076.0,19.0,0.0,False,True,psp_energy_2025-11.pdf
All India,2025,11,November,cumulative_fy,1148823.0,1148505.0,318.0,0.0,False,True,psp_energy_2025-11.pdf
Chandigarh,2025,12,December,monthly,126.0,126.0,0.0,0.0,False,False,psp_energy_2025-12.pdf
Chandigarh,2025,12,December,cumulative_fy,1509.0,1509.0,1.0,0.0,False,False,psp_energy_2025-12.pdf
Delhi,2025,12,December,monthly,2496.0,2496.0,0.0,0.0,False,False,psp_energy_2025-12.pdf
Delhi,2025,12,December,cumulative_fy,31006.0,30999.0,7.0,0.0,False,False,psp_energy_2025-12.pdf
Haryana,2025,12,December,monthly,5160.0,5160.0,0.0,0.0,False,False,psp_energy_2025-12.pdf
Haryana,2025,12,December,cumulative_fy,55932.0,55867.0,65.0,0.1,False,False,psp_energy_2025-12.pdf
Himachal Pradesh,2025,12,December,monthly,1216.0,1211.0,5.0,0.4,False,False,psp_energy_2025-12.pdf
Himachal Pradesh,2025,12,December,cumulative_fy,10329.0,10294.0,36.0,0.3,False,False,psp_energy_2025-12.pdf
UT of J&K and Ladakh,2025,12,December,monthly,2025.0,2023.0,2.0,0.1,False,False,psp_energy_2025-12.pdf
UT of J&K and Ladakh,2025,12,December,cumulative_fy,14874.0,14862.0,12.0,0.1,False,False,psp_energy_2025-12.pdf
Punjab,2025,12,December,monthly,4987.0,4973.0,14.0,0.3,False,False,psp_energy_2025-12.pdf
Punjab,2025,12,December,cumulative_fy,60827.0,60786.0,41.0,0.1,False,False,psp_energy_2025-12.pdf
Rajasthan,2025,12,December,monthly,10370.0,10370.0,0.0,0.0,False,False,psp_energy_2025-12.pdf
Rajasthan,2025,12,December,cumulative_fy,82763.0,82763.0,0.0,0.0,False,False,psp_energy_2025-12.pdf
Uttar Pradesh,2025,12,December,monthly,11579.0,11579.0,0.0,0.0,False,False,psp_energy_2025-12.pdf
Uttar Pradesh,2025,12,December,cumulative_fy,129329.0,129304.0,26.0,0.0,False,False,psp_energy_2025-12.pdf
Uttarakhand,2025,12,December,monthly,1365.0,1359.0,6.0,0.4,False,False,psp_energy_2025-12.pdf
Uttarakhand,2025,12,December,cumulative_fy,12630.0,12582.0,49.0,0.4,False,False,psp_energy_2025-12.pdf
Northern Region,2025,12,December,monthly,39450.0,39424.0,26.0,0.1,True,False,psp_energy_2025-12.pdf
Northern Region,2025,12,December,cumulative_fy,400413.0,400176.0,236.0,0.1,True,False,psp_energy_2025-12.pdf
Chhattisgarh,2025,12,December,monthly,3125.0,3124.0,1.0,0.0,False,False,psp_energy_2025-12.pdf
Chhattisgarh,2025,12,December,cumulative_fy,31502.0,31494.0,8.0,0.0,False,False,psp_energy_2025-12.pdf
Gujarat,2025,12,December,monthly,12889.0,12889.0,0.0,0.0,False,False,psp_energy_2025-12.pdf
Gujarat,2025,12,December,cumulative_fy,117364.0,117364.0,0.0,0.0,False,False,psp_energy_2025-12.pdf
Madhya Pradesh,2025,12,December,monthly,10759.0,10754.0,5.0,0.0,False,False,psp_energy_2025-12.pdf
Madhya Pradesh,2025,12,December,cumulative_fy,75081.0,75073.0,8.0,0.0,False,False,psp_energy_2025-12.pdf
Maharashtra,2025,12,December,monthly,17166.0,17166.0,0.0,0.0,False,False,psp_energy_2025-12.pdf
Maharashtra,2025,12,December,cumulative_fy,148848.0,148839.0,9.0,0.0,False,False,psp_energy_2025-12.pdf
Dadra & Nagar Haveli and Daman & Diu,2025,12,December,monthly,937.0,937.0,0.0,0.0,False,False,psp_energy_2025-12.pdf
Dadra & Nagar Haveli and Daman & Diu,2025,12,December,cumulative_fy,8439.0,8439.0,0.0,0.0,False,False,psp_energy_2025-12.pdf
Goa,2025,12,December,monthly,422.0,422.0,0.0,0.0,False,False,psp_energy_2025-12.pdf
Goa,2025,12,December,cumulative_fy,4086.0,4086.0,0.0,0.0,False,False,psp_energy_2025-12.pdf
Western Region,2025,12,December,monthly,46513.0,46506.0,7.0,0.0,True,False,psp_energy_2025-12.pdf
Western Region,2025,12,December,cumulative_fy,395551.0,395526.0,25.0,0.0,True,False,psp_energy_2025-12.pdf
Andhra Pradesh,2025,12,December,monthly,6322.0,6321.0,1.0,0.0,False,False,psp_energy_2025-12.pdf
Andhra Pradesh,2025,12,December,cumulative_fy,59543.0,59537.0,6.0,0.0,False,False,psp_energy_2025-12.pdf
Telangana,2025,12,December,monthly,7167.0,7165.0,2.0,0.0,False,False,psp_energy_2025-12.pdf
Telangana,2025,12,December,cumulative_fy,61062.0,61055.0,7.0,0.0,False,False,psp_energy_2025-12.pdf
Karnataka,2025,12,December,monthly,8692.0,8691.0,1.0,0.0,False,False,psp_energy_2025-12.pdf
Karnataka,2025,12,December,cumulative_fy,67547.0,67538.0,9.0,0.0,False,False,psp_energy_2025-12.pdf
Kerala,2025,12,December,monthly,2501.0,2500.0,1.0,0.0,False,False,psp_energy_2025-12.pdf
Kerala,2025,12,December,cumulative_fy,22949.0,22946.0,2.0,0.0,False,False,psp_energy_2025-12.pdf
Tamil Nadu,2025,12,December,monthly,10217.0,10215.0,2.0,0.0,False,False,psp_energy_2025-12.pdf
Tamil Nadu,2025,12,December,cumulative_fy,99901.0,99892.0,10.0,0.0,False,False,psp_energy_2025-12.pdf
Puducherry,2025,12,December,monthly,264.0,264.0,0.0,0.0,False,False,psp_energy_2025-12.pdf
Puducherry,2025,12,December,cumulative_fy,2691.0,2688.0,3.0,0.1,False,False,psp_energy_2025-12.pdf
Lakshadweep,2025,12,December,monthly,6.0,6.0,0.0,0.0,False,False,psp_energy_2025-12.pdf
Lakshadweep,2025,12,December,cumulative_fy,54.0,54.0,0.0,0.0,False,False,psp_energy_2025-12.pdf
Southern Region,2025,12,December,monthly,35166.0,35159.0,7.0,0.0,True,False,psp_energy_2025-12.pdf
Southern Region,2025,12,December,cumulative_fy,313730.0,313692.0,38.0,0.0,True,False,psp_energy_2025-12.pdf
Bihar,2025,12,December,monthly,3179.0,3178.0,1.0,0.0,False,False,psp_energy_2025-12.pdf
Bihar,2025,12,December,cumulative_fy,37294.0,37280.0,13.0,8.6,False,False,psp_energy_2025-12.pdf
DVC,2025,12,December,monthly,2067.0,2066.0,1.0,0.0,False,False,psp_energy_2025-12.pdf
DVC,2025,12,December,cumulative_fy,18595.0,18592.0,3.0,0.0,False,False,psp_energy_2025-12.pdf
Jharkhand,2025,12,December,monthly,1283.0,1283.0,0.0,0.0,False,False,psp_energy_2025-12.pdf
Jharkhand,2025,12,December,cumulative_fy,11735.0,11731.0,5.0,0.0,False,False,psp_energy_2025-12.pdf
Odisha,2025,12,December,monthly,3059.0,3059.0,0.0,0.0,False,False,psp_energy_2025-12.pdf
Odisha,2025,12,December,cumulative_fy,34064.0,34059.0,5.0,0.0,False,False,psp_energy_2025-12.pdf
West Bengal,2025,12,December,monthly,4735.0,4734.0,1.0,0.0,False,False,psp_energy_2025-12.pdf
West Bengal,2025,12,December,cumulative_fy,56878.0,56846.0,32.0,0.1,False,False,psp_energy_2025-12.pdf
Sikkim,2025,12,December,monthly,58.0,58.0,0.0,0.0,False,False,psp_energy_2025-12.pdf
Sikkim,2025,12,December,cumulative_fy,382.0,382.0,0.0,0.0,False,False,psp_energy_2025-12.pdf
Andaman & Nicobar,2025,12,December,monthly,37.0,35.0,2.0,5.5,False,False,psp_energy_2025-12.pdf
Andaman & Nicobar,2025,12,December,cumulative_fy,318.0,301.0,17.0,5.5,False,False,psp_energy_2025-12.pdf
Eastern Region,2025,12,December,monthly,14385.0,14383.0,2.0,0.0,True,False,psp_energy_2025-12.pdf
Eastern Region,2025,12,December,cumulative_fy,158993.0,158935.0,58.0,0.0,True,False,psp_energy_2025-12.pdf
Arunachal Pradesh,2025,12,December,monthly,97.0,97.0,0.0,0.0,False,False,psp_energy_2025-12.pdf
Arunachal Pradesh,2025,12,December,cumulative_fy,909.0,909.0,0.0,0.0,False,False,psp_energy_2025-12.pdf
Assam,2025,12,December,monthly,889.0,889.0,0.0,0.0,False,False,psp_energy_2025-12.pdf
Assam,2025,12,December,cumulative_fy,10973.0,10973.0,1.0,0.0,False,False,psp_energy_2025-12.pdf
Manipur,2025,12,December,monthly,112.0,112.0,0.0,0.0,False,False,psp_energy_2025-12.pdf
Manipur,2025,12,December,cumulative_fy,863.0,861.0,3.0,0.3,False,False,psp_energy_2025-12.pdf
Meghalaya,2025,12,December,monthly,198.0,198.0,0.0,0.0,False,False,psp_energy_2025-12.pdf
Meghalaya,2025,12,December,cumulative_fy,1542.0,1542.0,0.0,0.0,False,False,psp_energy_2025-12.pdf
Mizoram,2025,12,December,monthly,69.0,69.0,0.0,0.0,False,False,psp_energy_2025-12.pdf
Mizoram,2025,12,December,cumulative_fy,559.0,559.0,0.0,0.0,False,False,psp_energy_2025-12.pdf
Nagaland,2025,12,December,monthly,81.0,81.0,0.0,0.0,False,False,psp_energy_2025-12.pdf
Nagaland,2025,12,December,cumulative_fy,772.0,772.0,0.0,0.0,False,False,psp_energy_2025-12.pdf
Tripura,2025,12,December,monthly,131.0,131.0,0.0,0.0,False,False,psp_energy_2025-12.pdf
Tripura,2025,12,December,cumulative_fy,1523.0,1523.0,0.0,0.0,False,False,psp_energy_2025-12.pdf
North-Eastern Region,2025,12,December,monthly,1577.0,1577.0,0.0,0.0,True,False,psp_energy_2025-12.pdf
North-Eastern Region,2025,12,December,cumulative_fy,17228.0,17224.0,3.0,0.0,True,False,psp_energy_2025-12.pdf
All India,2025,12,December,monthly,137090.0,137048.0,42.0,0.0,False,True,psp_energy_2025-12.pdf
All India,2025,12,December,cumulative_fy,1285913.0,1285553.0,360.0,0.0,False,True,psp_energy_2025-12.pdf
Chandigarh,2026,1,January,monthly,149.0,149.0,0.0,0.0,False,False,psp_energy_2026-01.pdf
Chandigarh,2026,1,January,cumulative_fy,1658.0,1658.0,1.0,0.0,False,False,psp_energy_2026-01.pdf
Delhi,2026,1,January,monthly,2803.0,2803.0,0.0,0.0,False,False,psp_energy_2026-01.pdf
Delhi,2026,1,January,cumulative_fy,33809.0,33801.0,8.0,0.0,False,False,psp_energy_2026-01.pdf
Haryana,2026,1,January,monthly,5179.0,5179.0,0.0,0.0,False,False,psp_energy_2026-01.pdf
Haryana,2026,1,January,cumulative_fy,61111.0,61046.0,65.0,0.1,False,False,psp_energy_2026-01.pdf
Himachal Pradesh,2026,1,January,monthly,1231.0,1227.0,4.0,0.3,False,False,psp_energy_2026-01.pdf
Himachal Pradesh,2026,1,January,cumulative_fy,11561.0,11520.0,40.0,0.3,False,False,psp_energy_2026-01.pdf
UT of J&K and Ladakh,2026,1,January,monthly,1966.0,1961.0,5.0,0.3,False,False,psp_energy_2026-01.pdf
UT of J&K and Ladakh,2026,1,January,cumulative_fy,16840.0,16824.0,16.0,0.1,False,False,psp_energy_2026-01.pdf
Punjab,2026,1,January,monthly,5145.0,5127.0,18.0,0.3,False,False,psp_energy_2026-01.pdf
Punjab,2026,1,January,cumulative_fy,65972.0,65913.0,59.0,0.1,False,False,psp_energy_2026-01.pdf
Rajasthan,2026,1,January,monthly,10299.0,10299.0,0.0,0.0,False,False,psp_energy_2026-01.pdf
Rajasthan,2026,1,January,cumulative_fy,93062.0,93062.0,0.0,0.0,False,False,psp_energy_2026-01.pdf
Uttar Pradesh,2026,1,January,monthly,12145.0,12145.0,0.0,0.0,False,False,psp_energy_2026-01.pdf
Uttar Pradesh,2026,1,January,cumulative_fy,141475.0,141449.0,26.0,0.0,False,False,psp_energy_2026-01.pdf
Uttarakhand,2026,1,January,monthly,1450.0,1446.0,4.0,0.3,False,False,psp_energy_2026-01.pdf
Uttarakhand,2026,1,January,cumulative_fy,14081.0,14027.0,53.0,0.4,False,False,psp_energy_2026-01.pdf
Others,2026,1,January,monthly,129.0,129.0,0.0,0.0,False,False,psp_energy_2026-01.pdf
Others,2026,1,January,cumulative_fy,1341.0,1341.0,0.0,0.0,False,False,psp_energy_2026-01.pdf
Northern Region,2026,1,January,monthly,40497.0,40465.0,32.0,0.1,True,False,psp_energy_2026-01.pdf
Northern Region,2026,1,January,cumulative_fy,440909.0,440641.0,268.0,0.1,True,False,psp_energy_2026-01.pdf
Chhattisgarh,2026,1,January,monthly,3466.0,3466.0,0.0,0.0,False,False,psp_energy_2026-01.pdf
Chhattisgarh,2026,1,January,cumulative_fy,34968.0,34960.0,8.0,0.0,False,False,psp_energy_2026-01.pdf
Gujarat,2026,1,January,monthly,13088.0,13088.0,0.0,0.0,False,False,psp_energy_2026-01.pdf
Gujarat,2026,1,January,cumulative_fy,130452.0,130452.0,0.0,0.0,False,False,psp_energy_2026-01.pdf
Madhya Pradesh,2026,1,January,monthly,10599.0,10597.0,2.0,0.0,False,False,psp_energy_2026-01.pdf
Madhya Pradesh,2026,1,January,cumulative_fy,85679.0,85670.0,9.0,0.0,False,False,psp_energy_2026-01.pdf
Maharashtra,2026,1,January,monthly,17544.0,17544.0,0.0,0.0,False,False,psp_energy_2026-01.pdf
Maharashtra,2026,1,January,cumulative_fy,166392.0,166383.0,9.0,0.0,False,False,psp_energy_2026-01.pdf
Dadra & Nagar Haveli and Daman & Diu,2026,1,January,monthly,933.0,933.0,0.0,0.0,False,False,psp_energy_2026-01.pdf
Dadra & Nagar Haveli and Daman & Diu,2026,1,January,cumulative_fy,9372.0,9372.0,0.0,0.0,False,False,psp_energy_2026-01.pdf
Goa,2026,1,January,monthly,442.0,442.0,0.0,0.0,False,False,psp_energy_2026-01.pdf
Goa,2026,1,January,cumulative_fy,4528.0,4528.0,0.0,0.0,False,False,psp_energy_2026-01.pdf
Western Region,2026,1,January,monthly,47226.0,47225.0,1.0,0.0,True,False,psp_energy_2026-01.pdf
Western Region,2026,1,January,cumulative_fy,442777.0,442750.0,26.0,0.0,True,False,psp_energy_2026-01.pdf
Andhra Pradesh,2026,1,January,monthly,6787.0,6787.0,0.0,0.0,False,False,psp_energy_2026-01.pdf
Andhra Pradesh,2026,1,January,cumulative_fy,66329.0,66323.0,6.0,0.0,False,False,psp_energy_2026-01.pdf
Telangana,2026,1,January,monthly,8197.0,8197.0,0.0,0.0,False,False,psp_energy_2026-01.pdf
Telangana,2026,1,January,cumulative_fy,69259.0,69252.0,7.0,0.0,False,False,psp_energy_2026-01.pdf
Karnataka,2026,1,January,monthly,9033.0,9033.0,0.0,0.0,False,False,psp_energy_2026-01.pdf
Karnataka,2026,1,January,cumulative_fy,76580.0,76571.0,9.0,0.0,False,False,psp_energy_2026-01.pdf
Kerala,2026,1,January,monthly,2610.0,2610.0,0.0,0.0,False,False,psp_energy_2026-01.pdf
Kerala,2026,1,January,cumulative_fy,25558.0,25556.0,3.0,0.0,False,False,psp_energy_2026-01.pdf
Tamil Nadu,2026,1,January,monthly,10099.0,10099.0,0.0,0.0,False,False,psp_energy_2026-01.pdf
Tamil Nadu,2026,1,January,cumulative_fy,110000.0,109990.0,10.0,0.0,False,False,psp_energy_2026-01.pdf
Puducherry,2026,1,January,monthly,256.0,256.0,0.0,0.0,False,False,psp_energy_2026-01.pdf
Puducherry,2026,1,January,cumulative_fy,2947.0,2944.0,3.0,0.1,False,False,psp_energy_2026-01.pdf
Lakshadweep,2026,1,January,monthly,6.0,6.0,0.0,0.0,False,False,psp_energy_2026-01.pdf
Lakshadweep,2026,1,January,cumulative_fy,60.0,60.0,0.0,0.0,False,False,psp_energy_2026-01.pdf
Southern Region,2026,1,January,monthly,36985.0,36985.0,0.0,0.0,True,False,psp_energy_2026-01.pdf
Southern Region,2026,1,January,cumulative_fy,350715.0,350677.0,38.0,0.0,True,False,psp_energy_2026-01.pdf
Bihar,2026,1,January,monthly,3455.0,3454.0,1.0,0.0,False,False,psp_energy_2026-01.pdf
Bihar,2026,1,January,cumulative_fy,40749.0,40735.0,14.0,0.0,False,False,psp_energy_2026-01.pdf
DVC,2026,1,January,monthly,2113.0,2113.0,0.0,0.0,False,False,psp_energy_2026-01.pdf
DVC,2026,1,January,cumulative_fy,20708.0,20704.0,3.0,0.0,False,False,psp_energy_2026-01.pdf
Jharkhand,2026,1,January,monthly,1270.0,1270.0,0.0,0.0,False,False,psp_energy_2026-01.pdf
Jharkhand,2026,1,January,cumulative_fy,13005.0,13000.0,5.0,0.0,False,False,psp_energy_2026-01.pdf
Odisha,2026,1,January,monthly,3226.0,3225.0,1.0,0.0,False,False,psp_energy_2026-01.pdf
Odisha,2026,1,January,cumulative_fy,37290.0,37284.0,6.0,0.0,False,False,psp_energy_2026-01.pdf
West Bengal,2026,1,January,monthly,5091.0,5060.0,31.0,0.6,False,False,psp_energy_2026-01.pdf
West Bengal,2026,1,January,cumulative_fy,61969.0,61906.0,63.0,0.1,False,False,psp_energy_2026-01.pdf
Sikkim,2026,1,January,monthly,62.0,62.0,0.0,0.0,False,False,psp_energy_2026-01.pdf
Sikkim,2026,1,January,cumulative_fy,444.0,444.0,0.0,0.0,False,False,psp_energy_2026-01.pdf
Andaman & Nicobar,2026,1,January,monthly,36.0,35.0,1.0,2.8,False,False,psp_energy_2026-01.pdf
Andaman & Nicobar,2026,1,January,cumulative_fy,354.0,336.0,18.0,5.2,False,False,psp_energy_2026-01.pdf
Eastern Region,2026,1,January,monthly,15222.0,15189.0,33.0,0.2,True,False,psp_energy_2026-01.pdf
Eastern Region,2026,1,January,cumulative_fy,174215.0,174124.0,91.0,0.1,True,False,psp_energy_2026-01.pdf
Arunachal Pradesh,2026,1,January,monthly,98.0,98.0,0.0,0.0,False,False,psp_energy_2026-01.pdf
Arunachal Pradesh,2026,1,January,cumulative_fy,1007.0,1007.0,0.0,0.0,False,False,psp_energy_2026-01.pdf
Assam,2026,1,January,monthly,902.0,902.0,0.0,0.0,False,False,psp_energy_2026-01.pdf
Assam,2026,1,January,cumulative_fy,11875.0,11875.0,1.0,0.0,False,False,psp_energy_2026-01.pdf
Manipur,2026,1,January,monthly,114.0,114.0,0.0,0.0,False,False,psp_energy_2026-01.pdf
Manipur,2026,1,January,cumulative_fy,978.0,975.0,3.0,0.3,False,False,psp_energy_2026-01.pdf
Meghalaya,2026,1,January,monthly,199.0,199.0,0.0,0.0,False,False,psp_energy_2026-01.pdf
Meghalaya,2026,1,January,cumulative_fy,1741.0,1741.0,0.0,0.0,False,False,psp_energy_2026-01.pdf
Mizoram,2026,1,January,monthly,70.0,70.0,0.0,0.0,False,False,psp_energy_2026-01.pdf
Mizoram,2026,1,January,cumulative_fy,629.0,629.0,0.0,0.0,False,False,psp_energy_2026-01.pdf
Nagaland,2026,1,January,monthly,77.0,77.0,0.0,0.0,False,False,psp_energy_2026-01.pdf
Nagaland,2026,1,January,cumulative_fy,849.0,849.0,0.0,0.0,False,False,psp_energy_2026-01.pdf
Tripura,2026,1,January,monthly,131.0,131.0,0.0,0.0,False,False,psp_energy_2026-01.pdf
Tripura,2026,1,January,cumulative_fy,1655.0,1654.0,0.0,0.0,False,False,psp_energy_2026-01.pdf
North-Eastern Region,2026,1,January,monthly,1592.0,1592.0,0.0,0.0,True,False,psp_energy_2026-01.pdf
North-Eastern Region,2026,1,January,cumulative_fy,18820.0,18816.0,4.0,0.0,True,False,psp_energy_2026-01.pdf
All India,2026,1,January,monthly,141522.0,141455.0,67.0,0.0,False,True,psp_energy_2026-01.pdf
All India,2026,1,January,cumulative_fy,1427436.0,1427009.0,427.0,0.0,False,True,psp_energy_2026-01.pdf
Chandigarh,2026,2,February,monthly,106.0,106.0,0.0,0.0,False,False,psp_energy_2026-02.pdf
Chandigarh,2026,2,February,cumulative_fy,1765.0,1764.0,1.0,0.0,False,False,psp_energy_2026-02.pdf
Delhi,2026,2,February,monthly,2214.0,2213.0,1.0,0.0,False,False,psp_energy_2026-02.pdf
Delhi,2026,2,February,cumulative_fy,36023.0,36015.0,8.0,0.0,False,False,psp_energy_2026-02.pdf
Haryana,2026,2,February,monthly,4584.0,4584.0,0.0,0.0,False,False,psp_energy_2026-02.pdf
Haryana,2026,2,February,cumulative_fy,65694.0,65629.0,65.0,0.1,False,False,psp_energy_2026-02.pdf
Himachal Pradesh,2026,2,February,monthly,1039.0,1036.0,3.0,0.3,False,False,psp_energy_2026-02.pdf
Himachal Pradesh,2026,2,February,cumulative_fy,12600.0,12556.0,44.0,0.3,False,False,psp_energy_2026-02.pdf
UT of J&K and Ladakh,2026,2,February,monthly,1661.0,1660.0,1.0,0.1,False,False,psp_energy_2026-02.pdf
UT of J&K and Ladakh,2026,2,February,cumulative_fy,18501.0,18484.0,17.0,0.1,False,False,psp_energy_2026-02.pdf
Punjab,2026,2,February,monthly,4591.0,4578.0,13.0,0.3,False,False,psp_energy_2026-02.pdf
Punjab,2026,2,February,cumulative_fy,70563.0,70490.0,73.0,0.1,False,False,psp_energy_2026-02.pdf
Rajasthan,2026,2,February,monthly,9125.0,9125.0,0.0,0.0,False,False,psp_energy_2026-02.pdf
Rajasthan,2026,2,February,cumulative_fy,102187.0,102187.0,0.0,0.0,False,False,psp_energy_2026-02.pdf
Uttar Pradesh,2026,2,February,monthly,10099.0,10099.0,0.0,0.0,False,False,psp_energy_2026-02.pdf
Uttar Pradesh,2026,2,February,cumulative_fy,151573.0,151548.0,26.0,0.0,False,False,psp_energy_2026-02.pdf
Uttarakhand,2026,2,February,monthly,1210.0,1209.0,1.0,0.1,False,False,psp_energy_2026-02.pdf
Uttarakhand,2026,2,February,cumulative_fy,15290.0,15236.0,54.0,0.4,False,False,psp_energy_2026-02.pdf
Others,2026,2,February,monthly,109.0,109.0,0.0,0.0,False,False,psp_energy_2026-02.pdf
Others,2026,2,February,cumulative_fy,1450.0,1450.0,0.0,0.0,False,False,psp_energy_2026-02.pdf
Northern Region,2026,2,February,monthly,34737.0,34719.0,18.0,0.1,True,False,psp_energy_2026-02.pdf
Northern Region,2026,2,February,cumulative_fy,475646.0,475360.0,286.0,0.1,True,False,psp_energy_2026-02.pdf
Chhattisgarh,2026,2,February,monthly,3578.0,3578.0,0.0,0.0,False,False,psp_energy_2026-02.pdf
Chhattisgarh,2026,2,February,cumulative_fy,38547.0,38538.0,8.0,0.0,False,False,psp_energy_2026-02.pdf
Gujarat,2026,2,February,monthly,12518.0,12518.0,0.0,0.0,False,False,psp_energy_2026-02.pdf
Gujarat,2026,2,February,cumulative_fy,142970.0,142969.0,0.0,0.0,False,False,psp_energy_2026-02.pdf
Madhya Pradesh,2026,2,February,monthly,9211.0,9209.0,2.0,0.0,False,False,psp_energy_2026-02.pdf
Madhya Pradesh,2026,2,February,cumulative_fy,94890.0,94879.0,10.0,0.0,False,False,psp_energy_2026-02.pdf
Maharashtra,2026,2,February,monthly,17063.0,17063.0,0.0,0.0,False,False,psp_energy_2026-02.pdf
Maharashtra,2026,2,February,cumulative_fy,183454.0,183446.0,9.0,0.0,False,False,psp_energy_2026-02.pdf
Dadra & Nagar Haveli and Daman & Diu,2026,2,February,monthly,879.0,879.0,0.0,0.0,False,False,psp_energy_2026-02.pdf
Dadra & Nagar Haveli and Daman & Diu,2026,2,February,cumulative_fy,10251.0,10251.0,0.0,0.0,False,False,psp_energy_2026-02.pdf
Goa,2026,2,February,monthly,415.0,415.0,0.0,0.0,False,False,psp_energy_2026-02.pdf
Goa,2026,2,February,cumulative_fy,4943.0,4943.0,0.0,0.0,False,False,psp_energy_2026-02.pdf
Western Region,2026,2,February,monthly,44789.0,44787.0,2.0,0.0,True,False,psp_energy_2026-02.pdf
Western Region,2026,2,February,cumulative_fy,487565.0,487537.0,28.0,0.0,True,False,psp_energy_2026-02.pdf
Andhra Pradesh,2026,2,February,monthly,6780.0,6779.0,1.0,0.0,False,False,psp_energy_2026-02.pdf
Andhra Pradesh,2026,2,February,cumulative_fy,73109.0,73102.0,7.0,0.0,False,False,psp_energy_2026-02.pdf
Telangana,2026,2,February,monthly,8032.0,8031.0,1.0,0.0,False,False,psp_energy_2026-02.pdf
Telangana,2026,2,February,cumulative_fy,77291.0,77283.0,8.0,0.0,False,False,psp_energy_2026-02.pdf
Karnataka,2026,2,February,monthly,8939.0,8938.0,1.0,0.0,False,False,psp_energy_2026-02.pdf
Karnataka,2026,2,February,cumulative_fy,85519.0,85509.0,11.0,0.0,False,False,psp_energy_2026-02.pdf
Kerala,2026,2,February,monthly,2540.0,2539.0,1.0,0.0,False,False,psp_energy_2026-02.pdf
Kerala,2026,2,February,cumulative_fy,28098.0,28095.0,3.0,0.0,False,False,psp_energy_2026-02.pdf
Tamil Nadu,2026,2,February,monthly,10163.0,10161.0,2.0,0.0,False,False,psp_energy_2026-02.pdf
Tamil Nadu,2026,2,February,cumulative_fy,120162.0,120151.0,11.0,0.0,False,False,psp_energy_2026-02.pdf
Puducherry,2026,2,February,monthly,254.0,254.0,0.0,0.0,False,False,psp_energy_2026-02.pdf
Puducherry,2026,2,February,cumulative_fy,3202.0,3198.0,3.0,0.1,False,False,psp_energy_2026-02.pdf
Lakshadweep,2026,2,February,monthly,6.0,6.0,0.0,0.0,False,False,psp_energy_2026-02.pdf
Lakshadweep,2026,2,February,cumulative_fy,66.0,66.0,0.0,0.0,False,False,psp_energy_2026-02.pdf
Southern Region,2026,2,February,monthly,36711.0,36706.0,5.0,0.0,True,False,psp_energy_2026-02.pdf
Southern Region,2026,2,February,cumulative_fy,387426.0,387383.0,43.0,0.0,True,False,psp_energy_2026-02.pdf
Bihar,2026,2,February,monthly,3002.0,3002.0,0.0,0.0,False,False,psp_energy_2026-02.pdf
Bihar,2026,2,February,cumulative_fy,43751.0,43737.0,14.0,0.0,False,False,psp_energy_2026-02.pdf
DVC,2026,2,February,monthly,1929.0,1928.0,1.0,0.1,False,False,psp_energy_2026-02.pdf
DVC,2026,2,February,cumulative_fy,22636.0,22633.0,3.0,0.0,False,False,psp_energy_2026-02.pdf
Jharkhand,2026,2,February,monthly,1116.0,1116.0,0.0,0.0,False,False,psp_energy_2026-02.pdf
Jharkhand,2026,2,February,cumulative_fy,14121.0,14116.0,5.0,0.0,False,False,psp_energy_2026-02.pdf
Odisha,2026,2,February,monthly,3201.0,3200.0,1.0,0.0,False,False,psp_energy_2026-02.pdf
Odisha,2026,2,February,cumulative_fy,40490.0,40484.0,6.0,0.0,False,False,psp_energy_2026-02.pdf
West Bengal,2026,2,February,monthly,4907.0,4907.0,0.0,0.0,False,False,psp_energy_2026-02.pdf
West Bengal,2026,2,February,cumulative_fy,66876.0,66812.0,64.0,0.1,False,False,psp_energy_2026-02.pdf
Sikkim,2026,2,February,monthly,56.0,56.0,0.0,0.0,False,False,psp_energy_2026-02.pdf
Sikkim,2026,2,February,cumulative_fy,501.0,501.0,0.0,0.0,False,False,psp_energy_2026-02.pdf
Andaman & Nicobar,2026,2,February,monthly,34.0,34.0,0.0,0.0,False,False,psp_energy_2026-02.pdf
Andaman & Nicobar,2026,2,February,cumulative_fy,389.0,370.0,19.0,4.9,False,False,psp_energy_2026-02.pdf
Eastern Region,2026,2,February,monthly,14217.0,14215.0,2.0,0.0,True,False,psp_energy_2026-02.pdf
Eastern Region,2026,2,February,cumulative_fy,188432.0,188339.0,93.0,0.0,True,False,psp_energy_2026-02.pdf
Arunachal Pradesh,2026,2,February,monthly,90.0,90.0,0.0,0.0,False,False,psp_energy_2026-02.pdf
Arunachal Pradesh,2026,2,February,cumulative_fy,1098.0,1097.0,0.0,0.0,False,False,psp_energy_2026-02.pdf
Assam,2026,2,February,monthly,835.0,835.0,0.0,0.0,False,False,psp_energy_2026-02.pdf
Assam,2026,2,February,cumulative_fy,12711.0,12710.0,1.0,0.0,False,False,psp_energy_2026-02.pdf
Manipur,2026,2,February,monthly,104.0,104.0,0.0,0.0,False,False,psp_energy_2026-02.pdf
Manipur,2026,2,February,cumulative_fy,1082.0,1079.0,3.0,0.2,False,False,psp_energy_2026-02.pdf
Meghalaya,2026,2,February,monthly,176.0,176.0,0.0,0.0,False,False,psp_energy_2026-02.pdf
Meghalaya,2026,2,February,cumulative_fy,1917.0,1917.0,0.0,0.0,False,False,psp_energy_2026-02.pdf
Mizoram,2026,2,February,monthly,63.0,63.0,0.0,0.0,False,False,psp_energy_2026-02.pdf
Mizoram,2026,2,February,cumulative_fy,691.0,691.0,0.0,0.0,False,False,psp_energy_2026-02.pdf
Nagaland,2026,2,February,monthly,73.0,73.0,0.0,0.0,False,False,psp_energy_2026-02.pdf
Nagaland,2026,2,February,cumulative_fy,922.0,922.0,0.0,0.0,False,False,psp_energy_2026-02.pdf
Tripura,2026,2,February,monthly,115.0,115.0,0.0,0.0,False,False,psp_energy_2026-02.pdf
Tripura,2026,2,February,cumulative_fy,1770.0,1770.0,0.0,0.0,False,False,psp_energy_2026-02.pdf
North-Eastern Region,2026,2,February,monthly,1458.0,1457.0,1.0,0.1,True,False,psp_energy_2026-02.pdf
North-Eastern Region,2026,2,February,cumulative_fy,20277.0,20274.0,4.0,0.0,True,False,psp_energy_2026-02.pdf
All India,2026,2,February,monthly,131911.0,131883.0,28.0,0.0,False,True,psp_energy_2026-02.pdf
All India,2026,2,February,cumulative_fy,1559347.0,1558892.0,454.0,0.0,False,True,psp_energy_2026-02.pdf
Chandigarh,2026,3,March,monthly,115.0,115.0,0.0,0.0,False,False,psp_energy_2026-03.pdf
Chandigarh,2026,3,March,cumulative_fy,1879.0,1879.0,1.0,0.0,False,False,psp_energy_2026-03.pdf
Delhi,2026,3,March,monthly,2533.0,2533.0,0.0,0.0,False,False,psp_energy_2026-03.pdf
Delhi,2026,3,March,cumulative_fy,38556.0,38548.0,8.0,0.0,False,False,psp_energy_2026-03.pdf
Haryana,2026,3,March,monthly,4798.0,4797.0,1.0,0.0,False,False,psp_energy_2026-03.pdf
Haryana,2026,3,March,cumulative_fy,70493.0,70427.0,66.0,0.1,False,False,psp_energy_2026-03.pdf
Himachal Pradesh,2026,3,March,monthly,1042.0,1039.0,3.0,0.3,False,False,psp_energy_2026-03.pdf
Himachal Pradesh,2026,3,March,cumulative_fy,13642.0,13595.0,47.0,0.3,False,False,psp_energy_2026-03.pdf
UT of J&K and Ladakh,2026,3,March,monthly,1685.0,1682.0,3.0,0.2,False,False,psp_energy_2026-03.pdf
UT of J&K and Ladakh,2026,3,March,cumulative_fy,20185.0,20166.0,19.0,0.1,False,False,psp_energy_2026-03.pdf
Punjab,2026,3,March,monthly,4846.0,4818.0,28.0,0.6,False,False,psp_energy_2026-03.pdf
Punjab,2026,3,March,cumulative_fy,75409.0,75308.0,101.0,0.1,False,False,psp_energy_2026-03.pdf
Rajasthan,2026,3,March,monthly,8470.0,8470.0,0.0,0.0,False,False,psp_energy_2026-03.pdf
Rajasthan,2026,3,March,cumulative_fy,110657.0,110657.0,0.0,0.0,False,False,psp_energy_2026-03.pdf
Uttar Pradesh,2026,3,March,monthly,11927.0,11927.0,0.0,0.0,False,False,psp_energy_2026-03.pdf
Uttar Pradesh,2026,3,March,cumulative_fy,163501.0,163475.0,26.0,0.0,False,False,psp_energy_2026-03.pdf
Uttarakhand,2026,3,March,monthly,1247.0,1238.0,9.0,0.7,False,False,psp_energy_2026-03.pdf
Uttarakhand,2026,3,March,cumulative_fy,16538.0,16475.0,63.0,0.4,False,False,psp_energy_2026-03.pdf
Others,2026,3,March,monthly,148.0,148.0,0.0,0.0,False,False,psp_energy_2026-03.pdf
Others,2026,3,March,cumulative_fy,1598.0,1598.0,0.0,0.0,False,False,psp_energy_2026-03.pdf
Northern Region,2026,3,March,monthly,36812.0,36767.0,45.0,0.1,True,False,psp_energy_2026-03.pdf
Northern Region,2026,3,March,cumulative_fy,512458.0,512127.0,331.0,0.1,True,False,psp_energy_2026-03.pdf
Chhattisgarh,2026,3,March,monthly,4387.0,4387.0,0.0,0.0,False,False,psp_energy_2026-03.pdf
Chhattisgarh,2026,3,March,cumulative_fy,42933.0,42925.0,8.0,0.0,False,False,psp_energy_2026-03.pdf
Gujarat,2026,3,March,monthly,13619.0,13619.0,0.0,0.0,False,False,psp_energy_2026-03.pdf
Gujarat,2026,3,March,cumulative_fy,156588.0,156588.0,0.0,0.0,False,False,psp_energy_2026-03.pdf
Madhya Pradesh,2026,3,March,monthly,8822.0,8817.0,5.0,0.1,False,False,psp_energy_2026-03.pdf
Madhya Pradesh,2026,3,March,cumulative_fy,103711.0,103696.0,15.0,0.0,False,False,psp_energy_2026-03.pdf
Maharashtra,2026,3,March,monthly,19412.0,19408.0,4.0,0.0,False,False,psp_energy_2026-03.pdf
Maharashtra,2026,3,March,cumulative_fy,202867.0,202854.0,13.0,0.0,False,False,psp_energy_2026-03.pdf
Dadra & Nagar Haveli and Daman & Diu,2026,3,March,monthly,931.0,931.0,0.0,0.0,False,False,psp_energy_2026-03.pdf
Dadra & Nagar Haveli and Daman & Diu,2026,3,March,cumulative_fy,11182.0,11182.0,0.0,0.0,False,False,psp_energy_2026-03.pdf
Goa,2026,3,March,monthly,506.0,506.0,0.0,0.0,False,False,psp_energy_2026-03.pdf
Goa,2026,3,March,cumulative_fy,5449.0,5449.0,0.0,0.0,False,False,psp_energy_2026-03.pdf
Western Region,2026,3,March,monthly,48918.0,48908.0,10.0,0.0,True,False,psp_energy_2026-03.pdf
Western Region,2026,3,March,cumulative_fy,536483.0,536445.0,37.0,0.0,True,False,psp_energy_2026-03.pdf
Andhra Pradesh,2026,3,March,monthly,8095.0,8095.0,0.0,0.0,False,False,psp_energy_2026-03.pdf
Andhra Pradesh,2026,3,March,cumulative_fy,81204.0,81197.0,7.0,0.0,False,False,psp_energy_2026-03.pdf
Telangana,2026,3,March,monthly,9983.0,9983.0,0.0,0.0,False,False,psp_energy_2026-03.pdf
Telangana,2026,3,March,cumulative_fy,87274.0,87266.0,8.0,0.0,False,False,psp_energy_2026-03.pdf
Karnataka,2026,3,March,monthly,10272.0,10272.0,0.0,0.0,False,False,psp_energy_2026-03.pdf
Karnataka,2026,3,March,cumulative_fy,95791.0,95780.0,11.0,0.0,False,False,psp_energy_2026-03.pdf
Kerala,2026,3,March,monthly,3059.0,3059.0,0.0,0.0,False,False,psp_energy_2026-03.pdf
Kerala,2026,3,March,cumulative_fy,31157.0,31154.0,3.0,0.0,False,False,psp_energy_2026-03.pdf
Tamil Nadu,2026,3,March,monthly,12166.0,12166.0,0.0,0.0,False,False,psp_energy_2026-03.pdf
Tamil Nadu,2026,3,March,cumulative_fy,132328.0,132317.0,11.0,0.0,False,False,psp_energy_2026-03.pdf
Puducherry,2026,3,March,monthly,306.0,306.0,0.0,0.0,False,False,psp_energy_2026-03.pdf
Puducherry,2026,3,March,cumulative_fy,3508.0,3504.0,3.0,0.1,False,False,psp_energy_2026-03.pdf
Lakshadweep,2026,3,March,monthly,7.0,7.0,0.0,0.0,False,False,psp_energy_2026-03.pdf
Lakshadweep,2026,3,March,cumulative_fy,73.0,73.0,0.0,0.0,False,False,psp_energy_2026-03.pdf
Southern Region,2026,3,March,monthly,43885.0,43885.0,0.0,0.0,True,False,psp_energy_2026-03.pdf
Southern Region,2026,3,March,cumulative_fy,431311.0,431267.0,43.0,0.0,True,False,psp_energy_2026-03.pdf
Bihar,2026,3,March,monthly,3689.0,3689.0,0.0,0.0,False,False,psp_energy_2026-03.pdf
Bihar,2026,3,March,cumulative_fy,47440.0,47425.0,14.0,0.0,False,False,psp_energy_2026-03.pdf
DVC,2026,3,March,monthly,2119.0,2119.0,0.0,0.0,False,False,psp_energy_2026-03.pdf
DVC,2026,3,March,cumulative_fy,24755.0,24751.0,3.0,0.0,False,False,psp_energy_2026-03.pdf
Jharkhand,2026,3,March,monthly,1314.0,1314.0,0.0,0.0,False,False,psp_energy_2026-03.pdf
Jharkhand,2026,3,March,cumulative_fy,15435.0,15430.0,5.0,0.0,False,False,psp_energy_2026-03.pdf
Odisha,2026,3,March,monthly,3709.0,3709.0,0.0,0.0,False,False,psp_energy_2026-03.pdf
Odisha,2026,3,March,cumulative_fy,44199.0,44193.0,6.0,0.0,False,False,psp_energy_2026-03.pdf
West Bengal,2026,3,March,monthly,6094.0,6094.0,0.0,0.0,False,False,psp_energy_2026-03.pdf
West Bengal,2026,3,March,cumulative_fy,72970.0,72906.0,64.0,0.1,False,False,psp_energy_2026-03.pdf
Sikkim,2026,3,March,monthly,54.0,54.0,0.0,0.0,False,False,psp_energy_2026-03.pdf
Sikkim,2026,3,March,cumulative_fy,554.0,554.0,0.0,0.0,False,False,psp_energy_2026-03.pdf
Andaman & Nicobar,2026,3,March,monthly,34.0,34.0,0.0,0.0,False,False,psp_energy_2026-03.pdf
Andaman & Nicobar,2026,3,March,cumulative_fy,423.0,403.0,20.0,4.7,False,False,psp_energy_2026-03.pdf
Eastern Region,2026,3,March,monthly,16985.0,16985.0,0.0,0.0,True,False,psp_energy_2026-03.pdf
Eastern Region,2026,3,March,cumulative_fy,205417.0,205324.0,93.0,0.0,True,False,psp_energy_2026-03.pdf
Arunachal Pradesh,2026,3,March,monthly,97.0,97.0,0.0,0.0,False,False,psp_energy_2026-03.pdf
Arunachal Pradesh,2026,3,March,cumulative_fy,1194.0,1194.0,0.0,0.0,False,False,psp_energy_2026-03.pdf
Assam,2026,3,March,monthly,905.0,905.0,0.0,0.0,False,False,psp_energy_2026-03.pdf
Assam,2026,3,March,cumulative_fy,13616.0,13615.0,1.0,0.0,False,False,psp_energy_2026-03.pdf
Manipur,2026,3,March,monthly,97.0,97.0,0.0,0.0,False,False,psp_energy_2026-03.pdf
Manipur,2026,3,March,cumulative_fy,1178.0,1176.0,3.0,0.2,False,False,psp_energy_2026-03.pdf
Meghalaya,2026,3,March,monthly,178.0,178.0,0.0,0.0,False,False,psp_energy_2026-03.pdf
Meghalaya,2026,3,March,cumulative_fy,2095.0,2095.0,0.0,0.0,False,False,psp_energy_2026-03.pdf
Mizoram,2026,3,March,monthly,63.0,63.0,0.0,0.0,False,False,psp_energy_2026-03.pdf
Mizoram,2026,3,March,cumulative_fy,754.0,754.0,0.0,0.0,False,False,psp_energy_2026-03.pdf
Nagaland,2026,3,March,monthly,74.0,74.0,0.0,0.0,False,False,psp_energy_2026-03.pdf
Nagaland,2026,3,March,cumulative_fy,996.0,996.0,0.0,0.0,False,False,psp_energy_2026-03.pdf
Tripura,2026,3,March,monthly,133.0,133.0,0.0,0.0,False,False,psp_energy_2026-03.pdf
Tripura,2026,3,March,cumulative_fy,1903.0,1903.0,0.0,0.0,False,False,psp_energy_2026-03.pdf
North-Eastern Region,2026,3,March,monthly,1547.0,1547.0,0.0,0.0,True,False,psp_energy_2026-03.pdf
North-Eastern Region,2026,3,March,cumulative_fy,21825.0,21821.0,4.0,0.0,True,False,psp_energy_2026-03.pdf
All India,2026,3,March,monthly,148147.0,148093.0,54.0,0.0,False,True,psp_energy_2026-03.pdf
All India,2026,3,March,cumulative_fy,1707493.0,1706985.0,508.0,0.0,False,True,psp_energy_2026-03.pdf
Chandigarh,2026,4,April,monthly,138.0,138.0,0.0,0.0,False,False,psp_energy_2026-04.pdf
Delhi,2026,4,April,monthly,3188.0,3187.0,1.0,0.0,False,False,psp_energy_2026-04.pdf
Haryana,2026,4,April,monthly,5314.0,5292.0,22.0,0.4,False,False,psp_energy_2026-04.pdf
Himachal Pradesh,2026,4,April,monthly,924.0,921.0,3.0,0.3,False,False,psp_energy_2026-04.pdf
UT of J&K and Ladakh,2026,4,April,monthly,1548.0,1544.0,4.0,0.3,False,False,psp_energy_2026-04.pdf
Punjab,2026,4,April,monthly,5249.0,5140.0,109.0,2.1,False,False,psp_energy_2026-04.pdf
Rajasthan,2026,4,April,monthly,7862.0,7862.0,0.0,0.0,False,False,psp_energy_2026-04.pdf
Uttar Pradesh,2026,4,April,monthly,13779.0,13776.0,3.0,0.0,False,False,psp_energy_2026-04.pdf
Uttarakhand,2026,4,April,monthly,1337.0,1310.0,27.0,2.0,False,False,psp_energy_2026-04.pdf
Others,2026,4,April,monthly,134.0,134.0,0.0,0.0,False,False,psp_energy_2026-04.pdf
Northern Region,2026,4,April,monthly,39473.0,39306.0,167.0,0.4,True,False,psp_energy_2026-04.pdf
Chhattisgarh,2026,4,April,monthly,4653.0,4642.0,11.0,0.2,False,False,psp_energy_2026-04.pdf
Gujarat,2026,4,April,monthly,14049.0,14049.0,0.0,0.0,False,False,psp_energy_2026-04.pdf
Madhya Pradesh,2026,4,April,monthly,8841.0,8841.0,0.0,0.0,False,False,psp_energy_2026-04.pdf
Maharashtra,2026,4,April,monthly,18933.0,18923.0,10.0,0.1,False,False,psp_energy_2026-04.pdf
Dadra & Nagar Haveli and Daman & Diu,2026,4,April,monthly,843.0,843.0,0.0,0.0,False,False,psp_energy_2026-04.pdf
Goa,2026,4,April,monthly,525.0,525.0,0.0,0.0,False,False,psp_energy_2026-04.pdf
Western Region,2026,4,April,monthly,49140.0,49119.0,21.0,0.0,True,False,psp_energy_2026-04.pdf
Andhra Pradesh,2026,4,April,monthly,8126.0,8126.0,0.0,0.0,False,False,psp_energy_2026-04.pdf
Telangana,2026,4,April,monthly,8714.0,8713.0,1.0,0.0,False,False,psp_energy_2026-04.pdf
Karnataka,2026,4,April,monthly,10441.0,10427.0,14.0,0.1,False,False,psp_energy_2026-04.pdf
Kerala,2026,4,April,monthly,3256.0,3250.0,6.0,0.2,False,False,psp_energy_2026-04.pdf
Tamil Nadu,2026,4,April,monthly,12849.0,12849.0,0.0,0.0,False,False,psp_energy_2026-04.pdf
Puducherry,2026,4,April,monthly,326.0,326.0,0.0,0.0,False,False,psp_energy_2026-04.pdf
Lakshadweep,2026,4,April,monthly,7.0,7.0,0.0,0.0,False,False,psp_energy_2026-04.pdf
Southern Region,2026,4,April,monthly,43717.0,43696.0,21.0,0.0,True,False,psp_energy_2026-04.pdf
Bihar,2026,4,April,monthly,4289.0,4288.0,1.0,0.0,False,False,psp_energy_2026-04.pdf
DVC,2026,4,April,monthly,2114.0,2114.0,0.0,0.0,False,False,psp_energy_2026-04.pdf
Jharkhand,2026,4,April,monthly,1388.0,1387.0,1.0,0.1,False,False,psp_energy_2026-04.pdf
Odisha,2026,4,April,monthly,4231.0,4231.0,0.0,0.0,False,False,psp_energy_2026-04.pdf
West Bengal,2026,4,April,monthly,6954.0,6953.0,1.0,0.0,False,False,psp_energy_2026-04.pdf
Sikkim,2026,4,April,monthly,49.0,49.0,0.0,0.0,False,False,psp_energy_2026-04.pdf
Andaman & Nicobar,2026,4,April,monthly,40.0,39.0,1.0,2.5,False,False,psp_energy_2026-04.pdf
Eastern Region,2026,4,April,monthly,19029.0,19028.0,1.0,0.0,True,False,psp_energy_2026-04.pdf
Arunachal Pradesh,2026,4,April,monthly,88.0,88.0,0.0,0.0,False,False,psp_energy_2026-04.pdf
Assam,2026,4,April,monthly,955.0,952.0,3.0,0.3,False,False,psp_energy_2026-04.pdf
Manipur,2026,4,April,monthly,94.0,94.0,0.0,0.0,False,False,psp_energy_2026-04.pdf
Meghalaya,2026,4,April,monthly,167.0,167.0,0.0,0.0,False,False,psp_energy_2026-04.pdf
Mizoram,2026,4,April,monthly,60.0,60.0,0.0,0.0,False,False,psp_energy_2026-04.pdf
Nagaland,2026,4,April,monthly,77.0,77.0,0.0,0.0,False,False,psp_energy_2026-04.pdf
Tripura,2026,4,April,monthly,156.0,156.0,0.0,0.0,False,False,psp_energy_2026-04.pdf
North-Eastern Region,2026,4,April,monthly,1597.0,1594.0,3.0,0.2,True,False,psp_energy_2026-04.pdf
All India,2026,4,April,monthly,152956.0,152743.0,213.0,0.1,False,True,psp_energy_2026-04.pdf
Chandigarh,2026,5,May,monthly,194.0,194.0,0.0,0.0,False,False,psp_energy_2026-05.pdf
Chandigarh,2026,5,May,cumulative_fy,332.0,332.0,0.0,0.0,False,False,psp_energy_2026-05.pdf
Delhi,2026,5,May,monthly,4215.0,4214.0,1.0,0.0,False,False,psp_energy_2026-05.pdf
Delhi,2026,5,May,cumulative_fy,7403.0,7401.0,2.0,0.0,False,False,psp_energy_2026-05.pdf
Haryana,2026,5,May,monthly,6964.0,6924.0,40.0,0.6,False,False,psp_energy_2026-05.pdf
Haryana,2026,5,May,cumulative_fy,12278.0,12216.0,63.0,0.5,False,False,psp_energy_2026-05.pdf
Himachal Pradesh,2026,5,May,monthly,1070.0,1068.0,2.0,0.2,False,False,psp_energy_2026-05.pdf
Himachal Pradesh,2026,5,May,cumulative_fy,1994.0,1988.0,5.0,0.3,False,False,psp_energy_2026-05.pdf
UT of J&K and Ladakh,2026,5,May,monthly,1637.0,1626.0,11.0,0.7,False,False,psp_energy_2026-05.pdf
UT of J&K and Ladakh,2026,5,May,cumulative_fy,3185.0,3170.0,15.0,0.5,False,False,psp_energy_2026-05.pdf
Punjab,2026,5,May,monthly,7134.0,7106.0,28.0,0.4,False,False,psp_energy_2026-05.pdf
Punjab,2026,5,May,cumulative_fy,12382.0,12246.0,137.0,1.1,False,False,psp_energy_2026-05.pdf
Rajasthan,2026,5,May,monthly,9930.0,9930.0,0.0,0.0,False,False,psp_energy_2026-05.pdf
Rajasthan,2026,5,May,cumulative_fy,17792.0,17792.0,0.0,0.0,False,False,psp_energy_2026-05.pdf
Uttar Pradesh,2026,5,May,monthly,16815.0,16808.0,7.0,0.0,False,False,psp_energy_2026-05.pdf
Uttar Pradesh,2026,5,May,cumulative_fy,30594.0,30584.0,10.0,0.0,False,False,psp_energy_2026-05.pdf
Uttarakhand,2026,5,May,monthly,1545.0,1544.0,1.0,0.1,False,False,psp_energy_2026-05.pdf
Uttarakhand,2026,5,May,cumulative_fy,2883.0,2854.0,29.0,1.0,False,False,psp_energy_2026-05.pdf
Northern Region,2026,5,May,monthly,49649.0,49557.0,92.0,0.2,True,False,psp_energy_2026-05.pdf
Northern Region,2026,5,May,cumulative_fy,89122.0,88863.0,260.0,0.3,True,False,psp_energy_2026-05.pdf
Chhattisgarh,2026,5,May,monthly,4045.0,4044.0,1.0,0.0,False,False,psp_energy_2026-05.pdf
Chhattisgarh,2026,5,May,cumulative_fy,8698.0,8686.0,12.0,0.1,False,False,psp_energy_2026-05.pdf
Gujarat,2026,5,May,monthly,15519.0,15482.0,37.0,0.2,False,False,psp_energy_2026-05.pdf
Gujarat,2026,5,May,cumulative_fy,29568.0,29531.0,37.0,0.1,False,False,psp_energy_2026-05.pdf
Madhya Pradesh,2026,5,May,monthly,9670.0,9643.0,27.0,0.3,False,False,psp_energy_2026-05.pdf
Madhya Pradesh,2026,5,May,cumulative_fy,18511.0,18484.0,27.0,0.1,False,False,psp_energy_2026-05.pdf
Maharashtra,2026,5,May,monthly,20235.0,20102.0,133.0,0.7,False,False,psp_energy_2026-05.pdf
Maharashtra,2026,5,May,cumulative_fy,39168.0,39025.0,143.0,0.4,False,False,psp_energy_2026-05.pdf
Dadra & Nagar Haveli and Daman & Diu,2026,5,May,monthly,892.0,892.0,0.0,0.0,False,False,psp_energy_2026-05.pdf
Dadra & Nagar Haveli and Daman & Diu,2026,5,May,cumulative_fy,1735.0,1735.0,0.0,0.0,False,False,psp_energy_2026-05.pdf
Goa,2026,5,May,monthly,535.0,535.0,0.0,0.0,False,False,psp_energy_2026-05.pdf
Goa,2026,5,May,cumulative_fy,1059.0,1059.0,0.0,0.0,False,False,psp_energy_2026-05.pdf
Western Region,2026,5,May,monthly,52228.0,52029.0,199.0,0.4,True,False,psp_energy_2026-05.pdf
Western Region,2026,5,May,cumulative_fy,101368.0,101149.0,219.0,0.2,True,False,psp_energy_2026-05.pdf
Andhra Pradesh,2026,5,May,monthly,8142.0,8142.0,0.0,0.0,False,False,psp_energy_2026-05.pdf
Andhra Pradesh,2026,5,May,cumulative_fy,16268.0,16267.0,1.0,0.0,False,False,psp_energy_2026-05.pdf
Telangana,2026,5,May,monthly,7320.0,7319.0,1.0,0.0,False,False,psp_energy_2026-05.pdf
Telangana,2026,5,May,cumulative_fy,16034.0,16033.0,1.0,0.0,False,False,psp_energy_2026-05.pdf
Karnataka,2026,5,May,monthly,9198.0,9198.0,0.0,0.0,False,False,psp_energy_2026-05.pdf
Karnataka,2026,5,May,cumulative_fy,19639.0,19625.0,14.0,0.1,False,False,psp_energy_2026-05.pdf
Kerala,2026,5,May,monthly,3023.0,3021.0,2.0,0.1,False,False,psp_energy_2026-05.pdf
Kerala,2026,5,May,cumulative_fy,6279.0,6271.0,8.0,0.1,False,False,psp_energy_2026-05.pdf
Tamil Nadu,2026,5,May,monthly,12411.0,12410.0,1.0,0.0,False,False,psp_energy_2026-05.pdf
Tamil Nadu,2026,5,May,cumulative_fy,25260.0,25259.0,1.0,0.0,False,False,psp_energy_2026-05.pdf
Puducherry,2026,5,May,monthly,335.0,335.0,0.0,0.0,False,False,psp_energy_2026-05.pdf
Puducherry,2026,5,May,cumulative_fy,662.0,662.0,0.0,0.0,False,False,psp_energy_2026-05.pdf
Lakshadweep,2026,5,May,monthly,7.0,7.0,0.0,0.0,False,False,psp_energy_2026-05.pdf
Lakshadweep,2026,5,May,cumulative_fy,14.0,14.0,0.0,0.0,False,False,psp_energy_2026-05.pdf
Southern Region,2026,5,May,monthly,40434.0,40430.0,4.0,0.0,True,False,psp_energy_2026-05.pdf
Southern Region,2026,5,May,cumulative_fy,84151.0,84125.0,26.0,0.0,True,False,psp_energy_2026-05.pdf
Bihar,2026,5,May,monthly,4523.0,4523.0,0.0,0.0,False,False,psp_energy_2026-05.pdf
Bihar,2026,5,May,cumulative_fy,8812.0,8811.0,0.0,0.0,False,False,psp_energy_2026-05.pdf
DVC,2026,5,May,monthly,2098.0,2098.0,0.0,0.0,False,False,psp_energy_2026-05.pdf
DVC,2026,5,May,cumulative_fy,4212.0,4212.0,0.0,0.0,False,False,psp_energy_2026-05.pdf
Jharkhand,2026,5,May,monthly,1494.0,1494.0,0.0,0.0,False,False,psp_energy_2026-05.pdf
Jharkhand,2026,5,May,cumulative_fy,2881.0,2881.0,0.0,0.0,False,False,psp_energy_2026-05.pdf
Odisha,2026,5,May,monthly,4390.0,4389.0,1.0,0.0,False,False,psp_energy_2026-05.pdf
Odisha,2026,5,May,cumulative_fy,8621.0,8620.0,0.0,0.0,False,False,psp_energy_2026-05.pdf
West Bengal,2026,5,May,monthly,7131.0,7129.0,2.0,0.0,False,False,psp_energy_2026-05.pdf
West Bengal,2026,5,May,cumulative_fy,14085.0,14083.0,2.0,0.0,False,False,psp_energy_2026-05.pdf
Sikkim,2026,5,May,monthly,43.0,43.0,0.0,0.0,False,False,psp_energy_2026-05.pdf
Sikkim,2026,5,May,cumulative_fy,92.0,92.0,0.0,0.0,False,False,psp_energy_2026-05.pdf
Andaman & Nicobar,2026,5,May,monthly,40.0,39.0,1.0,2.5,False,False,psp_energy_2026-05.pdf
Andaman & Nicobar,2026,5,May,cumulative_fy,80.0,79.0,2.0,2.2,False,False,psp_energy_2026-05.pdf
Eastern Region,2026,5,May,monthly,19686.0,19683.0,3.0,0.0,True,False,psp_energy_2026-05.pdf
Eastern Region,2026,5,May,cumulative_fy,38715.0,38712.0,3.0,0.0,True,False,psp_energy_2026-05.pdf
Arunachal Pradesh,2026,5,May,monthly,94.0,94.0,0.0,0.0,False,False,psp_energy_2026-05.pdf
Arunachal Pradesh,2026,5,May,cumulative_fy,181.0,181.0,0.0,0.0,False,False,psp_energy_2026-05.pdf
Assam,2026,5,May,monthly,1173.0,1170.0,3.0,0.3,False,False,psp_energy_2026-05.pdf
Assam,2026,5,May,cumulative_fy,2127.0,2122.0,5.0,0.2,False,False,psp_energy_2026-05.pdf
Manipur,2026,5,May,monthly,105.0,105.0,0.0,0.0,False,False,psp_energy_2026-05.pdf
Manipur,2026,5,May,cumulative_fy,199.0,199.0,0.0,0.0,False,False,psp_energy_2026-05.pdf
Meghalaya,2026,5,May,monthly,181.0,181.0,0.0,0.0,False,False,psp_energy_2026-05.pdf
Meghalaya,2026,5,May,cumulative_fy,349.0,349.0,0.0,0.0,False,False,psp_energy_2026-05.pdf
Mizoram,2026,5,May,monthly,62.0,62.0,0.0,0.0,False,False,psp_energy_2026-05.pdf
Mizoram,2026,5,May,cumulative_fy,123.0,123.0,0.0,0.0,False,False,psp_energy_2026-05.pdf
Nagaland,2026,5,May,monthly,90.0,90.0,0.0,0.0,False,False,psp_energy_2026-05.pdf
Nagaland,2026,5,May,cumulative_fy,167.0,167.0,0.0,0.0,False,False,psp_energy_2026-05.pdf
Tripura,2026,5,May,monthly,158.0,158.0,0.0,0.0,False,False,psp_energy_2026-05.pdf
Tripura,2026,5,May,cumulative_fy,314.0,314.0,0.0,0.1,False,False,psp_energy_2026-05.pdf
North-Eastern Region,2026,5,May,monthly,1864.0,1862.0,2.0,0.1,True,False,psp_energy_2026-05.pdf
North-Eastern Region,2026,5,May,cumulative_fy,3461.0,3455.0,5.0,0.2,True,False,psp_energy_2026-05.pdf
All India,2026,5,May,monthly,163861.0,163561.0,300.0,0.2,False,True,psp_energy_2026-05.pdf
All India,2026,5,May,cumulative_fy,316817.0,316304.0,513.0,0.2,False,True,psp_energy_2026-05.pdf
Chandigarh,2026,6,June,monthly,214.0,214.0,0.0,0.0,False,False,psp_energy_2026-06.pdf
Chandigarh,2026,6,June,cumulative_fy,546.0,546.0,0.0,0.0,False,False,psp_energy_2026-06.pdf
Delhi,2026,6,June,monthly,4341.0,4340.0,1.0,0.0,False,False,psp_energy_2026-06.pdf
Delhi,2026,6,June,cumulative_fy,11744.0,11741.0,3.0,0.0,False,False,psp_energy_2026-06.pdf
Haryana,2026,6,June,monthly,7698.0,7666.0,32.0,0.4,False,False,psp_energy_2026-06.pdf
Haryana,2026,6,June,cumulative_fy,19976.0,19882.0,95.0,0.5,False,False,psp_energy_2026-06.pdf
Himachal Pradesh,2026,6,June,monthly,1138.0,1136.0,2.0,0.2,False,False,psp_energy_2026-06.pdf
Himachal Pradesh,2026,6,June,cumulative_fy,3132.0,3124.0,8.0,0.2,False,False,psp_energy_2026-06.pdf
UT of J&K and Ladakh,2026,6,June,monthly,1584.0,1569.0,15.0,0.9,False,False,psp_energy_2026-06.pdf
UT of J&K and Ladakh,2026,6,June,cumulative_fy,4769.0,4739.0,30.0,0.6,False,False,psp_energy_2026-06.pdf
Punjab,2026,6,June,monthly,9086.0,9044.0,42.0,0.5,False,False,psp_energy_2026-06.pdf
Punjab,2026,6,June,cumulative_fy,21468.0,21290.0,178.0,0.8,False,False,psp_energy_2026-06.pdf
Rajasthan,2026,6,June,monthly,9554.0,9554.0,0.0,0.0,False,False,psp_energy_2026-06.pdf
Rajasthan,2026,6,June,cumulative_fy,27346.0,27346.0,0.0,0.0,False,False,psp_energy_2026-06.pdf
Uttar Pradesh,2026,6,June,monthly,18842.0,18842.0,0.0,0.0,False,False,psp_energy_2026-06.pdf
Uttar Pradesh,2026,6,June,cumulative_fy,49436.0,49426.0,10.0,0.0,False,False,psp_energy_2026-06.pdf
Uttarakhand,2026,6,June,monthly,1685.0,1681.0,4.0,0.2,False,False,psp_energy_2026-06.pdf
Uttarakhand,2026,6,June,cumulative_fy,4568.0,4535.0,33.0,0.7,False,False,psp_energy_2026-06.pdf
Northern Region,2026,6,June,monthly,54336.0,54240.0,96.0,0.2,True,False,psp_energy_2026-06.pdf
Northern Region,2026,6,June,cumulative_fy,143459.0,143103.0,356.0,0.2,True,False,psp_energy_2026-06.pdf
Chhattisgarh,2026,6,June,monthly,3854.0,3850.0,4.0,0.1,False,False,psp_energy_2026-06.pdf
Chhattisgarh,2026,6,June,cumulative_fy,12552.0,12536.0,16.0,0.1,False,False,psp_energy_2026-06.pdf
Gujarat,2026,6,June,monthly,16225.0,16204.0,21.0,0.1,False,False,psp_energy_2026-06.pdf
Gujarat,2026,6,June,cumulative_fy,45792.0,45735.0,57.0,0.1,False,False,psp_energy_2026-06.pdf
Madhya Pradesh,2026,6,June,monthly,8429.0,8419.0,10.0,0.1,False,False,psp_energy_2026-06.pdf
Madhya Pradesh,2026,6,June,cumulative_fy,26940.0,26903.0,37.0,0.1,False,False,psp_energy_2026-06.pdf
Maharashtra,2026,6,June,monthly,18552.0,18531.0,21.0,0.1,False,False,psp_energy_2026-06.pdf
Maharashtra,2026,6,June,cumulative_fy,57721.0,57556.0,164.0,0.3,False,False,psp_energy_2026-06.pdf
Dadra & Nagar Haveli and Daman & Diu,2026,6,June,monthly,951.0,951.0,0.0,0.0,False,False,psp_energy_2026-06.pdf
Dadra & Nagar Haveli and Daman & Diu,2026,6,June,cumulative_fy,2685.0,2685.0,0.0,0.0,False,False,psp_energy_2026-06.pdf
Goa,2026,6,June,monthly,487.0,487.0,0.0,0.0,False,False,psp_energy_2026-06.pdf
Goa,2026,6,June,cumulative_fy,1547.0,1547.0,0.0,0.0,False,False,psp_energy_2026-06.pdf
Western Region,2026,6,June,monthly,49806.0,49751.0,55.0,0.1,True,False,psp_energy_2026-06.pdf
Western Region,2026,6,June,cumulative_fy,151174.0,150900.0,274.0,0.2,True,False,psp_energy_2026-06.pdf
Andhra Pradesh,2026,6,June,monthly,7628.0,7625.0,3.0,0.0,False,False,psp_energy_2026-06.pdf
Andhra Pradesh,2026,6,June,cumulative_fy,23896.0,23893.0,3.0,0.0,False,False,psp_energy_2026-06.pdf
Telangana,2026,6,June,monthly,7001.0,6998.0,3.0,0.0,False,False,psp_energy_2026-06.pdf
Telangana,2026,6,June,cumulative_fy,23034.0,23030.0,4.0,0.0,False,False,psp_energy_2026-06.pdf
Karnataka,2026,6,June,monthly,8225.0,8222.0,3.0,0.0,False,False,psp_energy_2026-06.pdf
Karnataka,2026,6,June,cumulative_fy,27865.0,27847.0,17.0,0.1,False,False,psp_energy_2026-06.pdf
Kerala,2026,6,June,monthly,2648.0,2639.0,9.0,0.3,False,False,psp_energy_2026-06.pdf
Kerala,2026,6,June,cumulative_fy,8927.0,8910.0,17.0,0.2,False,False,psp_energy_2026-06.pdf
Tamil Nadu,2026,6,June,monthly,12340.0,12336.0,4.0,0.0,False,False,psp_energy_2026-06.pdf
Tamil Nadu,2026,6,June,cumulative_fy,37600.0,37595.0,5.0,0.0,False,False,psp_energy_2026-06.pdf
Puducherry,2026,6,June,monthly,341.0,341.0,0.0,0.0,False,False,psp_energy_2026-06.pdf
Puducherry,2026,6,June,cumulative_fy,1003.0,1003.0,0.0,0.0,False,False,psp_energy_2026-06.pdf
Lakshadweep,2026,6,June,monthly,6.0,6.0,0.0,0.0,False,False,psp_energy_2026-06.pdf
Lakshadweep,2026,6,June,cumulative_fy,20.0,20.0,0.0,0.0,False,False,psp_energy_2026-06.pdf
Southern Region,2026,6,June,monthly,38186.0,38166.0,20.0,0.1,True,False,psp_energy_2026-06.pdf
Southern Region,2026,6,June,cumulative_fy,122338.0,122291.0,47.0,0.0,True,False,psp_energy_2026-06.pdf
Bihar,2026,6,June,monthly,5372.0,5371.0,1.0,0.0,False,False,psp_energy_2026-06.pdf
Bihar,2026,6,June,cumulative_fy,14184.0,14182.0,2.0,0.0,False,False,psp_energy_2026-06.pdf
DVC,2026,6,June,monthly,2149.0,2148.0,1.0,0.0,False,False,psp_energy_2026-06.pdf
DVC,2026,6,June,cumulative_fy,6361.0,6360.0,1.0,0.0,False,False,psp_energy_2026-06.pdf
Jharkhand,2026,6,June,monthly,1575.0,1575.0,0.0,0.0,False,False,psp_energy_2026-06.pdf
Jharkhand,2026,6,June,cumulative_fy,4457.0,4456.0,1.0,0.0,False,False,psp_energy_2026-06.pdf
Odisha,2026,6,June,monthly,4240.0,4239.0,1.0,0.0,False,False,psp_energy_2026-06.pdf
Odisha,2026,6,June,cumulative_fy,12861.0,12860.0,1.0,0.0,False,False,psp_energy_2026-06.pdf
West Bengal,2026,6,June,monthly,7454.0,7452.0,2.0,0.0,False,False,psp_energy_2026-06.pdf
West Bengal,2026,6,June,cumulative_fy,21538.0,21534.0,4.0,0.0,False,False,psp_energy_2026-06.pdf
Sikkim,2026,6,June,monthly,42.0,42.0,0.0,0.0,False,False,psp_energy_2026-06.pdf
Sikkim,2026,6,June,cumulative_fy,134.0,134.0,0.0,0.0,False,False,psp_energy_2026-06.pdf
Andaman & Nicobar,2026,6,June,monthly,36.0,36.0,0.0,0.0,False,False,psp_energy_2026-06.pdf
Andaman & Nicobar,2026,6,June,cumulative_fy,116.0,114.0,2.0,1.6,False,False,psp_energy_2026-06.pdf
Eastern Region,2026,6,June,monthly,20839.0,20834.0,5.0,0.0,True,False,psp_energy_2026-06.pdf
Eastern Region,2026,6,June,cumulative_fy,59554.0,59545.0,9.0,0.0,True,False,psp_energy_2026-06.pdf
Arunachal Pradesh,2026,6,June,monthly,102.0,102.0,0.0,0.0,False,False,psp_energy_2026-06.pdf
Arunachal Pradesh,2026,6,June,cumulative_fy,283.0,283.0,0.0,0.0,False,False,psp_energy_2026-06.pdf
Assam,2026,6,June,monthly,1415.0,1410.0,5.0,0.4,False,False,psp_energy_2026-06.pdf
Assam,2026,6,June,cumulative_fy,3542.0,3533.0,10.0,0.3,False,False,psp_energy_2026-06.pdf
Manipur,2026,6,June,monthly,103.0,103.0,0.0,0.0,False,False,psp_energy_2026-06.pdf
Manipur,2026,6,June,cumulative_fy,301.0,301.0,0.0,0.0,False,False,psp_energy_2026-06.pdf
Meghalaya,2026,6,June,monthly,183.0,183.0,0.0,0.0,False,False,psp_energy_2026-06.pdf
Meghalaya,2026,6,June,cumulative_fy,532.0,532.0,0.0,0.0,False,False,psp_energy_2026-06.pdf
Mizoram,2026,6,June,monthly,61.0,61.0,0.0,0.0,False,False,psp_energy_2026-06.pdf
Mizoram,2026,6,June,cumulative_fy,184.0,184.0,0.0,0.0,False,False,psp_energy_2026-06.pdf
Nagaland,2026,6,June,monthly,98.0,97.0,1.0,1.0,False,False,psp_energy_2026-06.pdf
Nagaland,2026,6,June,cumulative_fy,264.0,264.0,0.0,0.0,False,False,psp_energy_2026-06.pdf
Tripura,2026,6,June,monthly,177.0,177.0,0.0,0.0,False,False,psp_energy_2026-06.pdf
Tripura,2026,6,June,cumulative_fy,490.0,490.0,0.0,0.1,False,False,psp_energy_2026-06.pdf
North-Eastern Region,2026,6,June,monthly,2139.0,2134.0,5.0,0.2,True,False,psp_energy_2026-06.pdf
North-Eastern Region,2026,6,June,cumulative_fy,5600.0,5589.0,10.0,0.2,True,False,psp_energy_2026-06.pdf
All India,2026,6,June,monthly,165307.0,165125.0,182.0,0.1,False,True,psp_energy_2026-06.pdf
All India,2026,6,June,cumulative_fy,482124.0,481428.0,696.0,0.1,False,True,psp_energy_2026-06.pdf
Chandigarh,2026,7,July,monthly,229.0,229.0,0.0,0.0,False,False,psp_energy_2026-07.pdf
Chandigarh,2026,7,July,cumulative_fy,775.0,775.0,0.0,0.0,False,False,psp_energy_2026-07.pdf
Delhi,2026,7,July,monthly,4635.0,4634.0,1.0,0.0,False,False,psp_energy_2026-07.pdf
Delhi,2026,7,July,cumulative_fy,16379.0,16375.0,3.0,0.0,False,False,psp_energy_2026-07.pdf
Haryana,2026,7,July,monthly,9133.0,9079.0,54.0,0.6,False,False,psp_energy_2026-07.pdf
Haryana,2026,7,July,cumulative_fy,29110.0,28961.0,149.0,0.5,False,False,psp_energy_2026-07.pdf
Himachal Pradesh,2026,7,July,monthly,1135.0,1131.0,4.0,0.4,False,False,psp_energy_2026-07.pdf
Himachal Pradesh,2026,7,July,cumulative_fy,4266.0,4255.0,12.0,0.3,False,False,psp_energy_2026-07.pdf
UT of J&K and Ladakh,2026,7,July,monthly,1570.0,1562.0,8.0,0.5,False,False,psp_energy_2026-07.pdf
UT of J&K and Ladakh,2026,7,July,cumulative_fy,6339.0,6301.0,37.0,0.6,False,False,psp_energy_2026-07.pdf
Punjab,2026,7,July,monthly,10007.0,9940.0,67.0,0.7,False,False,psp_energy_2026-07.pdf
Punjab,2026,7,July,cumulative_fy,31475.0,31230.0,245.0,0.8,False,False,psp_energy_2026-07.pdf
Rajasthan,2026,7,July,monthly,10416.0,10416.0,0.0,0.0,False,False,psp_energy_2026-07.pdf
Rajasthan,2026,7,July,cumulative_fy,37763.0,37763.0,0.0,0.0,False,False,psp_energy_2026-07.pdf
Uttar Pradesh,2026,7,July,monthly,18752.0,18752.0,0.0,0.0,False,False,psp_energy_2026-07.pdf
Uttar Pradesh,2026,7,July,cumulative_fy,68188.0,68178.0,10.0,0.0,False,False,psp_energy_2026-07.pdf
Uttarakhand,2026,7,July,monthly,1664.0,1651.0,13.0,0.8,False,False,psp_energy_2026-07.pdf
Uttarakhand,2026,7,July,cumulative_fy,6231.0,6187.0,45.0,0.7,False,False,psp_energy_2026-07.pdf
Northern Region,2026,7,July,monthly,57758.0,57611.0,147.0,0.3,True,False,psp_energy_2026-07.pdf
Northern Region,2026,7,July,cumulative_fy,201216.0,200715.0,502.0,0.2,True,False,psp_energy_2026-07.pdf
Chhattisgarh,2026,7,July,monthly,3768.0,3766.0,2.0,0.1,False,False,psp_energy_2026-07.pdf
Chhattisgarh,2026,7,July,cumulative_fy,16320.0,16302.0,17.0,0.1,False,False,psp_energy_2026-07.pdf
Gujarat,2026,7,July,monthly,14415.0,14415.0,0.0,0.0,False,False,psp_energy_2026-07.pdf
Gujarat,2026,7,July,cumulative_fy,60207.0,60150.0,57.0,0.1,False,False,psp_energy_2026-07.pdf
Madhya Pradesh,2026,7,July,monthly,8501.0,8501.0,0.0,0.0,False,False,psp_energy_2026-07.pdf
Madhya Pradesh,2026,7,July,cumulative_fy,35441.0,35405.0,37.0,0.1,False,False,psp_energy_2026-07.pdf
Maharashtra,2026,7,July,monthly,16723.0,16716.0,7.0,0.0,False,False,psp_energy_2026-07.pdf
Maharashtra,2026,7,July,cumulative_fy,74444.0,74272.0,171.0,0.2,False,False,psp_energy_2026-07.pdf
Dadra & Nagar Haveli and Daman & Diu,2026,7,July,monthly,913.0,913.0,0.0,0.0,False,False,psp_energy_2026-07.pdf
Dadra & Nagar Haveli and Daman & Diu,2026,7,July,cumulative_fy,3598.0,3598.0,0.0,0.0,False,False,psp_energy_2026-07.pdf
Goa,2026,7,July,monthly,486.0,486.0,0.0,0.0,False,False,psp_energy_2026-07.pdf
Goa,2026,7,July,cumulative_fy,2033.0,2033.0,0.0,0.0,False,False,psp_energy_2026-07.pdf
Western Region,2026,7,July,monthly,46176.0,46168.0,8.0,0.0,True,False,psp_energy_2026-07.pdf
Western Region,2026,7,July,cumulative_fy,197350.0,197068.0,283.0,0.1,True,False,psp_energy_2026-07.pdf
Andhra Pradesh,2026,7,July,monthly,8134.0,8133.0,1.0,0.0,False,False,psp_energy_2026-07.pdf
Andhra Pradesh,2026,7,July,cumulative_fy,32030.0,32026.0,4.0,0.0,False,False,psp_energy_2026-07.pdf
Telangana,2026,7,July,monthly,8187.0,8186.0,1.0,0.0,False,False,psp_energy_2026-07.pdf
Telangana,2026,7,July,cumulative_fy,31222.0,31217.0,5.0,0.0,False,False,psp_energy_2026-07.pdf
Karnataka,2026,7,July,monthly,8867.0,8866.0,1.0,0.0,False,False,psp_energy_2026-07.pdf
Karnataka,2026,7,July,cumulative_fy,36732.0,36713.0,18.0,0.1,False,False,psp_energy_2026-07.pdf
Kerala,2026,7,July,monthly,2706.0,2693.0,13.0,0.5,False,False,psp_energy_2026-07.pdf
Kerala,2026,7,July,cumulative_fy,11633.0,11603.0,29.0,0.3,False,False,psp_energy_2026-07.pdf
Tamil Nadu,2026,7,July,monthly,13708.0,13707.0,1.0,0.0,False,False,psp_energy_2026-07.pdf
Tamil Nadu,2026,7,July,cumulative_fy,51308.0,51302.0,6.0,0.0,False,False,psp_energy_2026-07.pdf
Puducherry,2026,7,July,monthly,352.0,352.0,0.0,0.0,False,False,psp_energy_2026-07.pdf
Puducherry,2026,7,July,cumulative_fy,1355.0,1354.0,0.0,0.0,False,False,psp_energy_2026-07.pdf
Lakshadweep,2026,7,July,monthly,6.0,6.0,0.0,0.0,False,False,psp_energy_2026-07.pdf
Lakshadweep,2026,7,July,cumulative_fy,26.0,26.0,0.0,0.0,False,False,psp_energy_2026-07.pdf
Southern Region,2026,7,July,monthly,41957.0,41941.0,16.0,0.0,True,False,psp_energy_2026-07.pdf
Southern Region,2026,7,July,cumulative_fy,164295.0,164232.0,63.0,0.0,True,False,psp_energy_2026-07.pdf
Bihar,2026,7,July,monthly,5633.0,5631.0,2.0,0.0,False,False,psp_energy_2026-07.pdf
Bihar,2026,7,July,cumulative_fy,19816.0,19813.0,4.0,0.0,False,False,psp_energy_2026-07.pdf
DVC,2026,7,July,monthly,2150.0,2149.0,1.0,0.0,False,False,psp_energy_2026-07.pdf
DVC,2026,7,July,cumulative_fy,8511.0,8509.0,2.0,0.0,False,False,psp_energy_2026-07.pdf
Jharkhand,2026,7,July,monthly,1535.0,1535.0,0.0,0.0,False,False,psp_energy_2026-07.pdf
Jharkhand,2026,7,July,cumulative_fy,5992.0,5991.0,1.0,0.0,False,False,psp_energy_2026-07.pdf
Odisha,2026,7,July,monthly,4200.0,4198.0,2.0,0.0,False,False,psp_energy_2026-07.pdf
Odisha,2026,7,July,cumulative_fy,17061.0,17058.0,3.0,0.0,False,False,psp_energy_2026-07.pdf
West Bengal,2026,7,July,monthly,7264.0,7249.0,15.0,0.2,False,False,psp_energy_2026-07.pdf
West Bengal,2026,7,July,cumulative_fy,28802.0,28783.0,19.0,0.1,False,False,psp_energy_2026-07.pdf
Sikkim,2026,7,July,monthly,38.0,38.0,0.0,0.0,False,False,psp_energy_2026-07.pdf
Sikkim,2026,7,July,cumulative_fy,172.0,172.0,0.0,0.0,False,False,psp_energy_2026-07.pdf
Andaman & Nicobar,2026,7,July,monthly,36.0,36.0,0.0,0.0,False,False,psp_energy_2026-07.pdf
Andaman & Nicobar,2026,7,July,cumulative_fy,152.0,150.0,2.0,1.4,False,False,psp_energy_2026-07.pdf
Eastern Region,2026,7,July,monthly,20827.0,20807.0,20.0,0.1,True,False,psp_energy_2026-07.pdf
Eastern Region,2026,7,July,cumulative_fy,80381.0,80352.0,28.0,0.0,True,False,psp_energy_2026-07.pdf
Arunachal Pradesh,2026,7,July,monthly,116.0,116.0,0.0,0.0,False,False,psp_energy_2026-07.pdf
Arunachal Pradesh,2026,7,July,cumulative_fy,400.0,399.0,0.0,0.0,False,False,psp_energy_2026-07.pdf
Assam,2026,7,July,monthly,1494.0,1494.0,0.0,0.0,False,False,psp_energy_2026-07.pdf
Assam,2026,7,July,cumulative_fy,5036.0,5026.0,10.0,0.2,False,False,psp_energy_2026-07.pdf
Manipur,2026,7,July,monthly,110.0,110.0,0.0,0.0,False,False,psp_energy_2026-07.pdf
Manipur,2026,7,July,cumulative_fy,411.0,411.0,0.0,0.0,False,False,psp_energy_2026-07.pdf
Meghalaya,2026,7,July,monthly,186.0,186.0,0.0,0.0,False,False,psp_energy_2026-07.pdf
Meghalaya,2026,7,July,cumulative_fy,718.0,718.0,0.0,0.0,False,False,psp_energy_2026-07.pdf
Mizoram,2026,7,July,monthly,67.0,67.0,0.0,0.0,False,False,psp_energy_2026-07.pdf
Mizoram,2026,7,July,cumulative_fy,251.0,251.0,0.0,0.0,False,False,psp_energy_2026-07.pdf
Nagaland,2026,7,July,monthly,100.0,100.0,0.0,0.0,False,False,psp_energy_2026-07.pdf
Nagaland,2026,7,July,cumulative_fy,364.0,364.0,0.0,0.0,False,False,psp_energy_2026-07.pdf
Tripura,2026,7,July,monthly,178.0,178.0,0.0,0.0,False,False,psp_energy_2026-07.pdf
Tripura,2026,7,July,cumulative_fy,669.0,669.0,0.0,0.1,False,False,psp_energy_2026-07.pdf
North-Eastern Region,2026,7,July,monthly,2253.0,2252.0,1.0,0.0,True,False,psp_energy_2026-07.pdf
North-Eastern Region,2026,7,July,cumulative_fy,7853.0,7841.0,11.0,0.1,True,False,psp_energy_2026-07.pdf
All India,2026,7,July,monthly,168971.0,168779.0,192.0,0.1,False,True,psp_energy_2026-07.pdf
All India,2026,7,July,cumulative_fy,651095.0,650208.0,887.0,0.1,False,True,psp_energy_2026-07.pdf
